actual_start_mono,adapter_error,cadence_seconds,campaign,class,class_set,completed_mono,components,control,detail,evaluation_seconds,observed_utc,scheduled_mono,scheduler_lag_seconds,sequence,undecidable_components,verdict,window
2720746.174503541,,0.5,transition-20260808T051207Z,,,2720746.360290833,"{""authorization"":""consistent"",""configuration"":""consistent"",""environment"":""consistent"",""intent"":""consistent"",""policy"":""consistent""}",C1,,0.1857872917316854,2026-08-08T05:12:12.850384+00:00,2720746.172747133,0.0017564082518219948,1,,consistent,1
2720746.672908333,,0.5,transition-20260808T051207Z,,,2720746.916913708,"{""authorization"":""consistent"",""configuration"":""consistent"",""environment"":""consistent"",""intent"":""consistent"",""policy"":""consistent""}",C1,,0.24400537507608533,2026-08-08T05:12:13.407004+00:00,2720746.672747133,0.00016120029613375664,2,,consistent,1
2720747.174370458,,0.5,transition-20260808T051207Z,,,2720747.375594,"{""authorization"":""consistent"",""configuration"":""consistent"",""environment"":""consistent"",""intent"":""consistent"",""policy"":""consistent""}",C1,,0.20122354198247194,2026-08-08T05:12:13.865688+00:00,2720747.172747133,0.0016233250498771667,3,,consistent,1
2720747.673804166,,0.5,transition-20260808T051207Z,,,2720747.852665791,"{""authorization"":""consistent"",""configuration"":""consistent"",""environment"":""consistent"",""intent"":""consistent"",""policy"":""consistent""}",C1,,0.1788616250269115,2026-08-08T05:12:14.342763+00:00,2720747.672747133,0.0010570329613983631,4,,consistent,1
2720748.174635375,,0.5,transition-20260808T051207Z,,,2720748.366829,"{""authorization"":""consistent"",""configuration"":""consistent"",""environment"":""consistent"",""intent"":""consistent"",""policy"":""consistent""}",C1,,0.19219362502917647,2026-08-08T05:12:14.856929+00:00,2720748.172747133,0.0018882420845329762,5,,consistent,1
2720748.672984916,,0.5,transition-20260808T051207Z,,,2720748.849038458,"{""authorization"":""consistent"",""configuration"":""consistent"",""environment"":""consistent"",""intent"":""consistent"",""policy"":""consistent""}",C1,,0.1760535421781242,2026-08-08T05:12:15.339143+00:00,2720748.672747133,0.00023778295144438744,6,,consistent,1
2720749.174623916,,0.5,transition-20260808T051207Z,,,2720749.423347083,"{""authorization"":""consistent"",""configuration"":""consistent"",""environment"":""consistent"",""intent"":""consistent"",""policy"":""consistent""}",C1,,0.2487231669947505,2026-08-08T05:12:15.913459+00:00,2720749.172747133,0.0018767830915749073,7,,consistent,1
2720749.673123708,,0.5,transition-20260808T051207Z,,,2720749.855365,"{""authorization"":""consistent"",""configuration"":""consistent"",""environment"":""consistent"",""intent"":""consistent"",""policy"":""consistent""}",C1,,0.18224129220470786,2026-08-08T05:12:16.345476+00:00,2720749.672747133,0.00037657516077160835,8,,consistent,1
2720750.174103833,,0.5,transition-20260808T051207Z,,,2720750.348322291,"{""authorization"":""consistent"",""configuration"":""consistent"",""environment"":""consistent"",""intent"":""consistent"",""policy"":""consistent""}",C1,,0.17421845812350512,2026-08-08T05:12:16.838437+00:00,2720750.172747133,0.0013566999696195126,9,,consistent,1
2720750.674738416,,0.5,transition-20260808T051207Z,,,2720750.881792458,"{""authorization"":""consistent"",""configuration"":""consistent"",""environment"":""consistent"",""intent"":""consistent"",""policy"":""consistent""}",C1,,0.20705404179170728,2026-08-08T05:12:17.371912+00:00,2720750.672747133,0.0019912831485271454,10,,consistent,1
2720751.174640375,,0.5,transition-20260808T051207Z,,,2720751.383530333,"{""authorization"":""consistent"",""configuration"":""consistent"",""environment"":""consistent"",""intent"":""consistent"",""policy"":""consistent""}",C1,,0.20888995798304677,2026-08-08T05:12:17.873696+00:00,2720751.172747133,0.0018932423554360867,11,,consistent,1
2720751.677794541,,0.5,transition-20260808T051207Z,,,2720751.934197625,"{""authorization"":""consistent"",""configuration"":""consistent"",""environment"":""consistent"",""intent"":""consistent"",""policy"":""consistent""}",C1,,0.25640308391302824,2026-08-08T05:12:18.424324+00:00,2720751.672747133,0.005047408398240805,12,,consistent,1
2720752.173069416,,0.5,transition-20260808T051207Z,,,2720752.386244,"{""authorization"":""consistent"",""configuration"":""consistent"",""environment"":""consistent"",""intent"":""consistent"",""policy"":""consistent""}",C1,,0.2131745838560164,2026-08-08T05:12:18.876374+00:00,2720752.172747133,0.0003222832456231117,13,,consistent,1
2720752.673079625,,0.5,transition-20260808T051207Z,,,2720752.915765291,"{""authorization"":""consistent"",""configuration"":""consistent"",""environment"":""consistent"",""intent"":""consistent"",""policy"":""consistent""}",C1,,0.24268566630780697,2026-08-08T05:12:19.405902+00:00,2720752.672747133,0.0003324919380247593,14,,consistent,1
2720753.174913,,0.5,transition-20260808T051207Z,,,2720753.348482208,"{""authorization"":""consistent"",""configuration"":""consistent"",""environment"":""consistent"",""intent"":""consistent"",""policy"":""consistent""}",C1,,0.17356920801103115,2026-08-08T05:12:19.838618+00:00,2720753.172747133,0.0021658670157194138,15,,consistent,1
2720753.673375666,,0.5,transition-20260808T051207Z,,,2720753.842272333,"{""authorization"":""consistent"",""configuration"":""consistent"",""environment"":""consistent"",""intent"":""consistent"",""policy"":""consistent""}",C1,,0.1688966667279601,2026-08-08T05:12:20.332409+00:00,2720753.672747133,0.0006285333074629307,16,,consistent,1
2720754.174473083,,0.5,transition-20260808T051207Z,,,2720754.575393916,"{""authorization"":""consistent"",""configuration"":""consistent"",""environment"":""consistent"",""intent"":""consistent"",""policy"":""consistent""}",C1,,0.4009208329953253,2026-08-08T05:12:21.065540+00:00,2720754.172747133,0.0017259502783417702,17,,consistent,1
2720754.672829958,,0.5,transition-20260808T051207Z,,,2720754.909146458,"{""authorization"":""consistent"",""configuration"":""consistent"",""environment"":""consistent"",""intent"":""consistent"",""policy"":""consistent""}",C1,,0.23631649976596236,2026-08-08T05:12:21.399291+00:00,2720754.672747133,8.282531052827835e-05,18,,consistent,1
2720755.177380666,,0.5,transition-20260808T051207Z,,,2720755.383510333,"{""authorization"":""consistent"",""configuration"":""consistent"",""environment"":""consistent"",""intent"":""consistent"",""policy"":""consistent""}",C1,,0.20612966688349843,2026-08-08T05:12:21.873661+00:00,2720755.172747133,0.004633533302694559,19,,consistent,1
2720755.677650958,,0.5,transition-20260808T051207Z,,,2720755.862174291,"{""authorization"":""consistent"",""configuration"":""consistent"",""environment"":""consistent"",""intent"":""consistent"",""policy"":""consistent""}",C1,,0.18452333332970738,2026-08-08T05:12:22.352330+00:00,2720755.672747133,0.004903824999928474,20,,consistent,1
2720756.173233583,,0.5,transition-20260808T051207Z,,,2720756.371513791,"{""authorization"":""consistent"",""configuration"":""consistent"",""environment"":""consistent"",""intent"":""consistent"",""policy"":""consistent""}",C1,,0.1982802078127861,2026-08-08T05:12:22.861669+00:00,2720756.172747133,0.00048645026981830597,21,,consistent,1
2720756.675921583,,0.5,transition-20260808T051207Z,,,2720756.848950875,"{""authorization"":""consistent"",""configuration"":""consistent"",""environment"":""consistent"",""intent"":""consistent"",""policy"":""consistent""}",C1,,0.17302929190918803,2026-08-08T05:12:23.339112+00:00,2720756.672747133,0.003174450248479843,22,,consistent,1
2720757.174929541,,0.5,transition-20260808T051207Z,,,2720757.409293541,"{""authorization"":""consistent"",""configuration"":""consistent"",""environment"":""consistent"",""intent"":""consistent"",""policy"":""consistent""}",C1,,0.23436400014907122,2026-08-08T05:12:23.899463+00:00,2720757.172747133,0.0021824082359671593,23,,consistent,1
2720757.673467458,,0.5,transition-20260808T051207Z,,,2720757.857588666,"{""authorization"":""consistent"",""configuration"":""consistent"",""environment"":""consistent"",""intent"":""consistent"",""policy"":""consistent""}",C1,,0.1841212077997625,2026-08-08T05:12:24.347757+00:00,2720757.672747133,0.0007203253917396069,24,,consistent,1
2720747.506892291,,2.0,transition-20260808T051207Z,,,2720747.711147291,"{""authorization"":""consistent"",""configuration"":""consistent"",""environment"":""consistent"",""intent"":""consistent"",""policy"":""consistent""}",C1,,0.20425500022247434,2026-08-08T05:12:14.201260+00:00,2720747.5042714104,0.0026208804920315742,1,,consistent,1
2720749.504507625,,2.0,transition-20260808T051207Z,,,2720749.6965635,"{""authorization"":""consistent"",""configuration"":""consistent"",""environment"":""consistent"",""intent"":""consistent"",""policy"":""consistent""}",C1,,0.19205587496981025,2026-08-08T05:12:16.186673+00:00,2720749.5042714104,0.00023621460422873497,2,,consistent,1
2720751.506262375,,2.0,transition-20260808T051207Z,,,2720751.716230416,"{""authorization"":""consistent"",""configuration"":""consistent"",""environment"":""consistent"",""intent"":""consistent"",""policy"":""consistent""}",C1,,0.20996804116293788,2026-08-08T05:12:18.206353+00:00,2720751.5042714104,0.001990964636206627,3,,consistent,1
2720753.508947958,,2.0,transition-20260808T051207Z,,,2720753.703940625,"{""authorization"":""consistent"",""configuration"":""consistent"",""environment"":""consistent"",""intent"":""consistent"",""policy"":""consistent""}",C1,,0.1949926670640707,2026-08-08T05:12:20.194086+00:00,2720753.5042714104,0.00467654736712575,4,,consistent,1
2720755.5053935,,2.0,transition-20260808T051207Z,,,2720755.696147166,"{""authorization"":""consistent"",""configuration"":""consistent"",""environment"":""consistent"",""intent"":""consistent"",""policy"":""consistent""}",C1,,0.1907536662183702,2026-08-08T05:12:22.186298+00:00,2720755.5042714104,0.0011220895685255527,5,,consistent,1
2720757.505582083,,2.0,transition-20260808T051207Z,,,2720757.69464775,"{""authorization"":""consistent"",""configuration"":""consistent"",""environment"":""consistent"",""intent"":""consistent"",""policy"":""consistent""}",C1,,0.18906566686928272,2026-08-08T05:12:24.184813+00:00,2720757.5042714104,0.0013106726109981537,6,,consistent,1
2720745.872783541,,10.0,transition-20260808T051207Z,,,2720746.057340333,"{""authorization"":""consistent"",""configuration"":""consistent"",""environment"":""consistent"",""intent"":""consistent"",""policy"":""consistent""}",C1,,0.18455679155886173,2026-08-08T05:12:12.547435+00:00,2720745.8721279404,0.0006556008011102676,1,,consistent,1
2720755.87717575,,10.0,transition-20260808T051207Z,,,2720756.070385333,"{""authorization"":""consistent"",""configuration"":""consistent"",""environment"":""consistent"",""intent"":""consistent"",""policy"":""consistent""}",C1,,0.193209582939744,2026-08-08T05:12:22.560554+00:00,2720755.8721279404,0.005047809798270464,2,,consistent,1
2720764.023110083,,0.5,transition-20260808T051207Z,configuration,configuration,2720764.285052541,"{""authorization"":""consistent"",""configuration"":""inconsistent"",""environment"":""consistent"",""intent"":""consistent"",""policy"":""consistent""}",C2,managed deployment projection differs from Git,0.2619424583390355,2026-08-08T05:12:30.775275+00:00,2720764.019126835,0.003983248025178909,1,,drift,2
2720764.522886083,,0.5,transition-20260808T051207Z,evidence,evidence,2720764.773434,"{""authorization"":""undecidable"",""configuration"":""consistent"",""environment"":""consistent"",""intent"":""consistent"",""policy"":""consistent""}",C2,artifact lineage unavailable: an active pod lacks a complete ready-container digest set,0.25054791709408164,2026-08-08T05:12:31.263657+00:00,2720764.519126835,0.0037592481821775436,2,authorization,undecidable,2
2720765.022652458,,0.5,transition-20260808T051207Z,evidence,evidence,2720765.343479333,"{""authorization"":""undecidable"",""configuration"":""consistent"",""environment"":""consistent"",""intent"":""consistent"",""policy"":""consistent""}",C2,artifact lineage unavailable: an active pod lacks a complete ready-container digest set,0.3208268750458956,2026-08-08T05:12:31.833697+00:00,2720765.019126835,0.003525623120367527,3,authorization,undecidable,2
2720765.5206165,,0.5,transition-20260808T051207Z,evidence,evidence,2720765.693106416,"{""authorization"":""undecidable"",""configuration"":""consistent"",""environment"":""consistent"",""intent"":""consistent"",""policy"":""consistent""}",C2,artifact lineage unavailable: an active pod lacks a complete ready-container digest set,0.1724899159744382,2026-08-08T05:12:32.183326+00:00,2720765.519126835,0.0014896653592586517,4,authorization,undecidable,2
2720766.019468208,,0.5,transition-20260808T051207Z,,,2720766.238122291,"{""authorization"":""consistent"",""configuration"":""consistent"",""environment"":""consistent"",""intent"":""consistent"",""policy"":""consistent""}",C2,,0.21865408308804035,2026-08-08T05:12:32.728347+00:00,2720766.019126835,0.0003413730300962925,5,,consistent,2
2720766.520674291,,0.5,transition-20260808T051207Z,,,2720766.698602083,"{""authorization"":""consistent"",""configuration"":""consistent"",""environment"":""consistent"",""intent"":""consistent"",""policy"":""consistent""}",C2,,0.17792779207229614,2026-08-08T05:12:33.188828+00:00,2720766.519126835,0.0015474562533199787,6,,consistent,2
2720767.022221041,,0.5,transition-20260808T051207Z,,,2720767.236666125,"{""authorization"":""consistent"",""configuration"":""consistent"",""environment"":""consistent"",""intent"":""consistent"",""policy"":""consistent""}",C2,,0.2144450838677585,2026-08-08T05:12:33.726903+00:00,2720767.019126835,0.0030942060984671116,7,,consistent,2
2720767.520273458,,0.5,transition-20260808T051207Z,,,2720767.706294625,"{""authorization"":""consistent"",""configuration"":""consistent"",""environment"":""consistent"",""intent"":""consistent"",""policy"":""consistent""}",C2,,0.1860211668536067,2026-08-08T05:12:34.196534+00:00,2720767.519126835,0.0011466233991086483,8,,consistent,2
2720768.023505916,,0.5,transition-20260808T051207Z,,,2720768.243181125,"{""authorization"":""consistent"",""configuration"":""consistent"",""environment"":""consistent"",""intent"":""consistent"",""policy"":""consistent""}",C2,,0.21967520890757442,2026-08-08T05:12:34.733424+00:00,2720768.019126835,0.0043790810741484165,9,,consistent,2
2720768.52419325,,0.5,transition-20260808T051207Z,,,2720768.714979791,"{""authorization"":""consistent"",""configuration"":""consistent"",""environment"":""consistent"",""intent"":""consistent"",""policy"":""consistent""}",C2,,0.19078654097393155,2026-08-08T05:12:35.205225+00:00,2720768.519126835,0.005066415295004845,10,,consistent,2
2720769.019631791,,0.5,transition-20260808T051207Z,,,2720769.349012458,"{""authorization"":""consistent"",""configuration"":""consistent"",""environment"":""consistent"",""intent"":""consistent"",""policy"":""consistent""}",C2,,0.3293806673027575,2026-08-08T05:12:35.839260+00:00,2720769.019126835,0.0005049561150372028,11,,consistent,2
2720769.521619375,,0.5,transition-20260808T051207Z,,,2720769.687875416,"{""authorization"":""consistent"",""configuration"":""consistent"",""environment"":""consistent"",""intent"":""consistent"",""policy"":""consistent""}",C2,,0.1662560412660241,2026-08-08T05:12:36.178123+00:00,2720769.519126835,0.0024925400502979755,12,,consistent,2
2720770.020745875,,0.5,transition-20260808T051207Z,,,2720770.222448125,"{""authorization"":""consistent"",""configuration"":""consistent"",""environment"":""consistent"",""intent"":""consistent"",""policy"":""consistent""}",C2,,0.20170225016772747,2026-08-08T05:12:36.712703+00:00,2720770.019126835,0.001619040034711361,13,,consistent,2
2720770.52420625,,0.5,transition-20260808T051207Z,,,2720770.743676833,"{""authorization"":""consistent"",""configuration"":""consistent"",""environment"":""consistent"",""intent"":""consistent"",""policy"":""consistent""}",C2,,0.2194705829024315,2026-08-08T05:12:37.233946+00:00,2720770.519126835,0.005079415161162615,14,,consistent,2
2720771.024167541,,0.5,transition-20260808T051207Z,,,2720771.218877333,"{""authorization"":""consistent"",""configuration"":""consistent"",""environment"":""consistent"",""intent"":""consistent"",""policy"":""consistent""}",C2,,0.19470979226753116,2026-08-08T05:12:37.709136+00:00,2720771.019126835,0.005040706135332584,15,,consistent,2
2720771.522910875,,0.5,transition-20260808T051207Z,,,2720771.726890458,"{""authorization"":""consistent"",""configuration"":""consistent"",""environment"":""consistent"",""intent"":""consistent"",""policy"":""consistent""}",C2,,0.20397958299145103,2026-08-08T05:12:38.217158+00:00,2720771.519126835,0.0037840399891138077,16,,consistent,2
2720772.024192,,0.5,transition-20260808T051207Z,,,2720772.239615583,"{""authorization"":""consistent"",""configuration"":""consistent"",""environment"":""consistent"",""intent"":""consistent"",""policy"":""consistent""}",C2,,0.21542358305305243,2026-08-08T05:12:38.729883+00:00,2720772.019126835,0.005065164994448423,17,,consistent,2
2720772.524192875,,0.5,transition-20260808T051207Z,,,2720772.741619416,"{""authorization"":""consistent"",""configuration"":""consistent"",""environment"":""consistent"",""intent"":""consistent"",""policy"":""consistent""}",C2,,0.21742654126137495,2026-08-08T05:12:39.231892+00:00,2720772.519126835,0.005066039972007275,18,,consistent,2
2720773.019334416,,0.5,transition-20260808T051207Z,,,2720773.257655333,"{""authorization"":""consistent"",""configuration"":""consistent"",""environment"":""consistent"",""intent"":""consistent"",""policy"":""consistent""}",C2,,0.23832091689109802,2026-08-08T05:12:39.747929+00:00,2720773.019126835,0.00020758109167218208,19,,consistent,2
2720773.524217791,,0.5,transition-20260808T051207Z,,,2720773.728107458,"{""authorization"":""consistent"",""configuration"":""consistent"",""environment"":""consistent"",""intent"":""consistent"",""policy"":""consistent""}",C2,,0.2038896670565009,2026-08-08T05:12:40.218390+00:00,2720773.519126835,0.00509095611050725,20,,consistent,2
2720774.024222375,,0.5,transition-20260808T051207Z,,,2720774.253554791,"{""authorization"":""consistent"",""configuration"":""consistent"",""environment"":""consistent"",""intent"":""consistent"",""policy"":""consistent""}",C2,,0.229332416318357,2026-08-08T05:12:40.743835+00:00,2720774.019126835,0.005095540080219507,21,,consistent,2
2720774.524347666,,0.5,transition-20260808T051207Z,,,2720774.752252375,"{""authorization"":""consistent"",""configuration"":""consistent"",""environment"":""consistent"",""intent"":""consistent"",""policy"":""consistent""}",C2,,0.2279047085903585,2026-08-08T05:12:41.242537+00:00,2720774.519126835,0.005220831371843815,22,,consistent,2
2720775.020428791,,0.5,transition-20260808T051207Z,,,2720775.2022205,"{""authorization"":""consistent"",""configuration"":""consistent"",""environment"":""consistent"",""intent"":""consistent"",""policy"":""consistent""}",C2,,0.181791708804667,2026-08-08T05:12:41.692506+00:00,2720775.019126835,0.0013019563630223274,23,,consistent,2
2720775.520842625,,0.5,transition-20260808T051207Z,,,2720775.706696333,"{""authorization"":""consistent"",""configuration"":""consistent"",""environment"":""consistent"",""intent"":""consistent"",""policy"":""consistent""}",C2,,0.18585370806977153,2026-08-08T05:12:42.196991+00:00,2720775.519126835,0.0017157900147140026,24,,consistent,2
2720776.019584208,,0.5,transition-20260808T051207Z,,,2720776.221097375,"{""authorization"":""consistent"",""configuration"":""consistent"",""environment"":""consistent"",""intent"":""consistent"",""policy"":""consistent""}",C2,,0.2015131670050323,2026-08-08T05:12:42.711393+00:00,2720776.019126835,0.0004573729820549488,25,,consistent,2
2720776.5208215,,0.5,transition-20260808T051207Z,,,2720776.706598833,"{""authorization"":""consistent"",""configuration"":""consistent"",""environment"":""consistent"",""intent"":""consistent"",""policy"":""consistent""}",C2,,0.18577733309939504,2026-08-08T05:12:43.196899+00:00,2720776.519126835,0.001694665290415287,26,,consistent,2
2720777.019638666,,0.5,transition-20260808T051207Z,,,2720777.331740375,"{""authorization"":""consistent"",""configuration"":""consistent"",""environment"":""consistent"",""intent"":""consistent"",""policy"":""consistent""}",C2,,0.3121017091907561,2026-08-08T05:12:43.822044+00:00,2720777.019126835,0.0005118311382830143,27,,consistent,2
2720777.52416775,,0.5,transition-20260808T051207Z,,,2720777.71799475,"{""authorization"":""consistent"",""configuration"":""consistent"",""environment"":""consistent"",""intent"":""consistent"",""policy"":""consistent""}",C2,,0.19382699998095632,2026-08-08T05:12:44.208298+00:00,2720777.519126835,0.0050409152172505856,28,,consistent,2
2720778.024218375,,0.5,transition-20260808T051207Z,,,2720778.215706041,"{""authorization"":""consistent"",""configuration"":""consistent"",""environment"":""consistent"",""intent"":""consistent"",""policy"":""consistent""}",C2,,0.19148766621947289,2026-08-08T05:12:44.706014+00:00,2720778.019126835,0.005091540049761534,29,,consistent,2
2720778.523059291,,0.5,transition-20260808T051207Z,,,2720778.779188125,"{""authorization"":""consistent"",""configuration"":""consistent"",""environment"":""consistent"",""intent"":""consistent"",""policy"":""consistent""}",C2,,0.2561288340948522,2026-08-08T05:12:45.269499+00:00,2720778.519126835,0.003932456020265818,30,,consistent,2
2720779.020062041,,0.5,transition-20260808T051207Z,,,2720779.214194416,"{""authorization"":""consistent"",""configuration"":""consistent"",""environment"":""consistent"",""intent"":""consistent"",""policy"":""consistent""}",C2,,0.19413237506523728,2026-08-08T05:12:45.704511+00:00,2720779.019126835,0.0009352061897516251,31,,consistent,2
2720779.521656708,,0.5,transition-20260808T051207Z,,,2720779.719996,"{""authorization"":""consistent"",""configuration"":""consistent"",""environment"":""consistent"",""intent"":""consistent"",""policy"":""consistent""}",C2,,0.19833929231390357,2026-08-08T05:12:46.210318+00:00,2720779.519126835,0.0025298730470240116,32,,consistent,2
2720780.021325125,,0.5,transition-20260808T051207Z,,,2720780.266008083,"{""authorization"":""consistent"",""configuration"":""consistent"",""environment"":""consistent"",""intent"":""consistent"",""policy"":""consistent""}",C2,,0.24468295788392425,2026-08-08T05:12:46.756330+00:00,2720780.019126835,0.002198290079832077,33,,consistent,2
2720780.519964708,,0.5,transition-20260808T051207Z,,,2720780.713488666,"{""authorization"":""consistent"",""configuration"":""consistent"",""environment"":""consistent"",""intent"":""consistent"",""policy"":""consistent""}",C2,,0.19352395785972476,2026-08-08T05:12:47.203814+00:00,2720780.519126835,0.0008378732018172741,34,,consistent,2
2720781.02419675,,0.5,transition-20260808T051207Z,,,2720781.222598,"{""authorization"":""consistent"",""configuration"":""consistent"",""environment"":""consistent"",""intent"":""consistent"",""policy"":""consistent""}",C2,,0.19840124994516373,2026-08-08T05:12:47.712925+00:00,2720781.019126835,0.00506991520524025,35,,consistent,2
2720781.520194458,,0.5,transition-20260808T051207Z,,,2720781.716208166,"{""authorization"":""consistent"",""configuration"":""consistent"",""environment"":""consistent"",""intent"":""consistent"",""policy"":""consistent""}",C2,,0.19601370813325047,2026-08-08T05:12:48.206543+00:00,2720781.519126835,0.0010676230303943157,36,,consistent,2
2720764.662847916,,2.0,transition-20260808T051207Z,evidence,evidence,2720765.030230666,"{""authorization"":""undecidable"",""configuration"":""consistent"",""environment"":""consistent"",""intent"":""consistent"",""policy"":""consistent""}",C2,artifact lineage unavailable: an active pod lacks a complete ready-container digest set,0.367382749915123,2026-08-08T05:12:31.521829+00:00,2720764.662243893,0.0006040232256054878,1,authorization,undecidable,2
2720766.664665833,,2.0,transition-20260808T051207Z,,,2720766.857831041,"{""authorization"":""consistent"",""configuration"":""consistent"",""environment"":""consistent"",""intent"":""consistent"",""policy"":""consistent""}",C2,,0.19316520774737,2026-08-08T05:12:33.348057+00:00,2720766.662243893,0.0024219402112066746,2,,consistent,2
2720768.663955958,,2.0,transition-20260808T051207Z,,,2720768.857679875,"{""authorization"":""consistent"",""configuration"":""consistent"",""environment"":""consistent"",""intent"":""consistent"",""policy"":""consistent""}",C2,,0.1937239170074463,2026-08-08T05:12:35.347920+00:00,2720768.662243893,0.001712065190076828,3,,consistent,2
2720770.662293541,,2.0,transition-20260808T051207Z,,,2720770.852603166,"{""authorization"":""consistent"",""configuration"":""consistent"",""environment"":""consistent"",""intent"":""consistent"",""policy"":""consistent""}",C2,,0.19030962511897087,2026-08-08T05:12:37.342864+00:00,2720770.662243893,4.9647875130176544e-05,4,,consistent,2
2720772.667289041,,2.0,transition-20260808T051207Z,,,2720772.879373333,"{""authorization"":""consistent"",""configuration"":""consistent"",""environment"":""consistent"",""intent"":""consistent"",""policy"":""consistent""}",C2,,0.21208429196849465,2026-08-08T05:12:39.369652+00:00,2720772.662243893,0.005045148078352213,5,,consistent,2
2720774.667289458,,2.0,transition-20260808T051207Z,,,2720774.854101541,"{""authorization"":""consistent"",""configuration"":""consistent"",""environment"":""consistent"",""intent"":""consistent"",""policy"":""consistent""}",C2,,0.18681208277121186,2026-08-08T05:12:41.344385+00:00,2720774.662243893,0.005045565310865641,6,,consistent,2
2720776.662994416,,2.0,transition-20260808T051207Z,,,2720776.820960666,"{""authorization"":""consistent"",""configuration"":""consistent"",""environment"":""consistent"",""intent"":""consistent"",""policy"":""consistent""}",C2,,0.15796625008806586,2026-08-08T05:12:43.311258+00:00,2720776.662243893,0.0007505230605602264,7,,consistent,2
2720778.665690625,,2.0,transition-20260808T051207Z,,,2720778.893401458,"{""authorization"":""consistent"",""configuration"":""consistent"",""environment"":""consistent"",""intent"":""consistent"",""policy"":""consistent""}",C2,,0.22771083284169436,2026-08-08T05:12:45.383724+00:00,2720778.662243893,0.0034467321820557117,8,,consistent,2
2720780.665855625,,2.0,transition-20260808T051207Z,,,2720780.86977725,"{""authorization"":""consistent"",""configuration"":""consistent"",""environment"":""consistent"",""intent"":""consistent"",""policy"":""consistent""}",C2,,0.20392162492498755,2026-08-08T05:12:47.360103+00:00,2720780.662243893,0.0036117322742938995,9,,consistent,2
2720767.113570125,,10.0,transition-20260808T051207Z,,,2720767.32437525,"{""authorization"":""consistent"",""configuration"":""consistent"",""environment"":""consistent"",""intent"":""consistent"",""policy"":""consistent""}",C2,,0.21080512506887317,2026-08-08T05:12:33.814618+00:00,2720767.113467859,0.00010226573795080185,1,,consistent,2
2720777.117361583,,10.0,transition-20260808T051207Z,,,2720777.331732625,"{""authorization"":""consistent"",""configuration"":""consistent"",""environment"":""consistent"",""intent"":""consistent"",""policy"":""consistent""}",C2,,0.21437104232609272,2026-08-08T05:12:43.822046+00:00,2720777.113467859,0.003893723711371422,2,,consistent,2
2720793.369475458,,0.5,transition-20260808T051207Z,,,2720793.619200125,"{""authorization"":""consistent"",""configuration"":""consistent"",""environment"":""consistent"",""intent"":""consistent"",""policy"":""consistent""}",C3,,0.2497246670536697,2026-08-08T05:13:00.109619+00:00,2720793.3678719965,0.0016034613363444805,1,,consistent,3
2720793.8725915,,0.5,transition-20260808T051207Z,,,2720794.074976,"{""authorization"":""consistent"",""configuration"":""consistent"",""environment"":""consistent"",""intent"":""consistent"",""policy"":""consistent""}",C3,,0.20238449983298779,2026-08-08T05:13:00.565396+00:00,2720793.8678719965,0.004719503689557314,2,,consistent,3
2720794.368765125,,0.5,transition-20260808T051207Z,,,2720794.641342416,"{""authorization"":""consistent"",""configuration"":""consistent"",""environment"":""consistent"",""intent"":""consistent"",""policy"":""consistent""}",C3,,0.2725772908888757,2026-08-08T05:13:01.131766+00:00,2720794.3678719965,0.0008931285701692104,3,,consistent,3
2720794.872981375,,0.5,transition-20260808T051207Z,,,2720795.117474291,"{""authorization"":""consistent"",""configuration"":""consistent"",""environment"":""consistent"",""intent"":""consistent"",""policy"":""consistent""}",C3,,0.2444929159246385,2026-08-08T05:13:01.607900+00:00,2720794.8678719965,0.005109378602355719,4,,consistent,3
2720795.371647708,,0.5,transition-20260808T051207Z,,,2720795.551791958,"{""authorization"":""consistent"",""configuration"":""consistent"",""environment"":""consistent"",""intent"":""consistent"",""policy"":""consistent""}",C3,,0.18014424992725253,2026-08-08T05:13:02.042225+00:00,2720795.3678719965,0.0037757116369903088,5,,consistent,3
2720795.868377875,,0.5,transition-20260808T051207Z,,,2720796.394458916,"{""authorization"":""consistent"",""configuration"":""consistent"",""environment"":""consistent"",""intent"":""consistent"",""policy"":""consistent""}",C3,,0.5260810409672558,2026-08-08T05:13:02.884898+00:00,2720795.8678719965,0.0005058785900473595,6,,consistent,3
2720796.39480775,,0.5,transition-20260808T051207Z,,,2720796.597072041,"{""authorization"":""consistent"",""configuration"":""consistent"",""environment"":""consistent"",""intent"":""consistent"",""policy"":""consistent""}",C3,,0.20226429123431444,2026-08-08T05:13:03.087510+00:00,2720796.3678719965,0.026935753412544727,7,,consistent,3
2720796.868584041,,0.5,transition-20260808T051207Z,,,2720797.13186475,"{""authorization"":""consistent"",""configuration"":""consistent"",""environment"":""consistent"",""intent"":""consistent"",""policy"":""consistent""}",C3,,0.2632807088084519,2026-08-08T05:13:03.622305+00:00,2720796.8678719965,0.0007120445370674133,8,,consistent,3
2720797.370296875,,0.5,transition-20260808T051207Z,,,2720797.588783958,"{""authorization"":""consistent"",""configuration"":""consistent"",""environment"":""consistent"",""intent"":""consistent"",""policy"":""consistent""}",C3,,0.21848708298057318,2026-08-08T05:13:04.079230+00:00,2720797.3678719965,0.0024248785339295864,9,,consistent,3
2720797.872213,,0.5,transition-20260808T051207Z,,,2720798.083468791,"{""authorization"":""consistent"",""configuration"":""consistent"",""environment"":""consistent"",""intent"":""consistent"",""policy"":""consistent""}",C3,,0.21125579113140702,2026-08-08T05:13:04.573914+00:00,2720797.8678719965,0.004341003485023975,10,,consistent,3
2720798.371089125,,0.5,transition-20260808T051207Z,,,2720798.564309,"{""authorization"":""consistent"",""configuration"":""consistent"",""environment"":""consistent"",""intent"":""consistent"",""policy"":""consistent""}",C3,,0.19321987498551607,2026-08-08T05:13:05.054763+00:00,2720798.3678719965,0.0032171285711228848,11,,consistent,3
2720798.869883583,,0.5,transition-20260808T051207Z,evidence,evidence,2720799.221174041,"{""authorization"":""undecidable"",""configuration"":""consistent"",""environment"":""consistent"",""intent"":""consistent"",""policy"":""consistent""}",C3,artifact lineage unavailable: an active pod lacks a complete ready-container digest set,0.3512904578819871,2026-08-08T05:13:05.711628+00:00,2720798.8678719965,0.00201158644631505,12,authorization,undecidable,3
2720799.370651708,,0.5,transition-20260808T051207Z,evidence,evidence,2720799.549986958,"{""authorization"":""undecidable"",""configuration"":""consistent"",""environment"":""consistent"",""intent"":""consistent"",""policy"":""consistent""}",C3,artifact lineage unavailable: an active pod lacks a complete ready-container digest set,0.17933525005355477,2026-08-08T05:13:06.040442+00:00,2720799.3678719965,0.002779711503535509,13,authorization,undecidable,3
2720799.8701065,,0.5,transition-20260808T051207Z,,,2720800.044703458,"{""authorization"":""consistent"",""configuration"":""consistent"",""environment"":""consistent"",""intent"":""consistent"",""policy"":""consistent""}",C3,,0.17459695786237717,2026-08-08T05:13:06.535164+00:00,2720799.8678719965,0.0022345036268234253,14,,consistent,3
2720800.371869083,,0.5,transition-20260808T051207Z,,,2720800.573528125,"{""authorization"":""consistent"",""configuration"":""consistent"",""environment"":""consistent"",""intent"":""consistent"",""policy"":""consistent""}",C3,,0.20165904192253947,2026-08-08T05:13:07.063992+00:00,2720800.3678719965,0.003997086547315121,15,,consistent,3
2720800.868748333,,0.5,transition-20260808T051207Z,,,2720801.064602958,"{""authorization"":""consistent"",""configuration"":""consistent"",""environment"":""consistent"",""intent"":""consistent"",""policy"":""consistent""}",C3,,0.1958546251989901,2026-08-08T05:13:07.555070+00:00,2720800.8678719965,0.000876336358487606,16,,consistent,3
2720801.37081475,,0.5,transition-20260808T051207Z,,,2720801.567462,"{""authorization"":""consistent"",""configuration"":""consistent"",""environment"":""consistent"",""intent"":""consistent"",""policy"":""consistent""}",C3,,0.1966472500935197,2026-08-08T05:13:08.057931+00:00,2720801.3678719965,0.002942753490060568,17,,consistent,3
2720801.868862416,,0.5,transition-20260808T051207Z,,,2720802.136563375,"{""authorization"":""consistent"",""configuration"":""consistent"",""environment"":""consistent"",""intent"":""consistent"",""policy"":""consistent""}",C3,,0.2677009589970112,2026-08-08T05:13:08.627040+00:00,2720801.8678719965,0.0009904196485877037,18,,consistent,3
2720802.368794083,,0.5,transition-20260808T051207Z,,,2720802.6615155,"{""authorization"":""consistent"",""configuration"":""consistent"",""environment"":""consistent"",""intent"":""consistent"",""policy"":""consistent""}",C3,,0.2927214168012142,2026-08-08T05:13:09.151996+00:00,2720802.3678719965,0.0009220866486430168,19,,consistent,3
2720802.868154166,,0.5,transition-20260808T051207Z,,,2720803.074484833,"{""authorization"":""consistent"",""configuration"":""consistent"",""environment"":""consistent"",""intent"":""consistent"",""policy"":""consistent""}",C3,,0.20633066724985838,2026-08-08T05:13:09.564968+00:00,2720802.8678719965,0.00028216931968927383,20,,consistent,3
2720803.36890975,,0.5,transition-20260808T051207Z,,,2720803.557629166,"{""authorization"":""consistent"",""configuration"":""consistent"",""environment"":""consistent"",""intent"":""consistent"",""policy"":""consistent""}",C3,,0.18871941603720188,2026-08-08T05:13:10.048115+00:00,2720803.3678719965,0.001037753652781248,21,,consistent,3
2720803.868194541,,0.5,transition-20260808T051207Z,,,2720804.078253625,"{""authorization"":""consistent"",""configuration"":""consistent"",""environment"":""consistent"",""intent"":""consistent"",""policy"":""consistent""}",C3,,0.21005908399820328,2026-08-08T05:13:10.568741+00:00,2720803.8678719965,0.00032254448160529137,22,,consistent,3
2720804.368817166,,0.5,transition-20260808T051207Z,,,2720804.548352458,"{""authorization"":""consistent"",""configuration"":""consistent"",""environment"":""consistent"",""intent"":""consistent"",""policy"":""consistent""}",C3,,0.17953529208898544,2026-08-08T05:13:11.038847+00:00,2720804.3678719965,0.0009451694786548615,23,,consistent,3
2720804.869248,,0.5,transition-20260808T051207Z,,,2720805.073943291,"{""authorization"":""consistent"",""configuration"":""consistent"",""environment"":""consistent"",""intent"":""consistent"",""policy"":""consistent""}",C3,,0.2046952908858657,2026-08-08T05:13:11.564438+00:00,2720804.8678719965,0.0013760034926235676,24,,consistent,3
2720805.372930666,,0.5,transition-20260808T051207Z,,,2720805.558650625,"{""authorization"":""consistent"",""configuration"":""consistent"",""environment"":""consistent"",""intent"":""consistent"",""policy"":""consistent""}",C3,,0.18571995897218585,2026-08-08T05:13:12.049151+00:00,2720805.3678719965,0.005058669485151768,25,,consistent,3
2720805.868042833,,0.5,transition-20260808T051207Z,,,2720806.120512166,"{""authorization"":""consistent"",""configuration"":""consistent"",""environment"":""consistent"",""intent"":""consistent"",""policy"":""consistent""}",C3,,0.2524693328887224,2026-08-08T05:13:12.611014+00:00,2720805.8678719965,0.000170836690813303,26,,consistent,3
2720806.372160458,,0.5,transition-20260808T051207Z,,,2720806.564857541,"{""authorization"":""consistent"",""configuration"":""consistent"",""environment"":""consistent"",""intent"":""consistent"",""policy"":""consistent""}",C3,,0.1926970831118524,2026-08-08T05:13:13.055362+00:00,2720806.3678719965,0.004288461524993181,27,,consistent,3
2720806.868189916,,0.5,transition-20260808T051207Z,,,2720807.260723083,"{""authorization"":""consistent"",""configuration"":""consistent"",""environment"":""consistent"",""intent"":""consistent"",""policy"":""consistent""}",C3,,0.3925331667996943,2026-08-08T05:13:13.751238+00:00,2720806.8678719965,0.0003179195336997509,28,,consistent,3
2720807.36932225,,0.5,transition-20260808T051207Z,,,2720807.568146458,"{""authorization"":""consistent"",""configuration"":""consistent"",""environment"":""consistent"",""intent"":""consistent"",""policy"":""consistent""}",C3,,0.1988242077641189,2026-08-08T05:13:14.058661+00:00,2720807.3678719965,0.001450253650546074,29,,consistent,3
2720807.869360666,,0.5,transition-20260808T051207Z,,,2720808.06051675,"{""authorization"":""consistent"",""configuration"":""consistent"",""environment"":""consistent"",""intent"":""consistent"",""policy"":""consistent""}",C3,,0.19115608418360353,2026-08-08T05:13:14.551033+00:00,2720807.8678719965,0.0014886693097651005,30,,consistent,3
2720808.369956708,,0.5,transition-20260808T051207Z,,,2720808.545683541,"{""authorization"":""consistent"",""configuration"":""consistent"",""environment"":""consistent"",""intent"":""consistent"",""policy"":""consistent""}",C3,,0.17572683282196522,2026-08-08T05:13:15.036207+00:00,2720808.3678719965,0.002084711566567421,31,,consistent,3
2720808.872864958,,0.5,transition-20260808T051207Z,,,2720809.159118166,"{""authorization"":""consistent"",""configuration"":""consistent"",""environment"":""consistent"",""intent"":""consistent"",""policy"":""consistent""}",C3,,0.28625320829451084,2026-08-08T05:13:15.649667+00:00,2720808.8678719965,0.004992961417883635,32,,consistent,3
2720809.368914958,,0.5,transition-20260808T051207Z,,,2720809.61087725,"{""authorization"":""consistent"",""configuration"":""consistent"",""environment"":""consistent"",""intent"":""consistent"",""policy"":""consistent""}",C3,,0.24196229176595807,2026-08-08T05:13:16.101411+00:00,2720809.3678719965,0.0010429616086184978,33,,consistent,3
2720809.868629666,,0.5,transition-20260808T051207Z,,,2720810.063452625,"{""authorization"":""consistent"",""configuration"":""consistent"",""environment"":""consistent"",""intent"":""consistent"",""policy"":""consistent""}",C3,,0.19482295913621783,2026-08-08T05:13:16.553981+00:00,2720809.8678719965,0.0007576695643365383,34,,consistent,3
2720810.370818583,,0.5,transition-20260808T051207Z,,,2720810.552198875,"{""authorization"":""consistent"",""configuration"":""consistent"",""environment"":""consistent"",""intent"":""consistent"",""policy"":""consistent""}",C3,,0.18138029240071774,2026-08-08T05:13:17.042732+00:00,2720810.3678719965,0.002946586348116398,35,,consistent,3
2720810.868294541,,0.5,transition-20260808T051207Z,,,2720811.100560708,"{""authorization"":""consistent"",""configuration"":""consistent"",""environment"":""consistent"",""intent"":""consistent"",""policy"":""consistent""}",C3,,0.23226616717875004,2026-08-08T05:13:17.591096+00:00,2720810.8678719965,0.00042254431173205376,36,,consistent,3
2720811.372623,,0.5,transition-20260808T051207Z,,,2720811.57703825,"{""authorization"":""consistent"",""configuration"":""consistent"",""environment"":""consistent"",""intent"":""consistent"",""policy"":""consistent""}",C3,,0.2044152501039207,2026-08-08T05:13:18.067577+00:00,2720811.3678719965,0.004751003347337246,37,,consistent,3
2720794.25375825,,2.0,transition-20260808T051207Z,,,2720794.431348291,"{""authorization"":""consistent"",""configuration"":""consistent"",""environment"":""consistent"",""intent"":""consistent"",""policy"":""consistent""}",C3,,0.17759004142135382,2026-08-08T05:13:00.921771+00:00,2720794.2517571272,0.002001122571527958,1,,consistent,3
2720796.253072208,,2.0,transition-20260808T051207Z,,,2720796.572327083,"{""authorization"":""consistent"",""configuration"":""consistent"",""environment"":""consistent"",""intent"":""consistent"",""policy"":""consistent""}",C3,,0.31925487518310547,2026-08-08T05:13:03.062763+00:00,2720796.2517571272,0.0013150805607438087,2,,consistent,3
2720798.257470166,,2.0,transition-20260808T051207Z,,,2720798.442963541,"{""authorization"":""consistent"",""configuration"":""consistent"",""environment"":""consistent"",""intent"":""consistent"",""policy"":""consistent""}",C3,,0.1854933751747012,2026-08-08T05:13:04.933411+00:00,2720798.2517571272,0.005713038612157106,3,,consistent,3
2720800.252898333,,2.0,transition-20260808T051207Z,,,2720800.418146,"{""authorization"":""consistent"",""configuration"":""consistent"",""environment"":""consistent"",""intent"":""consistent"",""policy"":""consistent""}",C3,,0.1652476666495204,2026-08-08T05:13:06.908609+00:00,2720800.2517571272,0.00114120589569211,4,,consistent,3
2720802.2522845,,2.0,transition-20260808T051207Z,,,2720802.560834958,"{""authorization"":""consistent"",""configuration"":""consistent"",""environment"":""consistent"",""intent"":""consistent"",""policy"":""consistent""}",C3,,0.3085504584014416,2026-08-08T05:13:09.051320+00:00,2720802.2517571272,0.0005273725837469101,5,,consistent,3
2720804.253841875,,2.0,transition-20260808T051207Z,,,2720804.441794708,"{""authorization"":""consistent"",""configuration"":""consistent"",""environment"":""consistent"",""intent"":""consistent"",""policy"":""consistent""}",C3,,0.1879528327845037,2026-08-08T05:13:10.932287+00:00,2720804.2517571272,0.002084747888147831,6,,consistent,3
2720806.256659916,,2.0,transition-20260808T051207Z,,,2720806.450512916,"{""authorization"":""consistent"",""configuration"":""consistent"",""environment"":""consistent"",""intent"":""consistent"",""policy"":""consistent""}",C3,,0.19385299971327186,2026-08-08T05:13:12.941019+00:00,2720806.2517571272,0.004902788903564215,7,,consistent,3
2720808.253752375,,2.0,transition-20260808T051207Z,,,2720808.42162225,"{""authorization"":""consistent"",""configuration"":""consistent"",""environment"":""consistent"",""intent"":""consistent"",""policy"":""consistent""}",C3,,0.16786987520754337,2026-08-08T05:13:14.912142+00:00,2720808.2517571272,0.0019952477887272835,8,,consistent,3
2720810.2568025,,2.0,transition-20260808T051207Z,,,2720810.435657416,"{""authorization"":""consistent"",""configuration"":""consistent"",""environment"":""consistent"",""intent"":""consistent"",""policy"":""consistent""}",C3,,0.17885491577908397,2026-08-08T05:13:16.926190+00:00,2720810.2517571272,0.0050453729927539825,9,,consistent,3
2720799.027493583,,10.0,transition-20260808T051207Z,evidence,evidence,2720799.410126708,"{""authorization"":""undecidable"",""configuration"":""consistent"",""environment"":""consistent"",""intent"":""consistent"",""policy"":""consistent""}",C3,artifact lineage unavailable: an active pod lacks a complete ready-container digest set,0.3826331249438226,2026-08-08T05:13:05.900588+00:00,2720799.024105432,0.0033881510607898235,1,authorization,undecidable,3
2720809.024396833,,10.0,transition-20260808T051207Z,,,2720809.306638708,"{""authorization"":""consistent"",""configuration"":""consistent"",""environment"":""consistent"",""intent"":""consistent"",""policy"":""consistent""}",C3,,0.28224187484011054,2026-08-08T05:13:15.797319+00:00,2720809.024105432,0.00029140105471014977,2,,consistent,3
2720817.486063208,,0.5,transition-20260808T051207Z,evidence,evidence,2720817.709700625,"{""authorization"":""undecidable"",""configuration"":""consistent"",""environment"":""consistent"",""intent"":""consistent"",""policy"":""consistent""}",C4,artifact lineage unavailable: an active pod lacks a complete ready-container digest set,0.2236374169588089,2026-08-08T05:13:24.200286+00:00,2720817.4838548126,0.0022083953954279423,1,authorization,undecidable,4
2720817.987841208,,0.5,transition-20260808T051207Z,evidence,evidence,2720818.197197791,"{""authorization"":""undecidable"",""configuration"":""consistent"",""environment"":""consistent"",""intent"":""consistent"",""policy"":""consistent""}",C4,artifact lineage unavailable: an active pod lacks a complete ready-container digest set,0.20935658318921924,2026-08-08T05:13:24.687783+00:00,2720817.9838548126,0.003986395429819822,2,authorization,undecidable,4
2720818.484070125,,0.5,transition-20260808T051207Z,,,2720818.723582708,"{""authorization"":""consistent"",""configuration"":""consistent"",""environment"":""consistent"",""intent"":""consistent"",""policy"":""consistent""}",C4,,0.23951258277520537,2026-08-08T05:13:25.214175+00:00,2720818.4838548126,0.00021531246602535248,3,,consistent,4
2720818.985239083,,0.5,transition-20260808T051207Z,,,2720819.247397291,"{""authorization"":""consistent"",""configuration"":""consistent"",""environment"":""consistent"",""intent"":""consistent"",""policy"":""consistent""}",C4,,0.26215820806100965,2026-08-08T05:13:25.737988+00:00,2720818.9838548126,0.0013842703774571419,4,,consistent,4
2720819.488899958,,0.5,transition-20260808T051207Z,,,2720819.751878666,"{""authorization"":""consistent"",""configuration"":""consistent"",""environment"":""consistent"",""intent"":""consistent"",""policy"":""consistent""}",C4,,0.26297870837152004,2026-08-08T05:13:26.242476+00:00,2720819.4838548126,0.005045145284384489,5,,consistent,4
2720819.986351,,0.5,transition-20260808T051207Z,,,2720820.271509166,"{""authorization"":""consistent"",""configuration"":""consistent"",""environment"":""consistent"",""intent"":""consistent"",""policy"":""consistent""}",C4,,0.285158165730536,2026-08-08T05:13:26.762131+00:00,2720819.9838548126,0.002496187575161457,6,,consistent,4
2720820.483966375,,0.5,transition-20260808T051207Z,,,2720820.737575875,"{""authorization"":""consistent"",""configuration"":""consistent"",""environment"":""consistent"",""intent"":""consistent"",""policy"":""consistent""}",C4,,0.25360950035974383,2026-08-08T05:13:27.228187+00:00,2720820.4838548126,0.00011156219989061356,7,,consistent,4
2720820.987057291,,0.5,transition-20260808T051207Z,,,2720821.292137541,"{""authorization"":""consistent"",""configuration"":""consistent"",""environment"":""consistent"",""intent"":""consistent"",""policy"":""consistent""}",C4,,0.30508024990558624,2026-08-08T05:13:27.782750+00:00,2720820.9838548126,0.003202478401362896,8,,consistent,4
2720821.488858,,0.5,transition-20260808T051207Z,,,2720821.847672916,"{""authorization"":""consistent"",""configuration"":""consistent"",""environment"":""consistent"",""intent"":""consistent"",""policy"":""consistent""}",C4,,0.3588149161078036,2026-08-08T05:13:28.338289+00:00,2720821.4838548126,0.0050031873397529125,9,,consistent,4
2720821.987418083,,0.5,transition-20260808T051207Z,,,2720822.243938416,"{""authorization"":""consistent"",""configuration"":""consistent"",""environment"":""consistent"",""intent"":""consistent"",""policy"":""consistent""}",C4,,0.25652033276855946,2026-08-08T05:13:28.734550+00:00,2720821.9838548126,0.003563270438462496,10,,consistent,4
2720822.486259791,,0.5,transition-20260808T051207Z,,,2720822.676011375,"{""authorization"":""consistent"",""configuration"":""consistent"",""environment"":""consistent"",""intent"":""consistent"",""policy"":""consistent""}",C4,,0.18975158408284187,2026-08-08T05:13:29.166627+00:00,2720822.4838548126,0.00240497849881649,11,,consistent,4
2720822.987572791,,0.5,transition-20260808T051207Z,,,2720823.305321333,"{""authorization"":""consistent"",""configuration"":""consistent"",""environment"":""consistent"",""intent"":""consistent"",""policy"":""consistent""}",C4,,0.3177485419437289,2026-08-08T05:13:29.795940+00:00,2720822.9838548126,0.003717978484928608,12,,consistent,4
2720823.488699125,,0.5,transition-20260808T051207Z,,,2720823.6875275,"{""authorization"":""consistent"",""configuration"":""consistent"",""environment"":""consistent"",""intent"":""consistent"",""policy"":""consistent""}",C4,,0.19882837496697903,2026-08-08T05:13:30.178155+00:00,2720823.4838548126,0.004844312556087971,13,,consistent,4
2720823.985514541,,0.5,transition-20260808T051207Z,,,2720824.175504791,"{""authorization"":""consistent"",""configuration"":""consistent"",""environment"":""consistent"",""intent"":""consistent"",""policy"":""consistent""}",C4,,0.189990249928087,2026-08-08T05:13:30.666131+00:00,2720823.9838548126,0.0016597285866737366,14,,consistent,4
2720824.484362541,,0.5,transition-20260808T051207Z,,,2720824.706090458,"{""authorization"":""consistent"",""configuration"":""consistent"",""environment"":""consistent"",""intent"":""consistent"",""policy"":""consistent""}",C4,,0.22172791697084904,2026-08-08T05:13:31.196722+00:00,2720824.4838548126,0.0005077286623418331,15,,consistent,4
2720824.988916958,,0.5,transition-20260808T051207Z,,,2720825.187027958,"{""authorization"":""consistent"",""configuration"":""consistent"",""environment"":""consistent"",""intent"":""consistent"",""policy"":""consistent""}",C4,,0.1981110000051558,2026-08-08T05:13:31.677660+00:00,2720824.9838548126,0.00506214564666152,16,,consistent,4
2720825.485777041,,0.5,transition-20260808T051207Z,,,2720825.671112791,"{""authorization"":""consistent"",""configuration"":""consistent"",""environment"":""consistent"",""intent"":""consistent"",""policy"":""consistent""}",C4,,0.1853357502259314,2026-08-08T05:13:32.161747+00:00,2720825.4838548126,0.0019222283735871315,17,,consistent,4
2720825.984975791,,0.5,transition-20260808T051207Z,,,2720826.173686791,"{""authorization"":""consistent"",""configuration"":""consistent"",""environment"":""consistent"",""intent"":""consistent"",""policy"":""consistent""}",C4,,0.18871100014075637,2026-08-08T05:13:32.664332+00:00,2720825.9838548126,0.0011209785006940365,18,,consistent,4
2720826.487097041,,0.5,transition-20260808T051207Z,,,2720826.700270208,"{""authorization"":""consistent"",""configuration"":""consistent"",""environment"":""consistent"",""intent"":""consistent"",""policy"":""consistent""}",C4,,0.21317316684871912,2026-08-08T05:13:33.190915+00:00,2720826.4838548126,0.0032422286458313465,19,,consistent,4
2720826.986075916,,0.5,transition-20260808T051207Z,,,2720827.270955041,"{""authorization"":""consistent"",""configuration"":""consistent"",""environment"":""consistent"",""intent"":""consistent"",""policy"":""consistent""}",C4,,0.28487912518903613,2026-08-08T05:13:33.761608+00:00,2720826.9838548126,0.0022211032919585705,20,,consistent,4
2720827.484998166,,0.5,transition-20260808T051207Z,,,2720827.705598625,"{""authorization"":""consistent"",""configuration"":""consistent"",""environment"":""consistent"",""intent"":""consistent"",""policy"":""consistent""}",C4,,0.2206004587933421,2026-08-08T05:13:34.196249+00:00,2720827.4838548126,0.0011433535255491734,21,,consistent,4
2720827.985995583,,0.5,transition-20260808T051207Z,,,2720828.192308833,"{""authorization"":""consistent"",""configuration"":""consistent"",""environment"":""consistent"",""intent"":""consistent"",""policy"":""consistent""}",C4,,0.2063132501207292,2026-08-08T05:13:34.682965+00:00,2720827.9838548126,0.002140770200639963,22,,consistent,4
2720828.488920791,,0.5,transition-20260808T051207Z,,,2720828.713349708,"{""authorization"":""consistent"",""configuration"":""consistent"",""environment"":""consistent"",""intent"":""consistent"",""policy"":""consistent""}",C4,,0.22442891681566834,2026-08-08T05:13:35.204009+00:00,2720828.4838548126,0.00506597850471735,23,,consistent,4
2720828.984716,,0.5,transition-20260808T051207Z,,,2720829.181279208,"{""authorization"":""consistent"",""configuration"":""consistent"",""environment"":""consistent"",""intent"":""consistent"",""policy"":""consistent""}",C4,,0.19656320801004767,2026-08-08T05:13:35.671937+00:00,2720828.9838548126,0.0008611874654889107,24,,consistent,4
2720829.487224833,,0.5,transition-20260808T051207Z,,,2720829.701035416,"{""authorization"":""consistent"",""configuration"":""consistent"",""environment"":""consistent"",""intent"":""consistent"",""policy"":""consistent""}",C4,,0.21381058311089873,2026-08-08T05:13:36.191699+00:00,2720829.4838548126,0.0033700205385684967,25,,consistent,4
2720829.9866195,,0.5,transition-20260808T051207Z,,,2720830.20696125,"{""authorization"":""consistent"",""configuration"":""consistent"",""environment"":""consistent"",""intent"":""consistent"",""policy"":""consistent""}",C4,,0.2203417499549687,2026-08-08T05:13:36.697636+00:00,2720829.9838548126,0.002764687407761812,26,,consistent,4
2720830.48748075,,0.5,transition-20260808T051207Z,,,2720830.725102625,"{""authorization"":""consistent"",""configuration"":""consistent"",""environment"":""consistent"",""intent"":""consistent"",""policy"":""consistent""}",C4,,0.2376218750141561,2026-08-08T05:13:37.215779+00:00,2720830.4838548126,0.003625937271863222,27,,consistent,4
2720817.82307675,,2.0,transition-20260808T051207Z,evidence,evidence,2720818.05208625,"{""authorization"":""undecidable"",""configuration"":""consistent"",""environment"":""consistent"",""intent"":""consistent"",""policy"":""consistent""}",C4,artifact lineage unavailable: an active pod lacks a complete ready-container digest set,0.22900949977338314,2026-08-08T05:13:24.542683+00:00,2720817.821419081,0.0016576689667999744,1,authorization,undecidable,4
2720819.822237708,,2.0,transition-20260808T051207Z,,,2720820.07171425,"{""authorization"":""consistent"",""configuration"":""consistent"",""environment"":""consistent"",""intent"":""consistent"",""policy"":""consistent""}",C4,,0.2494765417650342,2026-08-08T05:13:26.562313+00:00,2720819.821419081,0.0008186269551515579,2,,consistent,4
2720821.824387791,,2.0,transition-20260808T051207Z,,,2720822.143428958,"{""authorization"":""consistent"",""configuration"":""consistent"",""environment"":""consistent"",""intent"":""consistent"",""policy"":""consistent""}",C4,,0.3190411669202149,2026-08-08T05:13:28.634062+00:00,2720821.821419081,0.0029687099158763885,3,,consistent,4
2720823.821709041,,2.0,transition-20260808T051207Z,,,2720824.010306291,"{""authorization"":""consistent"",""configuration"":""consistent"",""environment"":""consistent"",""intent"":""consistent"",""policy"":""consistent""}",C4,,0.1885972497984767,2026-08-08T05:13:30.500931+00:00,2720823.821419081,0.0002899598330259323,4,,consistent,4
2720825.822765625,,2.0,transition-20260808T051207Z,,,2720826.040952083,"{""authorization"":""consistent"",""configuration"":""consistent"",""environment"":""consistent"",""intent"":""consistent"",""policy"":""consistent""}",C4,,0.21818645810708404,2026-08-08T05:13:32.531593+00:00,2720825.821419081,0.0013465438969433308,5,,consistent,4
2720827.825919875,,2.0,transition-20260808T051207Z,,,2720828.0383925,"{""authorization"":""consistent"",""configuration"":""consistent"",""environment"":""consistent"",""intent"":""consistent"",""policy"":""consistent""}",C4,,0.21247262507677078,2026-08-08T05:13:34.529047+00:00,2720827.821419081,0.004500793758779764,6,,consistent,4
2720829.826469375,,2.0,transition-20260808T051207Z,,,2720830.03658775,"{""authorization"":""consistent"",""configuration"":""consistent"",""environment"":""consistent"",""intent"":""consistent"",""policy"":""consistent""}",C4,,0.2101183752529323,2026-08-08T05:13:36.527256+00:00,2720829.821419081,0.005050293635576963,7,,consistent,4
2720817.989866583,,10.0,transition-20260808T051207Z,evidence,evidence,2720818.202907416,"{""authorization"":""undecidable"",""configuration"":""consistent"",""environment"":""consistent"",""intent"":""consistent"",""policy"":""consistent""}",C4,artifact lineage unavailable: an active pod lacks a complete ready-container digest set,0.21304083289578557,2026-08-08T05:13:24.693501+00:00,2720817.9896323266,0.00023425649851560593,1,authorization,undecidable,4
2720827.992558875,,10.0,transition-20260808T051207Z,,,2720828.192228625,"{""authorization"":""consistent"",""configuration"":""consistent"",""environment"":""consistent"",""intent"":""consistent"",""policy"":""consistent""}",C4,,0.19966974994167686,2026-08-08T05:13:34.682920+00:00,2720827.9896323266,0.0029265484772622585,2,,consistent,4
2720835.375283208,,0.5,transition-20260808T051207Z,evidence,evidence,2720835.55620875,"{""authorization"":""undecidable"",""configuration"":""consistent"",""environment"":""consistent"",""intent"":""consistent"",""policy"":""consistent""}",C5,artifact lineage unavailable: an active pod lacks a complete ready-container digest set,0.18092554155737162,2026-08-08T05:13:42.046917+00:00,2720835.372371652,0.0029115560464560986,1,authorization,undecidable,5
2720835.873683333,,0.5,transition-20260808T051207Z,,,2720836.105981541,"{""authorization"":""consistent"",""configuration"":""consistent"",""environment"":""consistent"",""intent"":""consistent"",""policy"":""consistent""}",C5,,0.23229820793494582,2026-08-08T05:13:42.596689+00:00,2720835.872371652,0.001311680767685175,2,,consistent,5
2720836.377417875,,0.5,transition-20260808T051207Z,,,2720836.592855291,"{""authorization"":""consistent"",""configuration"":""consistent"",""environment"":""consistent"",""intent"":""consistent"",""policy"":""consistent""}",C5,,0.2154374159872532,2026-08-08T05:13:43.083569+00:00,2720836.372371652,0.005046222824603319,3,,consistent,5
2720836.874610791,,0.5,transition-20260808T051207Z,,,2720837.157155541,"{""authorization"":""consistent"",""configuration"":""consistent"",""environment"":""consistent"",""intent"":""consistent"",""policy"":""consistent""}",C5,,0.28254474978893995,2026-08-08T05:13:43.647873+00:00,2720836.872371652,0.0022391388192772865,4,,consistent,5
2720837.372867166,,0.5,transition-20260808T051207Z,,,2720837.664361708,"{""authorization"":""consistent"",""configuration"":""consistent"",""environment"":""consistent"",""intent"":""consistent"",""policy"":""consistent""}",C5,,0.29149454180151224,2026-08-08T05:13:44.155091+00:00,2720837.372371652,0.0004955139011144638,5,,consistent,5
2720837.872534916,,0.5,transition-20260808T051207Z,,,2720838.071480208,"{""authorization"":""consistent"",""configuration"":""consistent"",""environment"":""consistent"",""intent"":""consistent"",""policy"":""consistent""}",C5,,0.19894529227167368,2026-08-08T05:13:44.562203+00:00,2720837.872371652,0.00016326364129781723,6,,consistent,5
2720838.373216666,,0.5,transition-20260808T051207Z,,,2720838.608100083,"{""authorization"":""consistent"",""configuration"":""consistent"",""environment"":""consistent"",""intent"":""consistent"",""policy"":""consistent""}",C5,,0.23488341737538576,2026-08-08T05:13:45.098827+00:00,2720838.372371652,0.000845013651996851,7,,consistent,5
2720838.875331416,,0.5,transition-20260808T051207Z,,,2720839.17290625,"{""authorization"":""consistent"",""configuration"":""consistent"",""environment"":""consistent"",""intent"":""consistent"",""policy"":""consistent""}",C5,,0.2975748344324529,2026-08-08T05:13:45.663636+00:00,2720838.872371652,0.0029597636312246323,8,,consistent,5
2720839.377456583,,0.5,transition-20260808T051207Z,,,2720839.62687025,"{""authorization"":""consistent"",""configuration"":""consistent"",""environment"":""consistent"",""intent"":""consistent"",""policy"":""consistent""}",C5,,0.24941366678103805,2026-08-08T05:13:46.117607+00:00,2720839.372371652,0.005084930919110775,9,,consistent,5
2720839.876309333,,0.5,transition-20260808T051207Z,,,2720840.07893325,"{""authorization"":""consistent"",""configuration"":""consistent"",""environment"":""consistent"",""intent"":""consistent"",""policy"":""consistent""}",C5,,0.20262391725555062,2026-08-08T05:13:46.569669+00:00,2720839.872371652,0.0039376807399094105,10,,consistent,5
2720840.376183166,,0.5,transition-20260808T051207Z,,,2720840.589188458,"{""authorization"":""consistent"",""configuration"":""consistent"",""environment"":""consistent"",""intent"":""consistent"",""policy"":""consistent""}",C5,,0.2130052917636931,2026-08-08T05:13:47.079927+00:00,2720840.372371652,0.0038115140050649643,11,,consistent,5
2720840.877417875,,0.5,transition-20260808T051207Z,,,2720841.084216458,"{""authorization"":""consistent"",""configuration"":""consistent"",""environment"":""consistent"",""intent"":""consistent"",""policy"":""consistent""}",C5,,0.20679858280345798,2026-08-08T05:13:47.574961+00:00,2720840.872371652,0.005046222824603319,12,,consistent,5
2720841.377310541,,0.5,transition-20260808T051207Z,,,2720841.581379416,"{""authorization"":""consistent"",""configuration"":""consistent"",""environment"":""consistent"",""intent"":""consistent"",""policy"":""consistent""}",C5,,0.20406887494027615,2026-08-08T05:13:48.072127+00:00,2720841.372371652,0.00493888882920146,13,,consistent,5
2720841.875327208,,0.5,transition-20260808T051207Z,,,2720842.086604041,"{""authorization"":""consistent"",""configuration"":""consistent"",""environment"":""consistent"",""intent"":""consistent"",""policy"":""consistent""}",C5,,0.2112768329679966,2026-08-08T05:13:48.577356+00:00,2720841.872371652,0.0029555559158325195,14,,consistent,5
2720842.376930083,,0.5,transition-20260808T051207Z,,,2720842.598611666,"{""authorization"":""consistent"",""configuration"":""consistent"",""environment"":""consistent"",""intent"":""consistent"",""policy"":""consistent""}",C5,,0.22168158274143934,2026-08-08T05:13:49.089369+00:00,2720842.372371652,0.00455843098461628,15,,consistent,5
2720842.875461916,,0.5,transition-20260808T051207Z,,,2720843.083014916,"{""authorization"":""consistent"",""configuration"":""consistent"",""environment"":""consistent"",""intent"":""consistent"",""policy"":""consistent""}",C5,,0.20755300018936396,2026-08-08T05:13:49.573771+00:00,2720842.872371652,0.0030902638100087643,16,,consistent,5
2720843.375064166,,0.5,transition-20260808T051207Z,,,2720843.587914166,"{""authorization"":""consistent"",""configuration"":""consistent"",""environment"":""consistent"",""intent"":""consistent"",""policy"":""consistent""}",C5,,0.21285000024363399,2026-08-08T05:13:50.078675+00:00,2720843.372371652,0.002692513633519411,17,,consistent,5
2720843.873751875,,0.5,transition-20260808T051207Z,,,2720844.2191835,"{""authorization"":""consistent"",""configuration"":""consistent"",""environment"":""consistent"",""intent"":""consistent"",""policy"":""consistent""}",C5,,0.3454316249117255,2026-08-08T05:13:50.709948+00:00,2720843.872371652,0.001380222849547863,18,,consistent,5
2720844.375201375,,0.5,transition-20260808T051207Z,,,2720844.564626083,"{""authorization"":""consistent"",""configuration"":""consistent"",""environment"":""consistent"",""intent"":""consistent"",""policy"":""consistent""}",C5,,0.18942470755428076,2026-08-08T05:13:51.055396+00:00,2720844.372371652,0.002829723060131073,19,,consistent,5
2720844.876166541,,0.5,transition-20260808T051207Z,,,2720845.104422,"{""authorization"":""consistent"",""configuration"":""consistent"",""environment"":""consistent"",""intent"":""consistent"",""policy"":""consistent""}",C5,,0.2282554586417973,2026-08-08T05:13:51.595199+00:00,2720844.872371652,0.0037948889657855034,20,,consistent,5
2720845.376078666,,0.5,transition-20260808T051207Z,,,2720845.591784041,"{""authorization"":""consistent"",""configuration"":""consistent"",""environment"":""consistent"",""intent"":""consistent"",""policy"":""consistent""}",C5,,0.2157053747214377,2026-08-08T05:13:52.082558+00:00,2720845.372371652,0.00370701402425766,21,,consistent,5
2720845.872747416,,0.5,transition-20260808T051207Z,,,2720846.07697475,"{""authorization"":""consistent"",""configuration"":""consistent"",""environment"":""consistent"",""intent"":""consistent"",""policy"":""consistent""}",C5,,0.20422733388841152,2026-08-08T05:13:52.567753+00:00,2720845.872371652,0.00037576397880911827,22,,consistent,5
2720846.37595775,,0.5,transition-20260808T051207Z,,,2720846.700711083,"{""authorization"":""consistent"",""configuration"":""consistent"",""environment"":""consistent"",""intent"":""consistent"",""policy"":""consistent""}",C5,,0.32475333334878087,2026-08-08T05:13:53.191497+00:00,2720846.372371652,0.0035860976204276085,23,,consistent,5
2720846.873268541,,0.5,transition-20260808T051207Z,,,2720847.123977416,"{""authorization"":""consistent"",""configuration"":""consistent"",""environment"":""consistent"",""intent"":""consistent"",""policy"":""consistent""}",C5,,0.250708875246346,2026-08-08T05:13:53.614763+00:00,2720846.872371652,0.0008968887850642204,24,,consistent,5
2720847.3741735,,0.5,transition-20260808T051207Z,,,2720847.601700541,"{""authorization"":""consistent"",""configuration"":""consistent"",""environment"":""consistent"",""intent"":""consistent"",""policy"":""consistent""}",C5,,0.22752704098820686,2026-08-08T05:13:54.092490+00:00,2720847.372371652,0.0018018479458987713,25,,consistent,5
2720847.87695225,,0.5,transition-20260808T051207Z,,,2720848.08182375,"{""authorization"":""consistent"",""configuration"":""consistent"",""environment"":""consistent"",""intent"":""consistent"",""policy"":""consistent""}",C5,,0.20487149991095066,2026-08-08T05:13:54.572614+00:00,2720847.872371652,0.00458059785887599,26,,consistent,5
2720835.483707416,,2.0,transition-20260808T051207Z,evidence,evidence,2720835.656779625,"{""authorization"":""undecidable"",""configuration"":""consistent"",""environment"":""consistent"",""intent"":""consistent"",""policy"":""consistent""}",C5,artifact lineage unavailable: an active pod lacks a complete ready-container digest set,0.17307220911607146,2026-08-08T05:13:42.147493+00:00,2720835.478657745,0.005049671046435833,1,authorization,undecidable,5
2720837.479747,,2.0,transition-20260808T051207Z,,,2720837.745895833,"{""authorization"":""consistent"",""configuration"":""consistent"",""environment"":""consistent"",""intent"":""consistent"",""policy"":""consistent""}",C5,,0.2661488326266408,2026-08-08T05:13:44.236617+00:00,2720837.478657745,0.0010892553254961967,2,,consistent,5
2720839.47928725,,2.0,transition-20260808T051207Z,,,2720839.720885916,"{""authorization"":""consistent"",""configuration"":""consistent"",""environment"":""consistent"",""intent"":""consistent"",""policy"":""consistent""}",C5,,0.2415986661799252,2026-08-08T05:13:46.211621+00:00,2720839.478657745,0.0006295051425695419,3,,consistent,5
2720841.480137,,2.0,transition-20260808T051207Z,,,2720841.760998875,"{""authorization"":""consistent"",""configuration"":""consistent"",""environment"":""consistent"",""intent"":""consistent"",""policy"":""consistent""}",C5,,0.2808618750423193,2026-08-08T05:13:48.251747+00:00,2720841.478657745,0.0014792550355196,4,,consistent,5
2720843.482092083,,2.0,transition-20260808T051207Z,,,2720843.730599125,"{""authorization"":""consistent"",""configuration"":""consistent"",""environment"":""consistent"",""intent"":""consistent"",""policy"":""consistent""}",C5,,0.2485070419497788,2026-08-08T05:13:50.221361+00:00,2720843.478657745,0.003434338141232729,5,,consistent,5
2720845.481809458,,2.0,transition-20260808T051207Z,,,2720845.654347541,"{""authorization"":""consistent"",""configuration"":""consistent"",""environment"":""consistent"",""intent"":""consistent"",""policy"":""consistent""}",C5,,0.17253808258101344,2026-08-08T05:13:52.145129+00:00,2720845.478657745,0.003151713404804468,6,,consistent,5
2720847.478829708,,2.0,transition-20260808T051207Z,,,2720847.662181375,"{""authorization"":""consistent"",""configuration"":""consistent"",""environment"":""consistent"",""intent"":""consistent"",""policy"":""consistent""}",C5,,0.1833516671322286,2026-08-08T05:13:54.152969+00:00,2720847.478657745,0.00017196312546730042,7,,consistent,5
2720843.271164666,,10.0,transition-20260808T051207Z,,,2720843.456326875,"{""authorization"":""consistent"",""configuration"":""consistent"",""environment"":""consistent"",""intent"":""consistent"",""policy"":""consistent""}",C5,,0.18516220897436142,2026-08-08T05:13:49.947099+00:00,2720843.269479641,0.001685024704784155,1,,consistent,5
2720852.8472815,,0.5,transition-20260808T051207Z,evidence,evidence,2720853.048129625,"{""authorization"":""undecidable"",""configuration"":""consistent"",""environment"":""consistent"",""intent"":""consistent"",""policy"":""consistent""}",C6,artifact lineage unavailable: an active pod lacks a complete ready-container digest set,0.20084812492132187,2026-08-08T05:13:59.538958+00:00,2720852.844382094,0.002899406012147665,1,authorization,undecidable,6
2720853.349456208,,0.5,transition-20260808T051207Z,,,2720853.543771666,"{""authorization"":""consistent"",""configuration"":""consistent"",""environment"":""consistent"",""intent"":""consistent"",""policy"":""consistent""}",C6,,0.1943154581822455,2026-08-08T05:14:00.034602+00:00,2720853.344382094,0.005074113607406616,2,,consistent,6
2720853.845601375,,0.5,transition-20260808T051207Z,,,2720854.030433,"{""authorization"":""consistent"",""configuration"":""consistent"",""environment"":""consistent"",""intent"":""consistent"",""policy"":""consistent""}",C6,,0.18483162485063076,2026-08-08T05:14:00.521266+00:00,2720853.844382094,0.0012192809954285622,3,,consistent,6
2720854.344745583,,0.5,transition-20260808T051207Z,,,2720854.639579791,"{""authorization"":""consistent"",""configuration"":""consistent"",""environment"":""consistent"",""intent"":""consistent"",""policy"":""consistent""}",C6,,0.2948342082090676,2026-08-08T05:14:01.130417+00:00,2720854.344382094,0.00036348868161439896,4,,consistent,6
2720854.849426,,0.5,transition-20260808T051207Z,,,2720855.0994325,"{""authorization"":""consistent"",""configuration"":""consistent"",""environment"":""consistent"",""intent"":""consistent"",""policy"":""consistent""}",C6,,0.25000650016590953,2026-08-08T05:14:01.590271+00:00,2720854.844382094,0.005043905694037676,5,,consistent,6
2720855.344924375,,0.5,transition-20260808T051207Z,,,2720855.543112416,"{""authorization"":""consistent"",""configuration"":""consistent"",""environment"":""consistent"",""intent"":""consistent"",""policy"":""consistent""}",C6,,0.19818804087117314,2026-08-08T05:14:02.033961+00:00,2720855.344382094,0.0005422807298600674,6,,consistent,6
2720855.848934458,,0.5,transition-20260808T051207Z,,,2720856.091417333,"{""authorization"":""consistent"",""configuration"":""consistent"",""environment"":""consistent"",""intent"":""consistent"",""policy"":""consistent""}",C6,,0.24248287500813603,2026-08-08T05:14:02.582265+00:00,2720855.844382094,0.004552363883703947,7,,consistent,6
2720856.347932375,,0.5,transition-20260808T051207Z,,,2720856.539321791,"{""authorization"":""consistent"",""configuration"":""consistent"",""environment"":""consistent"",""intent"":""consistent"",""policy"":""consistent""}",C6,,0.19138941587880254,2026-08-08T05:14:03.030174+00:00,2720856.344382094,0.0035502808168530464,8,,consistent,6
2720856.848744333,,0.5,transition-20260808T051207Z,,,2720857.129325291,"{""authorization"":""consistent"",""configuration"":""consistent"",""environment"":""consistent"",""intent"":""consistent"",""policy"":""consistent""}",C6,,0.2805809583514929,2026-08-08T05:14:03.620181+00:00,2720856.844382094,0.004362238571047783,9,,consistent,6
2720857.344947791,,0.5,transition-20260808T051207Z,,,2720857.640632833,"{""authorization"":""consistent"",""configuration"":""consistent"",""environment"":""consistent"",""intent"":""consistent"",""policy"":""consistent""}",C6,,0.2956850416958332,2026-08-08T05:14:04.131492+00:00,2720857.344382094,0.0005656969733536243,10,,consistent,6
2720857.847421625,,0.5,transition-20260808T051207Z,,,2720858.055865708,"{""authorization"":""consistent"",""configuration"":""consistent"",""environment"":""consistent"",""intent"":""consistent"",""policy"":""consistent""}",C6,,0.20844408264383674,2026-08-08T05:14:04.546728+00:00,2720857.844382094,0.0030395309440791607,11,,consistent,6
2720858.349143166,,0.5,transition-20260808T051207Z,,,2720858.534923708,"{""authorization"":""consistent"",""configuration"":""consistent"",""environment"":""consistent"",""intent"":""consistent"",""policy"":""consistent""}",C6,,0.18578054197132587,2026-08-08T05:14:05.025789+00:00,2720858.344382094,0.004761071875691414,12,,consistent,6
2720858.844388708,,0.5,transition-20260808T051207Z,,,2720859.083220875,"{""authorization"":""consistent"",""configuration"":""consistent"",""environment"":""consistent"",""intent"":""consistent"",""policy"":""consistent""}",C6,,0.23883216688409448,2026-08-08T05:14:05.574091+00:00,2720858.844382094,6.613787263631821e-06,13,,consistent,6
2720859.349451208,,0.5,transition-20260808T051207Z,,,2720859.545567,"{""authorization"":""consistent"",""configuration"":""consistent"",""environment"":""consistent"",""intent"":""consistent"",""policy"":""consistent""}",C6,,0.19611579179763794,2026-08-08T05:14:06.036440+00:00,2720859.344382094,0.005069113802164793,14,,consistent,6
2720859.846953416,,0.5,transition-20260808T051207Z,,,2720860.039108333,"{""authorization"":""consistent"",""configuration"":""consistent"",""environment"":""consistent"",""intent"":""consistent"",""policy"":""consistent""}",C6,,0.1921549174003303,2026-08-08T05:14:06.529983+00:00,2720859.844382094,0.0025713215582072735,15,,consistent,6
2720860.34478575,,0.5,transition-20260808T051207Z,,,2720860.526717166,"{""authorization"":""consistent"",""configuration"":""consistent"",""environment"":""consistent"",""intent"":""consistent"",""policy"":""consistent""}",C6,,0.18193141603842378,2026-08-08T05:14:07.017596+00:00,2720860.344382094,0.00040365569293498993,16,,consistent,6
2720860.845575166,,0.5,transition-20260808T051207Z,,,2720861.058695666,"{""authorization"":""consistent"",""configuration"":""consistent"",""environment"":""consistent"",""intent"":""consistent"",""policy"":""consistent""}",C6,,0.21312050009146333,2026-08-08T05:14:07.549582+00:00,2720860.844382094,0.0011930717155337334,17,,consistent,6
2720861.348659166,,0.5,transition-20260808T051207Z,,,2720861.534128041,"{""authorization"":""consistent"",""configuration"":""consistent"",""environment"":""consistent"",""intent"":""consistent"",""policy"":""consistent""}",C6,,0.1854688748717308,2026-08-08T05:14:08.025018+00:00,2720861.344382094,0.004277071915566921,18,,consistent,6
2720861.844758125,,0.5,transition-20260808T051207Z,,,2720862.043131291,"{""authorization"":""consistent"",""configuration"":""consistent"",""environment"":""consistent"",""intent"":""consistent"",""policy"":""consistent""}",C6,,0.1983731659129262,2026-08-08T05:14:08.534024+00:00,2720861.844382094,0.0003760308027267456,19,,consistent,6
2720862.344812833,,0.5,transition-20260808T051207Z,,,2720862.593083958,"{""authorization"":""consistent"",""configuration"":""consistent"",""environment"":""consistent"",""intent"":""consistent"",""policy"":""consistent""}",C6,,0.24827112536877394,2026-08-08T05:14:09.083976+00:00,2720862.344382094,0.00043073855340480804,20,,consistent,6
2720862.849549875,,0.5,transition-20260808T051207Z,,,2720863.151891166,"{""authorization"":""consistent"",""configuration"":""consistent"",""environment"":""consistent"",""intent"":""consistent"",""policy"":""consistent""}",C6,,0.30234129074960947,2026-08-08T05:14:09.642789+00:00,2720862.844382094,0.005167780909687281,21,,consistent,6
2720863.345187375,,0.5,transition-20260808T051207Z,,,2720863.600504541,"{""authorization"":""consistent"",""configuration"":""consistent"",""environment"":""consistent"",""intent"":""consistent"",""policy"":""consistent""}",C6,,0.2553171659819782,2026-08-08T05:14:10.091409+00:00,2720863.344382094,0.0008052806369960308,22,,consistent,6
2720863.845198833,,0.5,transition-20260808T051207Z,,,2720864.13654375,"{""authorization"":""consistent"",""configuration"":""consistent"",""environment"":""consistent"",""intent"":""consistent"",""policy"":""consistent""}",C6,,0.2913449169136584,2026-08-08T05:14:10.627448+00:00,2720863.844382094,0.000816738698631525,23,,consistent,6
2720864.345426333,,0.5,transition-20260808T051207Z,,,2720864.536075833,"{""authorization"":""consistent"",""configuration"":""consistent"",""environment"":""consistent"",""intent"":""consistent"",""policy"":""consistent""}",C6,,0.1906494996510446,2026-08-08T05:14:11.026984+00:00,2720864.344382094,0.001044238917529583,24,,consistent,6
2720864.846055,,0.5,transition-20260808T051207Z,,,2720865.186006833,"{""authorization"":""consistent"",""configuration"":""consistent"",""environment"":""consistent"",""intent"":""consistent"",""policy"":""consistent""}",C6,,0.33995183277875185,2026-08-08T05:14:11.676919+00:00,2720864.844382094,0.001672905869781971,25,,consistent,6
2720865.347786416,,0.5,transition-20260808T051207Z,,,2720865.553327125,"{""authorization"":""consistent"",""configuration"":""consistent"",""environment"":""consistent"",""intent"":""consistent"",""policy"":""consistent""}",C6,,0.2055407091975212,2026-08-08T05:14:12.044241+00:00,2720865.344382094,0.003404321614652872,26,,consistent,6
2720853.889281875,,2.0,transition-20260808T051207Z,,,2720854.0704715,"{""authorization"":""consistent"",""configuration"":""consistent"",""environment"":""consistent"",""intent"":""consistent"",""policy"":""consistent""}",C6,,0.18118962505832314,2026-08-08T05:14:00.561323+00:00,2720853.8858448346,0.0034370403736829758,1,,consistent,6
2720855.887657666,,2.0,transition-20260808T051207Z,,,2720856.104175958,"{""authorization"":""consistent"",""configuration"":""consistent"",""environment"":""consistent"",""intent"":""consistent"",""policy"":""consistent""}",C6,,0.21651829173788428,2026-08-08T05:14:02.595029+00:00,2720855.8858448346,0.001812831498682499,2,,consistent,6
2720857.889706958,,2.0,transition-20260808T051207Z,,,2720858.100453916,"{""authorization"":""consistent"",""configuration"":""consistent"",""environment"":""consistent"",""intent"":""consistent"",""policy"":""consistent""}",C6,,0.2107469579204917,2026-08-08T05:14:04.591315+00:00,2720857.8858448346,0.0038621234707534313,3,,consistent,6
2720859.885991833,,2.0,transition-20260808T051207Z,,,2720860.080972833,"{""authorization"":""consistent"",""configuration"":""consistent"",""environment"":""consistent"",""intent"":""consistent"",""policy"":""consistent""}",C6,,0.1949809999205172,2026-08-08T05:14:06.571846+00:00,2720859.8858448346,0.0001469985581934452,4,,consistent,6
2720861.890865166,,2.0,transition-20260808T051207Z,,,2720862.152623041,"{""authorization"":""consistent"",""configuration"":""consistent"",""environment"":""consistent"",""intent"":""consistent"",""policy"":""consistent""}",C6,,0.2617578748613596,2026-08-08T05:14:08.643518+00:00,2720861.8858448346,0.0050203315913677216,5,,consistent,6
2720863.889346083,,2.0,transition-20260808T051207Z,,,2720864.178040333,"{""authorization"":""consistent"",""configuration"":""consistent"",""environment"":""consistent"",""intent"":""consistent"",""policy"":""consistent""}",C6,,0.2886942499317229,2026-08-08T05:14:10.668945+00:00,2720863.8858448346,0.0035012485459446907,6,,consistent,6
2720860.089803125,,10.0,transition-20260808T051207Z,,,2720860.269810958,"{""authorization"":""consistent"",""configuration"":""consistent"",""environment"":""consistent"",""intent"":""consistent"",""policy"":""consistent""}",C6,,0.18000783305615187,2026-08-08T05:14:06.760694+00:00,2720860.0869984133,0.0028047114610671997,1,,consistent,6
2720870.592113541,,0.5,transition-20260808T051207Z,,,2720870.857035041,"{""authorization"":""consistent"",""configuration"":""consistent"",""environment"":""consistent"",""intent"":""consistent"",""policy"":""consistent""}",C1,,0.2649214998818934,2026-08-08T05:14:17.347988+00:00,2720870.588897623,0.0032159178517758846,1,,consistent,7
2720871.093615166,,0.5,transition-20260808T051207Z,,,2720871.299530708,"{""authorization"":""consistent"",""configuration"":""consistent"",""environment"":""consistent"",""intent"":""consistent"",""policy"":""consistent""}",C1,,0.205915542319417,2026-08-08T05:14:17.790485+00:00,2720871.088897623,0.004717542789876461,2,,consistent,7
2720871.59394125,,0.5,transition-20260808T051207Z,,,2720871.801174833,"{""authorization"":""consistent"",""configuration"":""consistent"",""environment"":""consistent"",""intent"":""consistent"",""policy"":""consistent""}",C1,,0.20723358308896422,2026-08-08T05:14:18.292131+00:00,2720871.588897623,0.0050436267629265785,3,,consistent,7
2720872.088984583,,0.5,transition-20260808T051207Z,,,2720872.403275666,"{""authorization"":""consistent"",""configuration"":""consistent"",""environment"":""consistent"",""intent"":""consistent"",""policy"":""consistent""}",C1,,0.3142910827882588,2026-08-08T05:14:18.894235+00:00,2720872.088897623,8.695991709828377e-05,4,,consistent,7
2720872.593454583,,0.5,transition-20260808T051207Z,,,2720872.81361275,"{""authorization"":""consistent"",""configuration"":""consistent"",""environment"":""consistent"",""intent"":""consistent"",""policy"":""consistent""}",C1,,0.2201581667177379,2026-08-08T05:14:19.304574+00:00,2720872.588897623,0.0045569599606096745,5,,consistent,7
2720873.091697291,,0.5,transition-20260808T051207Z,,,2720873.302292208,"{""authorization"":""consistent"",""configuration"":""consistent"",""environment"":""consistent"",""intent"":""consistent"",""policy"":""consistent""}",C1,,0.21059491718187928,2026-08-08T05:14:19.793260+00:00,2720873.088897623,0.0027996678836643696,6,,consistent,7
2720873.594012333,,0.5,transition-20260808T051207Z,,,2720873.82228275,"{""authorization"":""consistent"",""configuration"":""consistent"",""environment"":""consistent"",""intent"":""consistent"",""policy"":""consistent""}",C1,,0.2282704170793295,2026-08-08T05:14:20.313257+00:00,2720873.588897623,0.005114709958434105,7,,consistent,7
2720874.090907333,,0.5,transition-20260808T051207Z,,,2720874.376829541,"{""authorization"":""consistent"",""configuration"":""consistent"",""environment"":""consistent"",""intent"":""consistent"",""policy"":""consistent""}",C1,,0.28592220786958933,2026-08-08T05:14:20.867811+00:00,2720874.088897623,0.0020097098313272,8,,consistent,7
2720874.589826041,,0.5,transition-20260808T051207Z,,,2720874.8542965,"{""authorization"":""consistent"",""configuration"":""consistent"",""environment"":""consistent"",""intent"":""consistent"",""policy"":""consistent""}",C1,,0.26447045896202326,2026-08-08T05:14:21.345275+00:00,2720874.588897623,0.0009284177795052528,9,,consistent,7
2720875.093944875,,0.5,transition-20260808T051207Z,,,2720875.321995208,"{""authorization"":""consistent"",""configuration"":""consistent"",""environment"":""consistent"",""intent"":""consistent"",""policy"":""consistent""}",C1,,0.2280503329820931,2026-08-08T05:14:21.812976+00:00,2720875.088897623,0.005047251936048269,10,,consistent,7
2720875.593958791,,0.5,transition-20260808T051207Z,,,2720875.84142825,"{""authorization"":""consistent"",""configuration"":""consistent"",""environment"":""consistent"",""intent"":""consistent"",""policy"":""consistent""}",C1,,0.24746945919469,2026-08-08T05:14:22.332411+00:00,2720875.588897623,0.005061167757958174,11,,consistent,7
2720876.091370083,,0.5,transition-20260808T051207Z,,,2720876.336948125,"{""authorization"":""consistent"",""configuration"":""consistent"",""environment"":""consistent"",""intent"":""consistent"",""policy"":""consistent""}",C1,,0.24557804223150015,2026-08-08T05:14:22.827937+00:00,2720876.088897623,0.002472459804266691,12,,consistent,7
2720876.593944333,,0.5,transition-20260808T051207Z,,,2720876.845866166,"{""authorization"":""consistent"",""configuration"":""consistent"",""environment"":""consistent"",""intent"":""consistent"",""policy"":""consistent""}",C1,,0.2519218330271542,2026-08-08T05:14:23.336865+00:00,2720876.588897623,0.005046709906309843,13,,consistent,7
2720877.088966583,,0.5,transition-20260808T051207Z,,,2720877.453670666,"{""authorization"":""consistent"",""configuration"":""consistent"",""environment"":""consistent"",""intent"":""consistent"",""policy"":""consistent""}",C1,,0.36470408318564296,2026-08-08T05:14:23.944667+00:00,2720877.088897623,6.89597800374031e-05,14,,consistent,7
2720877.593941166,,0.5,transition-20260808T051207Z,,,2720878.05853375,"{""authorization"":""consistent"",""configuration"":""consistent"",""environment"":""consistent"",""intent"":""consistent"",""policy"":""consistent""}",C1,,0.4645925839431584,2026-08-08T05:14:24.549537+00:00,2720877.588897623,0.005043542943894863,15,,consistent,7
2720878.090070791,,0.5,transition-20260808T051207Z,,,2720878.311400166,"{""authorization"":""consistent"",""configuration"":""consistent"",""environment"":""consistent"",""intent"":""consistent"",""policy"":""consistent""}",C1,,0.22132937470450997,2026-08-08T05:14:24.802401+00:00,2720878.088897623,0.0011731679551303387,16,,consistent,7
2720878.591278666,,0.5,transition-20260808T051207Z,,,2720878.83131775,"{""authorization"":""consistent"",""configuration"":""consistent"",""environment"":""consistent"",""intent"":""consistent"",""policy"":""consistent""}",C1,,0.24003908364102244,2026-08-08T05:14:25.322322+00:00,2720878.588897623,0.002381043042987585,17,,consistent,7
2720879.091926541,,0.5,transition-20260808T051207Z,,,2720879.310170625,"{""authorization"":""consistent"",""configuration"":""consistent"",""environment"":""consistent"",""intent"":""consistent"",""policy"":""consistent""}",C1,,0.21824408369138837,2026-08-08T05:14:25.801181+00:00,2720879.088897623,0.00302891805768013,18,,consistent,7
2720879.594508708,,0.5,transition-20260808T051207Z,,,2720879.803783791,"{""authorization"":""consistent"",""configuration"":""consistent"",""environment"":""consistent"",""intent"":""consistent"",""policy"":""consistent""}",C1,,0.20927508315071464,2026-08-08T05:14:26.294794+00:00,2720879.588897623,0.005611084867268801,19,,consistent,7
2720880.092919791,,0.5,transition-20260808T051207Z,,,2720880.376137166,"{""authorization"":""consistent"",""configuration"":""consistent"",""environment"":""consistent"",""intent"":""consistent"",""policy"":""consistent""}",C1,,0.2832173747010529,2026-08-08T05:14:26.867153+00:00,2720880.088897623,0.00402216799557209,20,,consistent,7
2720880.590378958,,0.5,transition-20260808T051207Z,,,2720880.815910291,"{""authorization"":""consistent"",""configuration"":""consistent"",""environment"":""consistent"",""intent"":""consistent"",""policy"":""consistent""}",C1,,0.22553133312612772,2026-08-08T05:14:27.306931+00:00,2720880.588897623,0.0014813346788287163,21,,consistent,7
2720881.090849375,,0.5,transition-20260808T051207Z,,,2720881.32113475,"{""authorization"":""consistent"",""configuration"":""consistent"",""environment"":""consistent"",""intent"":""consistent"",""policy"":""consistent""}",C1,,0.23028537491336465,2026-08-08T05:14:27.812156+00:00,2720881.088897623,0.0019517517648637295,22,,consistent,7
2720881.589668208,,0.5,transition-20260808T051207Z,,,2720881.851101166,"{""authorization"":""consistent"",""configuration"":""consistent"",""environment"":""consistent"",""intent"":""consistent"",""policy"":""consistent""}",C1,,0.26143295830115676,2026-08-08T05:14:28.342130+00:00,2720881.588897623,0.0007705846801400185,23,,consistent,7
2720882.089231291,,0.5,transition-20260808T051207Z,,,2720882.329055958,"{""authorization"":""consistent"",""configuration"":""consistent"",""environment"":""consistent"",""intent"":""consistent"",""policy"":""consistent""}",C1,,0.23982466710731387,2026-08-08T05:14:28.820089+00:00,2720882.088897623,0.00033366773277521133,24,,consistent,7
2720882.590868625,,0.5,transition-20260808T051207Z,,,2720882.791363208,"{""authorization"":""consistent"",""configuration"":""consistent"",""environment"":""consistent"",""intent"":""consistent"",""policy"":""consistent""}",C1,,0.20049458323046565,2026-08-08T05:14:29.282395+00:00,2720882.588897623,0.001971001736819744,25,,consistent,7
2720872.368896375,,2.0,transition-20260808T051207Z,,,2720872.563258541,"{""authorization"":""consistent"",""configuration"":""consistent"",""environment"":""consistent"",""intent"":""consistent"",""policy"":""consistent""}",C1,,0.1943621658720076,2026-08-08T05:14:19.054229+00:00,2720872.3651815285,0.003714846447110176,1,,consistent,7
2720874.3686345,,2.0,transition-20260808T051207Z,,,2720874.620076333,"{""authorization"":""consistent"",""configuration"":""consistent"",""environment"":""consistent"",""intent"":""consistent"",""policy"":""consistent""}",C1,,0.2514418330974877,2026-08-08T05:14:21.111057+00:00,2720874.3651815285,0.003452971577644348,2,,consistent,7
2720876.366407083,,2.0,transition-20260808T051207Z,,,2720876.58136425,"{""authorization"":""consistent"",""configuration"":""consistent"",""environment"":""consistent"",""intent"":""consistent"",""policy"":""consistent""}",C1,,0.21495716692879796,2026-08-08T05:14:23.072366+00:00,2720876.3651815285,0.001225554384291172,3,,consistent,7
2720878.367286125,,2.0,transition-20260808T051207Z,,,2720878.705255958,"{""authorization"":""consistent"",""configuration"":""consistent"",""environment"":""consistent"",""intent"":""consistent"",""policy"":""consistent""}",C1,,0.3379698325879872,2026-08-08T05:14:25.196262+00:00,2720878.3651815285,0.0021045967005193233,4,,consistent,7
2720880.369886416,,2.0,transition-20260808T051207Z,,,2720880.595699958,"{""authorization"":""consistent"",""configuration"":""consistent"",""environment"":""consistent"",""intent"":""consistent"",""policy"":""consistent""}",C1,,0.22581354202702641,2026-08-08T05:14:27.086717+00:00,2720880.3651815285,0.004704887513071299,5,,consistent,7
2720882.367493416,,2.0,transition-20260808T051207Z,,,2720882.565799958,"{""authorization"":""consistent"",""configuration"":""consistent"",""environment"":""consistent"",""intent"":""consistent"",""policy"":""consistent""}",C1,,0.19830654188990593,2026-08-08T05:14:29.056830+00:00,2720882.3651815285,0.0023118876852095127,6,,consistent,7
2720874.766238875,,10.0,transition-20260808T051207Z,,,2720875.024141333,"{""authorization"":""consistent"",""configuration"":""consistent"",""environment"":""consistent"",""intent"":""consistent"",""policy"":""consistent""}",C1,,0.25790245784446597,2026-08-08T05:14:21.515133+00:00,2720874.762834567,0.00340430811047554,1,,consistent,7
2720902.4064865,,0.5,transition-20260808T051207Z,configuration,configuration,2720902.62033375,"{""authorization"":""consistent"",""configuration"":""inconsistent"",""environment"":""consistent"",""intent"":""consistent"",""policy"":""consistent""}",C2,managed deployment projection differs from Git,0.21384724974632263,2026-08-08T05:14:49.111507+00:00,2720902.405937054,0.0005494458600878716,1,,drift,8
2720902.911003625,,0.5,transition-20260808T051207Z,configuration,configuration,2720903.16011775,"{""authorization"":""consistent"",""configuration"":""inconsistent"",""environment"":""consistent"",""intent"":""consistent"",""policy"":""consistent""}",C2,managed deployment projection differs from Git,0.24911412503570318,2026-08-08T05:14:49.651294+00:00,2720902.905937054,0.0050665708258748055,2,,drift,8
2720903.408003916,,0.5,transition-20260808T051207Z,evidence,evidence,2720903.62069925,"{""authorization"":""undecidable"",""configuration"":""consistent"",""environment"":""consistent"",""intent"":""consistent"",""policy"":""consistent""}",C2,artifact lineage unavailable: an active pod lacks a complete ready-container digest set,0.21269533410668373,2026-08-08T05:14:50.111876+00:00,2720903.405937054,0.0020668618381023407,3,authorization,undecidable,8
2720903.908356375,,0.5,transition-20260808T051207Z,evidence,evidence,2720904.1150425,"{""authorization"":""undecidable"",""configuration"":""consistent"",""environment"":""consistent"",""intent"":""consistent"",""policy"":""consistent""}",C2,artifact lineage unavailable: an active pod lacks a complete ready-container digest set,0.20668612513691187,2026-08-08T05:14:50.606225+00:00,2720903.905937054,0.0024193208664655685,4,authorization,undecidable,8
2720904.410503791,,0.5,transition-20260808T051207Z,,,2720904.602667083,"{""authorization"":""consistent"",""configuration"":""consistent"",""environment"":""consistent"",""intent"":""consistent"",""policy"":""consistent""}",C2,,0.19216329185292125,2026-08-08T05:14:51.093859+00:00,2720904.405937054,0.004566736984997988,5,,consistent,8
2720904.910021041,,0.5,transition-20260808T051207Z,,,2720905.169084125,"{""authorization"":""consistent"",""configuration"":""consistent"",""environment"":""consistent"",""intent"":""consistent"",""policy"":""consistent""}",C2,,0.25906308414414525,2026-08-08T05:14:51.660272+00:00,2720904.905937054,0.004083986859768629,6,,consistent,8
2720905.410846958,,0.5,transition-20260808T051207Z,,,2720905.627699541,"{""authorization"":""consistent"",""configuration"":""consistent"",""environment"":""consistent"",""intent"":""consistent"",""policy"":""consistent""}",C2,,0.2168525829911232,2026-08-08T05:14:52.118892+00:00,2720905.405937054,0.00490990374237299,7,,consistent,8
2720905.910781208,,0.5,transition-20260808T051207Z,,,2720906.1129755,"{""authorization"":""consistent"",""configuration"":""consistent"",""environment"":""consistent"",""intent"":""consistent"",""policy"":""consistent""}",C2,,0.20219429209828377,2026-08-08T05:14:52.604174+00:00,2720905.905937054,0.004844153765588999,8,,consistent,8
2720906.411203916,,0.5,transition-20260808T051207Z,,,2720906.633678458,"{""authorization"":""consistent"",""configuration"":""consistent"",""environment"":""consistent"",""intent"":""consistent"",""policy"":""consistent""}",C2,,0.2224745419807732,2026-08-08T05:14:53.124881+00:00,2720906.405937054,0.005266861990094185,9,,consistent,8
2720906.911003416,,0.5,transition-20260808T051207Z,,,2720907.167295875,"{""authorization"":""consistent"",""configuration"":""consistent"",""environment"":""consistent"",""intent"":""consistent"",""policy"":""consistent""}",C2,,0.256292459089309,2026-08-08T05:14:53.658503+00:00,2720906.905937054,0.005066361743956804,10,,consistent,8
2720907.406527583,,0.5,transition-20260808T051207Z,,,2720907.625855083,"{""authorization"":""consistent"",""configuration"":""consistent"",""environment"":""consistent"",""intent"":""consistent"",""policy"":""consistent""}",C2,,0.219327500090003,2026-08-08T05:14:54.117061+00:00,2720907.405937054,0.0005905288271605968,11,,consistent,8
2720907.907092041,,0.5,transition-20260808T051207Z,,,2720908.136503916,"{""authorization"":""consistent"",""configuration"":""consistent"",""environment"":""consistent"",""intent"":""consistent"",""policy"":""consistent""}",C2,,0.22941187489777803,2026-08-08T05:14:54.627713+00:00,2720907.905937054,0.0011549866758286953,12,,consistent,8
2720908.410983875,,0.5,transition-20260808T051207Z,,,2720908.585558,"{""authorization"":""consistent"",""configuration"":""consistent"",""environment"":""consistent"",""intent"":""consistent"",""policy"":""consistent""}",C2,,0.1745741250924766,2026-08-08T05:14:55.076768+00:00,2720908.405937054,0.005046820733696222,13,,consistent,8
2720908.908543083,,0.5,transition-20260808T051207Z,,,2720909.119320875,"{""authorization"":""consistent"",""configuration"":""consistent"",""environment"":""consistent"",""intent"":""consistent"",""policy"":""consistent""}",C2,,0.21077779214829206,2026-08-08T05:14:55.610538+00:00,2720908.905937054,0.002606028690934181,14,,consistent,8
2720909.4080475,,0.5,transition-20260808T051207Z,,,2720909.59582675,"{""authorization"":""consistent"",""configuration"":""consistent"",""environment"":""consistent"",""intent"":""consistent"",""policy"":""consistent""}",C2,,0.18777925008907914,2026-08-08T05:14:56.087046+00:00,2720909.405937054,0.002110445871949196,15,,consistent,8
2720909.907100041,,0.5,transition-20260808T051207Z,,,2720910.160219,"{""authorization"":""consistent"",""configuration"":""consistent"",""environment"":""consistent"",""intent"":""consistent"",""policy"":""consistent""}",C2,,0.25311895925551653,2026-08-08T05:14:56.651443+00:00,2720909.905937054,0.0011629867367446423,16,,consistent,8
2720910.409518166,,0.5,transition-20260808T051207Z,,,2720910.623181333,"{""authorization"":""consistent"",""configuration"":""consistent"",""environment"":""consistent"",""intent"":""consistent"",""policy"":""consistent""}",C2,,0.21366316685453057,2026-08-08T05:14:57.114407+00:00,2720910.405937054,0.0035811117850244045,17,,consistent,8
2720910.911775083,,0.5,transition-20260808T051207Z,,,2720911.116485041,"{""authorization"":""consistent"",""configuration"":""consistent"",""environment"":""consistent"",""intent"":""consistent"",""policy"":""consistent""}",C2,,0.2047099582850933,2026-08-08T05:14:57.607714+00:00,2720910.905937054,0.005838028620928526,18,,consistent,8
2720911.410993708,,0.5,transition-20260808T051207Z,,,2720911.604184125,"{""authorization"":""consistent"",""configuration"":""consistent"",""environment"":""consistent"",""intent"":""consistent"",""policy"":""consistent""}",C2,,0.19319041725248098,2026-08-08T05:14:58.095417+00:00,2720911.405937054,0.0050566536374390125,19,,consistent,8
2720911.910019708,,0.5,transition-20260808T051207Z,,,2720912.127237958,"{""authorization"":""consistent"",""configuration"":""consistent"",""environment"":""consistent"",""intent"":""consistent"",""policy"":""consistent""}",C2,,0.21721825003623962,2026-08-08T05:14:58.618476+00:00,2720911.905937054,0.004082653671503067,20,,consistent,8
2720912.408365125,,0.5,transition-20260808T051207Z,,,2720912.669136833,"{""authorization"":""consistent"",""configuration"":""consistent"",""environment"":""consistent"",""intent"":""consistent"",""policy"":""consistent""}",C2,,0.2607717080973089,2026-08-08T05:14:59.160376+00:00,2720912.405937054,0.002428070642054081,21,,consistent,8
2720912.909493916,,0.5,transition-20260808T051207Z,,,2720913.119068458,"{""authorization"":""consistent"",""configuration"":""consistent"",""environment"":""consistent"",""intent"":""consistent"",""policy"":""consistent""}",C2,,0.20957454200834036,2026-08-08T05:14:59.610313+00:00,2720912.905937054,0.0035568620078265667,22,,consistent,8
2720913.410103833,,0.5,transition-20260808T051207Z,,,2720913.648004125,"{""authorization"":""consistent"",""configuration"":""consistent"",""environment"":""consistent"",""intent"":""consistent"",""policy"":""consistent""}",C2,,0.23790029203519225,2026-08-08T05:15:00.139253+00:00,2720913.405937054,0.004166778642684221,23,,consistent,8
2720913.910220291,,0.5,transition-20260808T051207Z,,,2720914.103378541,"{""authorization"":""consistent"",""configuration"":""consistent"",""environment"":""consistent"",""intent"":""consistent"",""policy"":""consistent""}",C2,,0.19315824983641505,2026-08-08T05:15:00.594635+00:00,2720913.905937054,0.004283236805349588,24,,consistent,8
2720914.409463083,,0.5,transition-20260808T051207Z,,,2720914.611748,"{""authorization"":""consistent"",""configuration"":""consistent"",""environment"":""consistent"",""intent"":""consistent"",""policy"":""consistent""}",C2,,0.20228491723537445,2026-08-08T05:15:01.103000+00:00,2720914.405937054,0.003526028711348772,25,,consistent,8
2720914.910167458,,0.5,transition-20260808T051207Z,,,2720915.1623465,"{""authorization"":""consistent"",""configuration"":""consistent"",""environment"":""consistent"",""intent"":""consistent"",""policy"":""consistent""}",C2,,0.2521790419705212,2026-08-08T05:15:01.653603+00:00,2720914.905937054,0.004230403807014227,26,,consistent,8
2720915.4098845,,0.5,transition-20260808T051207Z,,,2720915.643873791,"{""authorization"":""consistent"",""configuration"":""consistent"",""environment"":""consistent"",""intent"":""consistent"",""policy"":""consistent""}",C2,,0.23398929135873914,2026-08-08T05:15:02.135149+00:00,2720915.405937054,0.003947445657104254,27,,consistent,8
2720915.905981041,,0.5,transition-20260808T051207Z,,,2720916.105648,"{""authorization"":""consistent"",""configuration"":""consistent"",""environment"":""consistent"",""intent"":""consistent"",""policy"":""consistent""}",C2,,0.19966695876792073,2026-08-08T05:15:02.596912+00:00,2720915.905937054,4.398683086037636e-05,28,,consistent,8
2720916.409171166,,0.5,transition-20260808T051207Z,,,2720916.620925541,"{""authorization"":""consistent"",""configuration"":""consistent"",""environment"":""consistent"",""intent"":""consistent"",""policy"":""consistent""}",C2,,0.2117543751373887,2026-08-08T05:15:03.112192+00:00,2720916.405937054,0.0032341117039322853,29,,consistent,8
2720916.910993416,,0.5,transition-20260808T051207Z,,,2720917.159045958,"{""authorization"":""consistent"",""configuration"":""consistent"",""environment"":""consistent"",""intent"":""consistent"",""policy"":""consistent""}",C2,,0.24805254209786654,2026-08-08T05:15:03.650322+00:00,2720916.905937054,0.005056361667811871,30,,consistent,8
2720917.406841666,,0.5,transition-20260808T051207Z,,,2720917.630241916,"{""authorization"":""consistent"",""configuration"":""consistent"",""environment"":""consistent"",""intent"":""consistent"",""policy"":""consistent""}",C2,,0.22340025007724762,2026-08-08T05:15:04.121515+00:00,2720917.405937054,0.0009046117775142193,31,,consistent,8
2720917.910222958,,0.5,transition-20260808T051207Z,,,2720918.116742208,"{""authorization"":""consistent"",""configuration"":""consistent"",""environment"":""consistent"",""intent"":""consistent"",""policy"":""consistent""}",C2,,0.20651925029233098,2026-08-08T05:15:04.608021+00:00,2720917.905937054,0.004285903647542,32,,consistent,8
2720918.409468583,,0.5,transition-20260808T051207Z,,,2720918.711970458,"{""authorization"":""consistent"",""configuration"":""consistent"",""environment"":""consistent"",""intent"":""consistent"",""policy"":""consistent""}",C2,,0.3025018749758601,2026-08-08T05:15:05.203253+00:00,2720918.405937054,0.0035315286368131638,33,,consistent,8
2720918.906540708,,0.5,transition-20260808T051207Z,,,2720919.28913925,"{""authorization"":""consistent"",""configuration"":""consistent"",""environment"":""consistent"",""intent"":""consistent"",""policy"":""consistent""}",C2,,0.38259854167699814,2026-08-08T05:15:05.780424+00:00,2720918.905937054,0.0006036539562046528,34,,consistent,8
2720919.409058208,,0.5,transition-20260808T051207Z,,,2720919.608356208,"{""authorization"":""consistent"",""configuration"":""consistent"",""environment"":""consistent"",""intent"":""consistent"",""policy"":""consistent""}",C2,,0.19929799996316433,2026-08-08T05:15:06.099642+00:00,2720919.405937054,0.0031211539171636105,35,,consistent,8
2720919.91082775,,0.5,transition-20260808T051207Z,,,2720920.13852575,"{""authorization"":""consistent"",""configuration"":""consistent"",""environment"":""consistent"",""intent"":""consistent"",""policy"":""consistent""}",C2,,0.22769800014793873,2026-08-08T05:15:06.629818+00:00,2720919.905937054,0.004890695679932833,36,,consistent,8
2720920.410690625,,0.5,transition-20260808T051207Z,,,2720920.640252208,"{""authorization"":""consistent"",""configuration"":""consistent"",""environment"":""consistent"",""intent"":""consistent"",""policy"":""consistent""}",C2,,0.22956158267334104,2026-08-08T05:15:07.131548+00:00,2720920.405937054,0.004753571003675461,37,,consistent,8
2720920.907038333,,0.5,transition-20260808T051207Z,,,2720921.1161275,"{""authorization"":""consistent"",""configuration"":""consistent"",""environment"":""consistent"",""intent"":""consistent"",""policy"":""consistent""}",C2,,0.20908916695043445,2026-08-08T05:15:07.607428+00:00,2720920.905937054,0.0011012786999344826,38,,consistent,8
2720921.409501458,,0.5,transition-20260808T051207Z,,,2720921.616867458,"{""authorization"":""consistent"",""configuration"":""consistent"",""environment"":""consistent"",""intent"":""consistent"",""policy"":""consistent""}",C2,,0.20736599992960691,2026-08-08T05:15:08.108170+00:00,2720921.405937054,0.003564403858035803,39,,consistent,8
2720903.8822655,,2.0,transition-20260808T051207Z,evidence,evidence,2720904.105577,"{""authorization"":""undecidable"",""configuration"":""consistent"",""environment"":""consistent"",""intent"":""consistent"",""policy"":""consistent""}",C2,artifact lineage unavailable: an active pod lacks a complete ready-container digest set,0.22331150015816092,2026-08-08T05:14:50.596780+00:00,2720903.8764261827,0.0058393171057105064,1,authorization,undecidable,8
2720905.87847725,,2.0,transition-20260808T051207Z,,,2720906.069837833,"{""authorization"":""consistent"",""configuration"":""consistent"",""environment"":""consistent"",""intent"":""consistent"",""policy"":""consistent""}",C2,,0.19136058259755373,2026-08-08T05:14:52.561032+00:00,2720905.8764261827,0.002051067538559437,2,,consistent,8
2720907.880992083,,2.0,transition-20260808T051207Z,,,2720908.113086791,"{""authorization"":""consistent"",""configuration"":""consistent"",""environment"":""consistent"",""intent"":""consistent"",""policy"":""consistent""}",C2,,0.2320947078987956,2026-08-08T05:14:54.604303+00:00,2720907.8764261827,0.004565900191664696,3,,consistent,8
2720909.877477333,,2.0,transition-20260808T051207Z,,,2720910.159832208,"{""authorization"":""consistent"",""configuration"":""consistent"",""environment"":""consistent"",""intent"":""consistent"",""policy"":""consistent""}",C2,,0.28235487500205636,2026-08-08T05:14:56.651053+00:00,2720909.8764261827,0.0010511502623558044,4,,consistent,8
2720911.878953791,,2.0,transition-20260808T051207Z,,,2720912.098384666,"{""authorization"":""consistent"",""configuration"":""consistent"",""environment"":""consistent"",""intent"":""consistent"",""policy"":""consistent""}",C2,,0.2194308745674789,2026-08-08T05:14:58.589624+00:00,2720911.8764261827,0.002527608536183834,5,,consistent,8
2720913.879408625,,2.0,transition-20260808T051207Z,,,2720914.085316958,"{""authorization"":""consistent"",""configuration"":""consistent"",""environment"":""consistent"",""intent"":""consistent"",""policy"":""consistent""}",C2,,0.2059083329513669,2026-08-08T05:15:00.576568+00:00,2720913.8764261827,0.0029824422672390938,6,,consistent,8
2720915.879680125,,2.0,transition-20260808T051207Z,,,2720916.071252,"{""authorization"":""consistent"",""configuration"":""consistent"",""environment"":""consistent"",""intent"":""consistent"",""policy"":""consistent""}",C2,,0.19157187500968575,2026-08-08T05:15:02.562515+00:00,2720915.8764261827,0.0032539423555135727,7,,consistent,8
2720917.878041291,,2.0,transition-20260808T051207Z,,,2720918.08055775,"{""authorization"":""consistent"",""configuration"":""consistent"",""environment"":""consistent"",""intent"":""consistent"",""policy"":""consistent""}",C2,,0.20251645892858505,2026-08-08T05:15:04.571837+00:00,2720917.8764261827,0.0016151084564626217,8,,consistent,8
2720919.879050208,,2.0,transition-20260808T051207Z,,,2720920.139374125,"{""authorization"":""consistent"",""configuration"":""consistent"",""environment"":""consistent"",""intent"":""consistent"",""policy"":""consistent""}",C2,,0.26032391702756286,2026-08-08T05:15:06.630669+00:00,2720919.8764261827,0.0026240251027047634,9,,consistent,8
2720909.987573541,,10.0,transition-20260808T051207Z,,,2720910.20699275,"{""authorization"":""consistent"",""configuration"":""consistent"",""environment"":""consistent"",""intent"":""consistent"",""policy"":""consistent""}",C2,,0.21941920928657055,2026-08-08T05:14:56.698228+00:00,2720909.9859445756,0.001628965139389038,1,,consistent,8
2720919.987405791,,10.0,transition-20260808T051207Z,,,2720920.187211083,"{""authorization"":""consistent"",""configuration"":""consistent"",""environment"":""consistent"",""intent"":""consistent"",""policy"":""consistent""}",C2,,0.19980529183521867,2026-08-08T05:15:06.678514+00:00,2720919.9859445756,0.001461215317249298,2,,consistent,8
2720931.251089291,,0.5,transition-20260808T051207Z,,,2720931.485737458,"{""authorization"":""consistent"",""configuration"":""consistent"",""environment"":""consistent"",""intent"":""consistent"",""policy"":""consistent""}",C3,,0.23464816669002175,2026-08-08T05:15:17.977112+00:00,2720931.24609977,0.004989521112293005,1,,consistent,9
2720931.751167375,,0.5,transition-20260808T051207Z,,,2720931.947071916,"{""authorization"":""consistent"",""configuration"":""consistent"",""environment"":""consistent"",""intent"":""consistent"",""policy"":""consistent""}",C3,,0.19590454082936049,2026-08-08T05:15:18.438446+00:00,2720931.74609977,0.005067605059593916,2,,consistent,9
2720932.248381541,,0.5,transition-20260808T051207Z,,,2720932.4644715,"{""authorization"":""consistent"",""configuration"":""consistent"",""environment"":""consistent"",""intent"":""consistent"",""policy"":""consistent""}",C3,,0.2160899587906897,2026-08-08T05:15:18.955851+00:00,2720932.24609977,0.0022817710414528847,3,,consistent,9
2720932.750881791,,0.5,transition-20260808T051207Z,,,2720932.955930041,"{""authorization"":""consistent"",""configuration"":""consistent"",""environment"":""consistent"",""intent"":""consistent"",""policy"":""consistent""}",C3,,0.20504825003445148,2026-08-08T05:15:19.447309+00:00,2720932.74609977,0.0047820210456848145,4,,consistent,9
2720933.247411,,0.5,transition-20260808T051207Z,,,2720933.433661291,"{""authorization"":""consistent"",""configuration"":""consistent"",""environment"":""consistent"",""intent"":""consistent"",""policy"":""consistent""}",C3,,0.1862502908334136,2026-08-08T05:15:19.925044+00:00,2720933.24609977,0.001311230007559061,5,,consistent,9
2720933.746238375,,0.5,transition-20260808T051207Z,,,2720933.936800916,"{""authorization"":""consistent"",""configuration"":""consistent"",""environment"":""consistent"",""intent"":""consistent"",""policy"":""consistent""}",C3,,0.19056254113093019,2026-08-08T05:15:20.428189+00:00,2720933.74609977,0.0001386050134897232,6,,consistent,9
2720934.25119225,,0.5,transition-20260808T051207Z,,,2720934.44365775,"{""authorization"":""consistent"",""configuration"":""consistent"",""environment"":""consistent"",""intent"":""consistent"",""policy"":""consistent""}",C3,,0.19246549997478724,2026-08-08T05:15:20.935048+00:00,2720934.24609977,0.005092479754239321,7,,consistent,9
2720934.746883958,,0.5,transition-20260808T051207Z,,,2720934.964701666,"{""authorization"":""consistent"",""configuration"":""consistent"",""environment"":""consistent"",""intent"":""consistent"",""policy"":""consistent""}",C3,,0.21781770791858435,2026-08-08T05:15:21.456098+00:00,2720934.74609977,0.0007841880433261395,8,,consistent,9
2720935.250192208,,0.5,transition-20260808T051207Z,,,2720935.45747775,"{""authorization"":""consistent"",""configuration"":""consistent"",""environment"":""consistent"",""intent"":""consistent"",""policy"":""consistent""}",C3,,0.20728554157540202,2026-08-08T05:15:21.948873+00:00,2720935.24609977,0.004092438146471977,9,,consistent,9
2720935.747326458,,0.5,transition-20260808T051207Z,,,2720935.993061583,"{""authorization"":""consistent"",""configuration"":""consistent"",""environment"":""consistent"",""intent"":""consistent"",""policy"":""consistent""}",C3,,0.24573512515053153,2026-08-08T05:15:22.484463+00:00,2720935.74609977,0.001226687803864479,10,,consistent,9
2720936.251138833,,0.5,transition-20260808T051207Z,,,2720936.451435208,"{""authorization"":""consistent"",""configuration"":""consistent"",""environment"":""consistent"",""intent"":""consistent"",""policy"":""consistent""}",C3,,0.2002963749691844,2026-08-08T05:15:22.942842+00:00,2720936.24609977,0.005039062816649675,11,,consistent,9
2720936.750923583,,0.5,transition-20260808T051207Z,evidence,evidence,2720936.972245875,"{""authorization"":""undecidable"",""configuration"":""consistent"",""environment"":""consistent"",""intent"":""consistent"",""policy"":""consistent""}",C3,artifact lineage unavailable: an active pod lacks a complete ready-container digest set,0.22132229199633002,2026-08-08T05:15:23.463663+00:00,2720936.74609977,0.004823812749236822,12,authorization,undecidable,9
2720937.25010075,,0.5,transition-20260808T051207Z,evidence,evidence,2720937.488077333,"{""authorization"":""undecidable"",""configuration"":""consistent"",""environment"":""consistent"",""intent"":""consistent"",""policy"":""consistent""}",C3,artifact lineage unavailable: an active pod lacks a complete ready-container digest set,0.23797658318653703,2026-08-08T05:15:23.979491+00:00,2720937.24609977,0.004000979941338301,13,authorization,undecidable,9
2720937.750929208,,0.5,transition-20260808T051207Z,,,2720937.935963375,"{""authorization"":""consistent"",""configuration"":""consistent"",""environment"":""consistent"",""intent"":""consistent"",""policy"":""consistent""}",C3,,0.18503416702151299,2026-08-08T05:15:24.427379+00:00,2720937.74609977,0.0048294379375875,14,,consistent,9
2720938.249482666,,0.5,transition-20260808T051207Z,,,2720938.457137333,"{""authorization"":""consistent"",""configuration"":""consistent"",""environment"":""consistent"",""intent"":""consistent"",""policy"":""consistent""}",C3,,0.20765466708689928,2026-08-08T05:15:24.948555+00:00,2720938.24609977,0.0033828960731625557,15,,consistent,9
2720938.751980083,,0.5,transition-20260808T051207Z,,,2720938.952539333,"{""authorization"":""consistent"",""configuration"":""consistent"",""environment"":""consistent"",""intent"":""consistent"",""policy"":""consistent""}",C3,,0.20055925007909536,2026-08-08T05:15:25.443962+00:00,2720938.74609977,0.005880312994122505,16,,consistent,9
2720939.251167833,,0.5,transition-20260808T051207Z,,,2720939.432014666,"{""authorization"":""consistent"",""configuration"":""consistent"",""environment"":""consistent"",""intent"":""consistent"",""policy"":""consistent""}",C3,,0.18084683315828443,2026-08-08T05:15:25.923439+00:00,2720939.24609977,0.0050680628046393394,17,,consistent,9
2720939.747079333,,0.5,transition-20260808T051207Z,,,2720939.951717083,"{""authorization"":""consistent"",""configuration"":""consistent"",""environment"":""consistent"",""intent"":""consistent"",""policy"":""consistent""}",C3,,0.20463775005191565,2026-08-08T05:15:26.443154+00:00,2720939.74609977,0.0009795627556741238,18,,consistent,9
2720940.250494541,,0.5,transition-20260808T051207Z,,,2720940.437117833,"{""authorization"":""consistent"",""configuration"":""consistent"",""environment"":""consistent"",""intent"":""consistent"",""policy"":""consistent""}",C3,,0.18662329204380512,2026-08-08T05:15:26.928552+00:00,2720940.24609977,0.0043947710655629635,19,,consistent,9
2720940.746986875,,0.5,transition-20260808T051207Z,,,2720940.957801166,"{""authorization"":""consistent"",""configuration"":""consistent"",""environment"":""consistent"",""intent"":""consistent"",""policy"":""consistent""}",C3,,0.21081429114565253,2026-08-08T05:15:27.449236+00:00,2720940.74609977,0.0008871047757565975,20,,consistent,9
2720941.249123541,,0.5,transition-20260808T051207Z,,,2720941.492213666,"{""authorization"":""consistent"",""configuration"":""consistent"",""environment"":""consistent"",""intent"":""consistent"",""policy"":""consistent""}",C3,,0.24309012480080128,2026-08-08T05:15:27.983653+00:00,2720941.24609977,0.0030237711034715176,21,,consistent,9
2720941.750482208,,0.5,transition-20260808T051207Z,,,2720941.940040291,"{""authorization"":""consistent"",""configuration"":""consistent"",""environment"":""consistent"",""intent"":""consistent"",""policy"":""consistent""}",C3,,0.18955808272585273,2026-08-08T05:15:28.431487+00:00,2720941.74609977,0.004382438026368618,22,,consistent,9
2720942.253433458,,0.5,transition-20260808T051207Z,,,2720942.451056208,"{""authorization"":""consistent"",""configuration"":""consistent"",""environment"":""consistent"",""intent"":""consistent"",""policy"":""consistent""}",C3,,0.19762274995446205,2026-08-08T05:15:28.942505+00:00,2720942.24609977,0.007333687972277403,23,,consistent,9
2720942.748582041,,0.5,transition-20260808T051207Z,,,2720942.994907,"{""authorization"":""consistent"",""configuration"":""consistent"",""environment"":""consistent"",""intent"":""consistent"",""policy"":""consistent""}",C3,,0.24632495921105146,2026-08-08T05:15:29.486357+00:00,2720942.74609977,0.002482270821928978,24,,consistent,9
2720943.253283958,,0.5,transition-20260808T051207Z,,,2720943.472640458,"{""authorization"":""consistent"",""configuration"":""consistent"",""environment"":""consistent"",""intent"":""consistent"",""policy"":""consistent""}",C3,,0.21935650007799268,2026-08-08T05:15:29.964096+00:00,2720943.24609977,0.0071841878816485405,25,,consistent,9
2720943.747636875,,0.5,transition-20260808T051207Z,,,2720943.963515041,"{""authorization"":""consistent"",""configuration"":""consistent"",""environment"":""consistent"",""intent"":""consistent"",""policy"":""consistent""}",C3,,0.21587816579267383,2026-08-08T05:15:30.454971+00:00,2720943.74609977,0.001537105068564415,26,,consistent,9
2720944.247870333,,0.5,transition-20260808T051207Z,,,2720944.526360833,"{""authorization"":""consistent"",""configuration"":""consistent"",""environment"":""consistent"",""intent"":""consistent"",""policy"":""consistent""}",C3,,0.2784905000589788,2026-08-08T05:15:31.017819+00:00,2720944.24609977,0.0017705629579722881,27,,consistent,9
2720944.750139583,,0.5,transition-20260808T051207Z,,,2720944.943935416,"{""authorization"":""consistent"",""configuration"":""consistent"",""environment"":""consistent"",""intent"":""consistent"",""policy"":""consistent""}",C3,,0.1937958332709968,2026-08-08T05:15:31.435399+00:00,2720944.74609977,0.004039812833070755,28,,consistent,9
2720945.249334791,,0.5,transition-20260808T051207Z,,,2720945.513794958,"{""authorization"":""consistent"",""configuration"":""consistent"",""environment"":""consistent"",""intent"":""consistent"",""policy"":""consistent""}",C3,,0.2644601669162512,2026-08-08T05:15:32.005260+00:00,2720945.24609977,0.0032350211404263973,29,,consistent,9
2720945.7511495,,0.5,transition-20260808T051207Z,,,2720946.125317041,"{""authorization"":""consistent"",""configuration"":""consistent"",""environment"":""consistent"",""intent"":""consistent"",""policy"":""consistent""}",C3,,0.37416754104197025,2026-08-08T05:15:32.616791+00:00,2720945.74609977,0.005049729719758034,30,,consistent,9
2720946.247485083,,0.5,transition-20260808T051207Z,,,2720946.542817916,"{""authorization"":""consistent"",""configuration"":""consistent"",""environment"":""consistent"",""intent"":""consistent"",""policy"":""consistent""}",C3,,0.29533283272758126,2026-08-08T05:15:33.034297+00:00,2720946.24609977,0.001385312993079424,31,,consistent,9
2720946.749826041,,0.5,transition-20260808T051207Z,,,2720947.254836416,"{""authorization"":""consistent"",""configuration"":""consistent"",""environment"":""consistent"",""intent"":""consistent"",""policy"":""consistent""}",C3,,0.5050103748217225,2026-08-08T05:15:33.746316+00:00,2720946.74609977,0.003726270981132984,32,,consistent,9
2720947.255055916,,0.5,transition-20260808T051207Z,,,2720947.656307958,"{""authorization"":""consistent"",""configuration"":""consistent"",""environment"":""consistent"",""intent"":""consistent"",""policy"":""consistent""}",C3,,0.40125204203650355,2026-08-08T05:15:34.147790+00:00,2720947.24609977,0.008956145960837603,33,,consistent,9
2720947.751041125,,0.5,transition-20260808T051207Z,,,2720948.041386,"{""authorization"":""consistent"",""configuration"":""consistent"",""environment"":""consistent"",""intent"":""consistent"",""policy"":""consistent""}",C3,,0.29034487484022975,2026-08-08T05:15:34.532875+00:00,2720947.74609977,0.004941354971379042,34,,consistent,9
2720948.2462215,,0.5,transition-20260808T051207Z,,,2720948.461271333,"{""authorization"":""consistent"",""configuration"":""consistent"",""environment"":""consistent"",""intent"":""consistent"",""policy"":""consistent""}",C3,,0.2150498330593109,2026-08-08T05:15:34.952757+00:00,2720948.24609977,0.00012172991409897804,35,,consistent,9
2720948.74747225,,0.5,transition-20260808T051207Z,,,2720949.003897666,"{""authorization"":""consistent"",""configuration"":""consistent"",""environment"":""consistent"",""intent"":""consistent"",""policy"":""consistent""}",C3,,0.25642541609704494,2026-08-08T05:15:35.495392+00:00,2720948.74609977,0.00137247983366251,36,,consistent,9
2720949.2503795,,0.5,transition-20260808T051207Z,,,2720949.453270291,"{""authorization"":""consistent"",""configuration"":""consistent"",""environment"":""consistent"",""intent"":""consistent"",""policy"":""consistent""}",C3,,0.2028907909989357,2026-08-08T05:15:35.944766+00:00,2720949.24609977,0.004279729910194874,37,,consistent,9
2720949.74987,,0.5,transition-20260808T051207Z,,,2720949.949071833,"{""authorization"":""consistent"",""configuration"":""consistent"",""environment"":""consistent"",""intent"":""consistent"",""policy"":""consistent""}",C3,,0.1992018329910934,2026-08-08T05:15:36.440570+00:00,2720949.74609977,0.003770229872316122,38,,consistent,9
2720931.343459291,,2.0,transition-20260808T051207Z,,,2720931.527678625,"{""authorization"":""consistent"",""configuration"":""consistent"",""environment"":""consistent"",""intent"":""consistent"",""policy"":""consistent""}",C3,,0.1842193342745304,2026-08-08T05:15:18.019054+00:00,2720931.3416276514,0.0018316395580768585,1,,consistent,9
2720933.342949333,,2.0,transition-20260808T051207Z,,,2720933.522274791,"{""authorization"":""consistent"",""configuration"":""consistent"",""environment"":""consistent"",""intent"":""consistent"",""policy"":""consistent""}",C3,,0.17932545766234398,2026-08-08T05:15:20.013663+00:00,2720933.3416276514,0.0013216817751526833,2,,consistent,9
2720935.346118833,,2.0,transition-20260808T051207Z,,,2720935.523727291,"{""authorization"":""consistent"",""configuration"":""consistent"",""environment"":""consistent"",""intent"":""consistent"",""policy"":""consistent""}",C3,,0.17760845785960555,2026-08-08T05:15:22.015125+00:00,2720935.3416276514,0.004491181578487158,3,,consistent,9
2720937.345888208,,2.0,transition-20260808T051207Z,evidence,evidence,2720937.560770666,"{""authorization"":""undecidable"",""configuration"":""consistent"",""environment"":""consistent"",""intent"":""consistent"",""policy"":""consistent""}",C3,artifact lineage unavailable: an active pod lacks a complete ready-container digest set,0.21488245809450746,2026-08-08T05:15:24.052185+00:00,2720937.3416276514,0.004260556772351265,4,authorization,undecidable,9
2720939.346483958,,2.0,transition-20260808T051207Z,,,2720939.533539625,"{""authorization"":""consistent"",""configuration"":""consistent"",""environment"":""consistent"",""intent"":""consistent"",""policy"":""consistent""}",C3,,0.18705566693097353,2026-08-08T05:15:26.024971+00:00,2720939.3416276514,0.004856306593865156,5,,consistent,9
2720941.343874375,,2.0,transition-20260808T051207Z,,,2720941.54666025,"{""authorization"":""consistent"",""configuration"":""consistent"",""environment"":""consistent"",""intent"":""consistent"",""policy"":""consistent""}",C3,,0.20278587518259883,2026-08-08T05:15:28.038105+00:00,2720941.3416276514,0.002246723510324955,6,,consistent,9
2720943.343781333,,2.0,transition-20260808T051207Z,,,2720943.542950958,"{""authorization"":""consistent"",""configuration"":""consistent"",""environment"":""consistent"",""intent"":""consistent"",""policy"":""consistent""}",C3,,0.19916962506249547,2026-08-08T05:15:30.034405+00:00,2720943.3416276514,0.002153681591153145,7,,consistent,9
2720945.344422791,,2.0,transition-20260808T051207Z,,,2720945.578953416,"{""authorization"":""consistent"",""configuration"":""consistent"",""environment"":""consistent"",""intent"":""consistent"",""policy"":""consistent""}",C3,,0.23453062493354082,2026-08-08T05:15:32.070423+00:00,2720945.3416276514,0.002795139793306589,8,,consistent,9
2720947.343381458,,2.0,transition-20260808T051207Z,,,2720947.734478291,"{""authorization"":""consistent"",""configuration"":""consistent"",""environment"":""consistent"",""intent"":""consistent"",""policy"":""consistent""}",C3,,0.3910968331620097,2026-08-08T05:15:34.225978+00:00,2720947.3416276514,0.0017538066022098064,9,,consistent,9
2720949.341700166,,2.0,transition-20260808T051207Z,,,2720949.536379541,"{""authorization"":""consistent"",""configuration"":""consistent"",""environment"":""consistent"",""intent"":""consistent"",""policy"":""consistent""}",C3,,0.19467937480658293,2026-08-08T05:15:36.027875+00:00,2720949.3416276514,7.251463830471039e-05,10,,consistent,9
2720939.139645041,,10.0,transition-20260808T051207Z,,,2720939.337049458,"{""authorization"":""consistent"",""configuration"":""consistent"",""environment"":""consistent"",""intent"":""consistent"",""policy"":""consistent""}",C3,,0.19740441720932722,2026-08-08T05:15:25.828510+00:00,2720939.136288316,0.003356724977493286,1,,consistent,9
2720949.139348458,,10.0,transition-20260808T051207Z,,,2720949.351127375,"{""authorization"":""consistent"",""configuration"":""consistent"",""environment"":""consistent"",""intent"":""consistent"",""policy"":""consistent""}",C3,,0.21177891688421369,2026-08-08T05:15:35.842691+00:00,2720949.136288316,0.003060142043977976,2,,consistent,9
2720957.640193458,,0.5,transition-20260808T051207Z,evidence,evidence,2720957.83435925,"{""authorization"":""undecidable"",""configuration"":""consistent"",""environment"":""consistent"",""intent"":""consistent"",""policy"":""consistent""}",C4,artifact lineage unavailable: an active pod lacks a complete ready-container digest set,0.19416579185053706,2026-08-08T05:15:44.325916+00:00,2720957.6372712334,0.002922224812209606,1,authorization,undecidable,10
2720958.139001125,,0.5,transition-20260808T051207Z,evidence,evidence,2720958.37179775,"{""authorization"":""undecidable"",""configuration"":""consistent"",""environment"":""consistent"",""intent"":""consistent"",""policy"":""consistent""}",C4,artifact lineage unavailable: an active pod lacks a complete ready-container digest set,0.23279662476852536,2026-08-08T05:15:44.863357+00:00,2720958.1372712334,0.0017298916354775429,2,authorization,undecidable,10
2720958.641989291,,0.5,transition-20260808T051207Z,,,2720958.89073625,"{""authorization"":""consistent"",""configuration"":""consistent"",""environment"":""consistent"",""intent"":""consistent"",""policy"":""consistent""}",C4,,0.24874695902690291,2026-08-08T05:15:45.382297+00:00,2720958.6372712334,0.004718057811260223,3,,consistent,10
2720959.139624,,0.5,transition-20260808T051207Z,,,2720959.337052583,"{""authorization"":""consistent"",""configuration"":""consistent"",""environment"":""consistent"",""intent"":""consistent"",""policy"":""consistent""}",C4,,0.19742858316749334,2026-08-08T05:15:45.828617+00:00,2720959.1372712334,0.002352766692638397,4,,consistent,10
2720959.637701875,,0.5,transition-20260808T051207Z,,,2720960.093413541,"{""authorization"":""consistent"",""configuration"":""consistent"",""environment"":""consistent"",""intent"":""consistent"",""policy"":""consistent""}",C4,,0.45571166602894664,2026-08-08T05:15:46.584989+00:00,2720959.6372712334,0.00043064169585704803,5,,consistent,10
2720960.13796075,,0.5,transition-20260808T051207Z,,,2720960.355201458,"{""authorization"":""consistent"",""configuration"":""consistent"",""environment"":""consistent"",""intent"":""consistent"",""policy"":""consistent""}",C4,,0.2172407079488039,2026-08-08T05:15:46.846772+00:00,2720960.1372712334,0.0006895167753100395,6,,consistent,10
2720960.6407215,,0.5,transition-20260808T051207Z,,,2720961.187596708,"{""authorization"":""consistent"",""configuration"":""consistent"",""environment"":""consistent"",""intent"":""consistent"",""policy"":""consistent""}",C4,,0.5468752081505954,2026-08-08T05:15:47.679178+00:00,2720960.6372712334,0.0034502665512263775,7,,consistent,10
2720961.187842833,,0.5,transition-20260808T051207Z,,,2720961.500480333,"{""authorization"":""consistent"",""configuration"":""consistent"",""environment"":""consistent"",""intent"":""consistent"",""policy"":""consistent""}",C4,,0.31263749999925494,2026-08-08T05:15:47.992060+00:00,2720961.1372712334,0.05057159950956702,8,,consistent,10
2720961.642330333,,0.5,transition-20260808T051207Z,,,2720961.960120916,"{""authorization"":""consistent"",""configuration"":""consistent"",""environment"":""consistent"",""intent"":""consistent"",""policy"":""consistent""}",C4,,0.31779058277606964,2026-08-08T05:15:48.451705+00:00,2720961.6372712334,0.00505909975618124,9,,consistent,10
2720962.140718958,,0.5,transition-20260808T051207Z,,,2720962.402160208,"{""authorization"":""consistent"",""configuration"":""consistent"",""environment"":""consistent"",""intent"":""consistent"",""policy"":""consistent""}",C4,,0.26144125033169985,2026-08-08T05:15:48.893745+00:00,2720962.1372712334,0.0034477245062589645,10,,consistent,10
2720962.640112125,,0.5,transition-20260808T051207Z,,,2720962.926491291,"{""authorization"":""consistent"",""configuration"":""consistent"",""environment"":""consistent"",""intent"":""consistent"",""policy"":""consistent""}",C4,,0.2863791659474373,2026-08-08T05:15:49.418079+00:00,2720962.6372712334,0.002840891480445862,11,,consistent,10
2720963.137588208,,0.5,transition-20260808T051207Z,,,2720963.323976791,"{""authorization"":""consistent"",""configuration"":""consistent"",""environment"":""consistent"",""intent"":""consistent"",""policy"":""consistent""}",C4,,0.18638858292251825,2026-08-08T05:15:49.815568+00:00,2720963.1372712334,0.0003169747069478035,12,,consistent,10
2720963.638399291,,0.5,transition-20260808T051207Z,,,2720963.855904541,"{""authorization"":""consistent"",""configuration"":""consistent"",""environment"":""consistent"",""intent"":""consistent"",""policy"":""consistent""}",C4,,0.21750525012612343,2026-08-08T05:15:50.347498+00:00,2720963.6372712334,0.0011280574835836887,13,,consistent,10
2720964.1407785,,0.5,transition-20260808T051207Z,,,2720964.340480666,"{""authorization"":""consistent"",""configuration"":""consistent"",""environment"":""consistent"",""intent"":""consistent"",""policy"":""consistent""}",C4,,0.1997021660208702,2026-08-08T05:15:50.832078+00:00,2720964.1372712334,0.003507266752421856,14,,consistent,10
2720964.637378208,,0.5,transition-20260808T051207Z,,,2720964.853042958,"{""authorization"":""consistent"",""configuration"":""consistent"",""environment"":""consistent"",""intent"":""consistent"",""policy"":""consistent""}",C4,,0.21566474996507168,2026-08-08T05:15:51.344644+00:00,2720964.6372712334,0.00010697450488805771,15,,consistent,10
2720965.138229583,,0.5,transition-20260808T051207Z,,,2720965.415057375,"{""authorization"":""consistent"",""configuration"":""consistent"",""environment"":""consistent"",""intent"":""consistent"",""policy"":""consistent""}",C4,,0.27682779217138886,2026-08-08T05:15:51.906667+00:00,2720965.1372712334,0.0009583495557308197,16,,consistent,10
2720965.640667458,,0.5,transition-20260808T051207Z,,,2720965.870709791,"{""authorization"":""consistent"",""configuration"":""consistent"",""environment"":""consistent"",""intent"":""consistent"",""policy"":""consistent""}",C4,,0.2300423327833414,2026-08-08T05:15:52.362321+00:00,2720965.6372712334,0.003396224696189165,17,,consistent,10
2720966.140348333,,0.5,transition-20260808T051207Z,,,2720966.3200775,"{""authorization"":""consistent"",""configuration"":""consistent"",""environment"":""consistent"",""intent"":""consistent"",""policy"":""consistent""}",C4,,0.179729166906327,2026-08-08T05:15:52.811691+00:00,2720966.1372712334,0.0030770995654165745,18,,consistent,10
2720966.637681666,,0.5,transition-20260808T051207Z,,,2720966.86441925,"{""authorization"":""consistent"",""configuration"":""consistent"",""environment"":""consistent"",""intent"":""consistent"",""policy"":""consistent""}",C4,,0.22673758398741484,2026-08-08T05:15:53.356036+00:00,2720966.6372712334,0.00041043246164917946,19,,consistent,10
2720967.142343666,,0.5,transition-20260808T051207Z,,,2720967.3534395,"{""authorization"":""consistent"",""configuration"":""consistent"",""environment"":""consistent"",""intent"":""consistent"",""policy"":""consistent""}",C4,,0.21109583415091038,2026-08-08T05:15:53.845059+00:00,2720967.1372712334,0.005072432570159435,20,,consistent,10
2720967.640684083,,0.5,transition-20260808T051207Z,,,2720967.881045583,"{""authorization"":""consistent"",""configuration"":""consistent"",""environment"":""consistent"",""intent"":""consistent"",""policy"":""consistent""}",C4,,0.24036150006577373,2026-08-08T05:15:54.372669+00:00,2720967.6372712334,0.003412849735468626,21,,consistent,10
2720968.14122325,,0.5,transition-20260808T051207Z,,,2720968.336921958,"{""authorization"":""consistent"",""configuration"":""consistent"",""environment"":""consistent"",""intent"":""consistent"",""policy"":""consistent""}",C4,,0.19569870783016086,2026-08-08T05:15:54.828547+00:00,2720968.1372712334,0.0039520165883004665,22,,consistent,10
2720968.642020583,,0.5,transition-20260808T051207Z,,,2720968.843894958,"{""authorization"":""consistent"",""configuration"":""consistent"",""environment"":""consistent"",""intent"":""consistent"",""policy"":""consistent""}",C4,,0.20187437487766147,2026-08-08T05:15:55.335524+00:00,2720968.6372712334,0.004749349784106016,23,,consistent,10
2720969.14233625,,0.5,transition-20260808T051207Z,,,2720969.346136208,"{""authorization"":""consistent"",""configuration"":""consistent"",""environment"":""consistent"",""intent"":""consistent"",""policy"":""consistent""}",C4,,0.20379995834082365,2026-08-08T05:15:55.837769+00:00,2720969.1372712334,0.005065016448497772,24,,consistent,10
2720969.641936416,,0.5,transition-20260808T051207Z,,,2720969.837715916,"{""authorization"":""consistent"",""configuration"":""consistent"",""environment"":""consistent"",""intent"":""consistent"",""policy"":""consistent""}",C4,,0.19577950006350875,2026-08-08T05:15:56.329351+00:00,2720969.6372712334,0.004665182437747717,25,,consistent,10
2720970.139994041,,0.5,transition-20260808T051207Z,,,2720970.353788708,"{""authorization"":""consistent"",""configuration"":""consistent"",""environment"":""consistent"",""intent"":""consistent"",""policy"":""consistent""}",C4,,0.21379466680809855,2026-08-08T05:15:56.845429+00:00,2720970.1372712334,0.0027228076942265034,26,,consistent,10
2720970.642340208,,0.5,transition-20260808T051207Z,,,2720970.864726416,"{""authorization"":""consistent"",""configuration"":""consistent"",""environment"":""consistent"",""intent"":""consistent"",""policy"":""consistent""}",C4,,0.22238620789721608,2026-08-08T05:15:57.356370+00:00,2720970.6372712334,0.005068974569439888,27,,consistent,10
2720957.827274375,,2.0,transition-20260808T051207Z,evidence,evidence,2720958.040734625,"{""authorization"":""undecidable"",""configuration"":""consistent"",""environment"":""consistent"",""intent"":""consistent"",""policy"":""consistent""}",C4,artifact lineage unavailable: an active pod lacks a complete ready-container digest set,0.21346024982631207,2026-08-08T05:15:44.532290+00:00,2720957.826385659,0.0008887159638106823,1,authorization,undecidable,10
2720959.827934708,,2.0,transition-20260808T051207Z,,,2720960.196872166,"{""authorization"":""consistent"",""configuration"":""consistent"",""environment"":""consistent"",""intent"":""consistent"",""policy"":""consistent""}",C4,,0.3689374579116702,2026-08-08T05:15:46.688443+00:00,2720959.826385659,0.0015490488149225712,2,,consistent,10
2720961.829861583,,2.0,transition-20260808T051207Z,,,2720962.063929791,"{""authorization"":""consistent"",""configuration"":""consistent"",""environment"":""consistent"",""intent"":""consistent"",""policy"":""consistent""}",C4,,0.23406820790842175,2026-08-08T05:15:48.555553+00:00,2720961.826385659,0.0034759240224957466,3,,consistent,10
2720963.829906,,2.0,transition-20260808T051207Z,,,2720964.032671041,"{""authorization"":""consistent"",""configuration"":""consistent"",""environment"":""consistent"",""intent"":""consistent"",""policy"":""consistent""}",C4,,0.2027650410309434,2026-08-08T05:15:50.524267+00:00,2720963.826385659,0.003520340658724308,4,,consistent,10
2720965.831429041,,2.0,transition-20260808T051207Z,,,2720966.123995,"{""authorization"":""consistent"",""configuration"":""consistent"",""environment"":""consistent"",""intent"":""consistent"",""policy"":""consistent""}",C4,,0.29256595904007554,2026-08-08T05:15:52.615608+00:00,2720965.826385659,0.005043381825089455,5,,consistent,10
2720967.826879,,2.0,transition-20260808T051207Z,,,2720968.055752541,"{""authorization"":""consistent"",""configuration"":""consistent"",""environment"":""consistent"",""intent"":""consistent"",""policy"":""consistent""}",C4,,0.2288735411129892,2026-08-08T05:15:54.547392+00:00,2720967.826385659,0.0004933406598865986,6,,consistent,10
2720969.827491791,,2.0,transition-20260808T051207Z,,,2720970.016136625,"{""authorization"":""consistent"",""configuration"":""consistent"",""environment"":""consistent"",""intent"":""consistent"",""policy"":""consistent""}",C4,,0.18864483386278152,2026-08-08T05:15:56.507778+00:00,2720969.826385659,0.0011061318218708038,7,,consistent,10
2720963.035753041,,10.0,transition-20260808T051207Z,,,2720963.232532458,"{""authorization"":""consistent"",""configuration"":""consistent"",""environment"":""consistent"",""intent"":""consistent"",""policy"":""consistent""}",C4,,0.1967794168740511,2026-08-08T05:15:49.724135+00:00,2720963.0349032315,0.0008498094975948334,1,,consistent,10
2720977.074269916,,0.5,transition-20260808T051207Z,evidence,evidence,2720977.269274166,"{""authorization"":""undecidable"",""configuration"":""consistent"",""environment"":""consistent"",""intent"":""consistent"",""policy"":""consistent""}",C5,artifact lineage unavailable: an active pod lacks a complete ready-container digest set,0.1950042499229312,2026-08-08T05:16:03.760969+00:00,2720977.072336241,0.001933674793690443,1,authorization,undecidable,11
2720977.57489275,,0.5,transition-20260808T051207Z,,,2720977.907948333,"{""authorization"":""consistent"",""configuration"":""consistent"",""environment"":""consistent"",""intent"":""consistent"",""policy"":""consistent""}",C5,,0.33305558282881975,2026-08-08T05:16:04.399640+00:00,2720977.572336241,0.0025565088726580143,2,,consistent,11
2720978.073207583,,0.5,transition-20260808T051207Z,,,2720978.330469791,"{""authorization"":""consistent"",""configuration"":""consistent"",""environment"":""consistent"",""intent"":""consistent"",""policy"":""consistent""}",C5,,0.2572622080333531,2026-08-08T05:16:04.822164+00:00,2720978.072336241,0.0008713416755199432,3,,consistent,11
2720978.582386625,,0.5,transition-20260808T051207Z,,,2720978.990394875,"{""authorization"":""consistent"",""configuration"":""consistent"",""environment"":""consistent"",""intent"":""consistent"",""policy"":""consistent""}",C5,,0.4080082499422133,2026-08-08T05:16:05.482095+00:00,2720978.572336241,0.010050383862107992,4,,consistent,11
2720979.074577791,,0.5,transition-20260808T051207Z,,,2720979.315419,"{""authorization"":""consistent"",""configuration"":""consistent"",""environment"":""consistent"",""intent"":""consistent"",""policy"":""consistent""}",C5,,0.24084120895713568,2026-08-08T05:16:05.807122+00:00,2720979.072336241,0.002241550013422966,5,,consistent,11
2720979.575571333,,0.5,transition-20260808T051207Z,,,2720979.848291791,"{""authorization"":""consistent"",""configuration"":""consistent"",""environment"":""consistent"",""intent"":""consistent"",""policy"":""consistent""}",C5,,0.2727204579859972,2026-08-08T05:16:06.339997+00:00,2720979.572336241,0.003235091920942068,6,,consistent,11
2720980.076340916,,0.5,transition-20260808T051207Z,,,2720980.313177,"{""authorization"":""consistent"",""configuration"":""consistent"",""environment"":""consistent"",""intent"":""consistent"",""policy"":""consistent""}",C5,,0.23683608369901776,2026-08-08T05:16:06.804888+00:00,2720980.072336241,0.004004674963653088,7,,consistent,11
2720980.577385208,,0.5,transition-20260808T051207Z,,,2720980.830464458,"{""authorization"":""consistent"",""configuration"":""consistent"",""environment"":""consistent"",""intent"":""consistent"",""policy"":""consistent""}",C5,,0.25307924998924136,2026-08-08T05:16:07.322176+00:00,2720980.572336241,0.005048966966569424,8,,consistent,11
2720981.076555875,,0.5,transition-20260808T051207Z,,,2720981.434779708,"{""authorization"":""consistent"",""configuration"":""consistent"",""environment"":""consistent"",""intent"":""consistent"",""policy"":""consistent""}",C5,,0.3582238326780498,2026-08-08T05:16:07.926497+00:00,2720981.072336241,0.0042196339927613735,9,,consistent,11
2720981.577385166,,0.5,transition-20260808T051207Z,,,2720981.837082916,"{""authorization"":""consistent"",""configuration"":""consistent"",""environment"":""consistent"",""intent"":""consistent"",""policy"":""consistent""}",C5,,0.25969774974510074,2026-08-08T05:16:08.328801+00:00,2720981.572336241,0.005048925057053566,10,,consistent,11
2720982.077397958,,0.5,transition-20260808T051207Z,,,2720982.286138541,"{""authorization"":""consistent"",""configuration"":""consistent"",""environment"":""consistent"",""intent"":""consistent"",""policy"":""consistent""}",C5,,0.2087405831553042,2026-08-08T05:16:08.777863+00:00,2720982.072336241,0.00506171677261591,11,,consistent,11
2720982.572453833,,0.5,transition-20260808T051207Z,,,2720982.853603791,"{""authorization"":""consistent"",""configuration"":""consistent"",""environment"":""consistent"",""intent"":""consistent"",""policy"":""consistent""}",C5,,0.2811499577946961,2026-08-08T05:16:09.345333+00:00,2720982.572336241,0.00011759204789996147,12,,consistent,11
2720983.074839708,,0.5,transition-20260808T051207Z,,,2720983.266518916,"{""authorization"":""consistent"",""configuration"":""consistent"",""environment"":""consistent"",""intent"":""consistent"",""policy"":""consistent""}",C5,,0.19167920807376504,2026-08-08T05:16:09.758249+00:00,2720983.072336241,0.0025034667924046516,13,,consistent,11
2720983.577053458,,0.5,transition-20260808T051207Z,,,2720983.780564625,"{""authorization"":""consistent"",""configuration"":""consistent"",""environment"":""consistent"",""intent"":""consistent"",""policy"":""consistent""}",C5,,0.20351116685196757,2026-08-08T05:16:10.272296+00:00,2720983.572336241,0.004717216826975346,14,,consistent,11
2720984.07377575,,0.5,transition-20260808T051207Z,,,2720984.270456333,"{""authorization"":""consistent"",""configuration"":""consistent"",""environment"":""consistent"",""intent"":""consistent"",""policy"":""consistent""}",C5,,0.19668058305978775,2026-08-08T05:16:10.762193+00:00,2720984.072336241,0.0014395089820027351,15,,consistent,11
2720984.573075416,,0.5,transition-20260808T051207Z,,,2720984.797362958,"{""authorization"":""consistent"",""configuration"":""consistent"",""environment"":""consistent"",""intent"":""consistent"",""policy"":""consistent""}",C5,,0.22428754204884171,2026-08-08T05:16:11.289102+00:00,2720984.572336241,0.0007391748949885368,16,,consistent,11
2720985.077503041,,0.5,transition-20260808T051207Z,,,2720985.391572125,"{""authorization"":""consistent"",""configuration"":""consistent"",""environment"":""consistent"",""intent"":""consistent"",""policy"":""consistent""}",C5,,0.314069083891809,2026-08-08T05:16:11.883316+00:00,2720985.072336241,0.005166799761354923,17,,consistent,11
2720985.574591666,,0.5,transition-20260808T051207Z,,,2720986.139699833,"{""authorization"":""consistent"",""configuration"":""consistent"",""environment"":""consistent"",""intent"":""consistent"",""policy"":""consistent""}",C5,,0.5651081670075655,2026-08-08T05:16:12.631452+00:00,2720985.572336241,0.0022554248571395874,18,,consistent,11
2720986.140208375,,0.5,transition-20260808T051207Z,,,2720986.496728708,"{""authorization"":""consistent"",""configuration"":""consistent"",""environment"":""consistent"",""intent"":""consistent"",""policy"":""consistent""}",C5,,0.3565203328616917,2026-08-08T05:16:12.988482+00:00,2720986.072336241,0.06787213403731585,19,,consistent,11
2720986.572649208,,0.5,transition-20260808T051207Z,,,2720986.779202375,"{""authorization"":""consistent"",""configuration"":""consistent"",""environment"":""consistent"",""intent"":""consistent"",""policy"":""consistent""}",C5,,0.20655316719785333,2026-08-08T05:16:13.270960+00:00,2720986.572336241,0.0003129667602479458,20,,consistent,11
2720987.076887083,,0.5,transition-20260808T051207Z,,,2720987.367176416,"{""authorization"":""consistent"",""configuration"":""consistent"",""environment"":""consistent"",""intent"":""consistent"",""policy"":""consistent""}",C5,,0.2902893330901861,2026-08-08T05:16:13.858935+00:00,2720987.072336241,0.004550841636955738,21,,consistent,11
2720987.572461791,,0.5,transition-20260808T051207Z,,,2720987.834849666,"{""authorization"":""consistent"",""configuration"":""consistent"",""environment"":""consistent"",""intent"":""consistent"",""policy"":""consistent""}",C5,,0.26238787500187755,2026-08-08T05:16:14.326610+00:00,2720987.572336241,0.00012554973363876343,22,,consistent,11
2720988.076001708,,0.5,transition-20260808T051207Z,,,2720988.283415291,"{""authorization"":""consistent"",""configuration"":""consistent"",""environment"":""consistent"",""intent"":""consistent"",""policy"":""consistent""}",C5,,0.20741358306258917,2026-08-08T05:16:14.775178+00:00,2720988.072336241,0.003665466792881489,23,,consistent,11
2720988.5744515,,0.5,transition-20260808T051207Z,,,2720988.797495458,"{""authorization"":""consistent"",""configuration"":""consistent"",""environment"":""consistent"",""intent"":""consistent"",""policy"":""consistent""}",C5,,0.22304395772516727,2026-08-08T05:16:15.289266+00:00,2720988.572336241,0.0021152589470148087,24,,consistent,11
2720989.077410166,,0.5,transition-20260808T051207Z,,,2720989.400942541,"{""authorization"":""consistent"",""configuration"":""consistent"",""environment"":""consistent"",""intent"":""consistent"",""policy"":""consistent""}",C5,,0.3235323750413954,2026-08-08T05:16:15.892717+00:00,2720989.072336241,0.005073925014585257,25,,consistent,11
2720989.573764875,,0.5,transition-20260808T051207Z,,,2720989.855580458,"{""authorization"":""consistent"",""configuration"":""consistent"",""environment"":""consistent"",""intent"":""consistent"",""policy"":""consistent""}",C5,,0.28181558288633823,2026-08-08T05:16:16.347354+00:00,2720989.572336241,0.0014286339282989502,26,,consistent,11
2720990.0756585,,0.5,transition-20260808T051207Z,,,2720990.321768666,"{""authorization"":""consistent"",""configuration"":""consistent"",""environment"":""consistent"",""intent"":""consistent"",""policy"":""consistent""}",C5,,0.24611016595736146,2026-08-08T05:16:16.813548+00:00,2720990.072336241,0.003322259057313204,27,,consistent,11
2720978.294762291,,2.0,transition-20260808T051207Z,,,2720978.714639166,"{""authorization"":""consistent"",""configuration"":""consistent"",""environment"":""consistent"",""intent"":""consistent"",""policy"":""consistent""}",C5,,0.41987687489017844,2026-08-08T05:16:05.206343+00:00,2720978.2910929536,0.0036693373695015907,1,,consistent,11
2720980.29141675,,2.0,transition-20260808T051207Z,,,2720980.498371208,"{""authorization"":""consistent"",""configuration"":""consistent"",""environment"":""consistent"",""intent"":""consistent"",""policy"":""consistent""}",C5,,0.20695445826277137,2026-08-08T05:16:06.990084+00:00,2720980.2910929536,0.00032379617914557457,2,,consistent,11
2720982.296159666,,2.0,transition-20260808T051207Z,,,2720982.639237916,"{""authorization"":""consistent"",""configuration"":""consistent"",""environment"":""consistent"",""intent"":""consistent"",""policy"":""consistent""}",C5,,0.3430782500654459,2026-08-08T05:16:09.131088+00:00,2720982.2910929536,0.005066712386906147,3,,consistent,11
2720984.292702125,,2.0,transition-20260808T051207Z,,,2720984.470505083,"{""authorization"":""consistent"",""configuration"":""consistent"",""environment"":""consistent"",""intent"":""consistent"",""policy"":""consistent""}",C5,,0.17780295806005597,2026-08-08T05:16:10.962239+00:00,2720984.2910929536,0.001609171275049448,4,,consistent,11
2720986.2940225,,2.0,transition-20260808T051207Z,,,2720986.585605916,"{""authorization"":""consistent"",""configuration"":""consistent"",""environment"":""consistent"",""intent"":""consistent"",""policy"":""consistent""}",C5,,0.29158341605216265,2026-08-08T05:16:13.077372+00:00,2720986.2910929536,0.0029295464046299458,5,,consistent,11
2720988.296060208,,2.0,transition-20260808T051207Z,,,2720988.4994275,"{""authorization"":""consistent"",""configuration"":""consistent"",""environment"":""consistent"",""intent"":""consistent"",""policy"":""consistent""}",C5,,0.2033672919496894,2026-08-08T05:16:14.991192+00:00,2720988.2910929536,0.004967254586517811,6,,consistent,11
2720986.375529166,,10.0,transition-20260808T051207Z,,,2720986.646900125,"{""authorization"":""consistent"",""configuration"":""consistent"",""environment"":""consistent"",""intent"":""consistent"",""policy"":""consistent""}",C5,,0.2713709590025246,2026-08-08T05:16:13.138661+00:00,2720986.3750321926,0.0004969732835888863,1,,consistent,11
2720995.311086875,,0.5,transition-20260808T051207Z,evidence,evidence,2720995.496353791,"{""authorization"":""undecidable"",""configuration"":""consistent"",""environment"":""consistent"",""intent"":""consistent"",""policy"":""consistent""}",C6,artifact lineage unavailable: an active pod lacks a complete ready-container digest set,0.18526691617444158,2026-08-08T05:16:21.988170+00:00,2720995.3064677464,0.0046191285364329815,1,authorization,undecidable,12
2720995.807167416,,0.5,transition-20260808T051207Z,,,2720996.026292458,"{""authorization"":""consistent"",""configuration"":""consistent"",""environment"":""consistent"",""intent"":""consistent"",""policy"":""consistent""}",C6,,0.2191250422038138,2026-08-08T05:16:22.518114+00:00,2720995.8064677464,0.0006996695883572102,2,,consistent,12
2720996.311517625,,0.5,transition-20260808T051207Z,,,2720996.49600675,"{""authorization"":""consistent"",""configuration"":""consistent"",""environment"":""consistent"",""intent"":""consistent"",""policy"":""consistent""}",C6,,0.18448912492021918,2026-08-08T05:16:22.987827+00:00,2720996.3064677464,0.005049878731369972,3,,consistent,12
2720996.806878791,,0.5,transition-20260808T051207Z,,,2720997.000236458,"{""authorization"":""consistent"",""configuration"":""consistent"",""environment"":""consistent"",""intent"":""consistent"",""policy"":""consistent""}",C6,,0.19335766695439816,2026-08-08T05:16:23.492058+00:00,2720996.8064677464,0.00041104480624198914,4,,consistent,12
2720997.308067333,,0.5,transition-20260808T051207Z,,,2720997.5082105,"{""authorization"":""consistent"",""configuration"":""consistent"",""environment"":""consistent"",""intent"":""consistent"",""policy"":""consistent""}",C6,,0.2001431668177247,2026-08-08T05:16:24.000041+00:00,2720997.3064677464,0.0015995865687727928,5,,consistent,12
2720997.811508166,,0.5,transition-20260808T051207Z,,,2720998.034449791,"{""authorization"":""consistent"",""configuration"":""consistent"",""environment"":""consistent"",""intent"":""consistent"",""policy"":""consistent""}",C6,,0.2229416249319911,2026-08-08T05:16:24.526289+00:00,2720997.8064677464,0.00504041975364089,6,,consistent,12
2720998.308891041,,0.5,transition-20260808T051207Z,,,2720998.540578916,"{""authorization"":""consistent"",""configuration"":""consistent"",""environment"":""consistent"",""intent"":""consistent"",""policy"":""consistent""}",C6,,0.23168787499889731,2026-08-08T05:16:25.032416+00:00,2720998.3064677464,0.002423294819891453,7,,consistent,12
2720998.809876125,,0.5,transition-20260808T051207Z,,,2720999.005554375,"{""authorization"":""consistent"",""configuration"":""consistent"",""environment"":""consistent"",""intent"":""consistent"",""policy"":""consistent""}",C6,,0.19567824993282557,2026-08-08T05:16:25.497397+00:00,2720998.8064677464,0.003408378455787897,8,,consistent,12
2720999.30813625,,0.5,transition-20260808T051207Z,,,2720999.543150875,"{""authorization"":""consistent"",""configuration"":""consistent"",""environment"":""consistent"",""intent"":""consistent"",""policy"":""consistent""}",C6,,0.2350146248936653,2026-08-08T05:16:26.034993+00:00,2720999.3064677464,0.0016685035079717636,9,,consistent,12
2720999.806620541,,0.5,transition-20260808T051207Z,,,2721000.025416416,"{""authorization"":""consistent"",""configuration"":""consistent"",""environment"":""consistent"",""intent"":""consistent"",""policy"":""consistent""}",C6,,0.2187958750873804,2026-08-08T05:16:26.517271+00:00,2720999.8064677464,0.00015279464423656464,10,,consistent,12
2721000.311528291,,0.5,transition-20260808T051207Z,,,2721000.516519833,"{""authorization"":""consistent"",""configuration"":""consistent"",""environment"":""consistent"",""intent"":""consistent"",""policy"":""consistent""}",C6,,0.20499154180288315,2026-08-08T05:16:27.008370+00:00,2721000.3064677464,0.005060544703155756,11,,consistent,12
2721000.808188833,,0.5,transition-20260808T051207Z,,,2721001.018864666,"{""authorization"":""consistent"",""configuration"":""consistent"",""environment"":""consistent"",""intent"":""consistent"",""policy"":""consistent""}",C6,,0.2106758332811296,2026-08-08T05:16:27.510717+00:00,2721000.8064677464,0.0017210864461958408,12,,consistent,12
2721001.311533625,,0.5,transition-20260808T051207Z,,,2721001.527744166,"{""authorization"":""consistent"",""configuration"":""consistent"",""environment"":""consistent"",""intent"":""consistent"",""policy"":""consistent""}",C6,,0.21621054131537676,2026-08-08T05:16:28.019600+00:00,2721001.3064677464,0.005065878387540579,13,,consistent,12
2721001.811523625,,0.5,transition-20260808T051207Z,,,2721002.048106708,"{""authorization"":""consistent"",""configuration"":""consistent"",""environment"":""consistent"",""intent"":""consistent"",""policy"":""consistent""}",C6,,0.23658308293670416,2026-08-08T05:16:28.539968+00:00,2721001.8064677464,0.0050558787770569324,14,,consistent,12
2721002.308891625,,0.5,transition-20260808T051207Z,,,2721002.634283375,"{""authorization"":""consistent"",""configuration"":""consistent"",""environment"":""consistent"",""intent"":""consistent"",""policy"":""consistent""}",C6,,0.3253917498514056,2026-08-08T05:16:29.126149+00:00,2721002.3064677464,0.0024238787591457367,15,,consistent,12
2721002.808382916,,0.5,transition-20260808T051207Z,,,2721002.99749725,"{""authorization"":""consistent"",""configuration"":""consistent"",""environment"":""consistent"",""intent"":""consistent"",""policy"":""consistent""}",C6,,0.18911433406174183,2026-08-08T05:16:29.489363+00:00,2721002.8064677464,0.0019151694141328335,16,,consistent,12
2721003.30832875,,0.5,transition-20260808T051207Z,,,2721003.556554458,"{""authorization"":""consistent"",""configuration"":""consistent"",""environment"":""consistent"",""intent"":""consistent"",""policy"":""consistent""}",C6,,0.24822570802643895,2026-08-08T05:16:30.048423+00:00,2721003.3064677464,0.0018610036931931973,17,,consistent,12
2721003.809645958,,0.5,transition-20260808T051207Z,,,2721004.036146833,"{""authorization"":""consistent"",""configuration"":""consistent"",""environment"":""consistent"",""intent"":""consistent"",""policy"":""consistent""}",C6,,0.22650087531656027,2026-08-08T05:16:30.528023+00:00,2721003.8064677464,0.0031782113946974277,18,,consistent,12
2721004.307365,,0.5,transition-20260808T051207Z,,,2721004.5266445,"{""authorization"":""consistent"",""configuration"":""consistent"",""environment"":""consistent"",""intent"":""consistent"",""policy"":""consistent""}",C6,,0.21927950019016862,2026-08-08T05:16:31.018521+00:00,2721004.3064677464,0.0008972533978521824,19,,consistent,12
2721004.807707291,,0.5,transition-20260808T051207Z,,,2721005.021176541,"{""authorization"":""consistent"",""configuration"":""consistent"",""environment"":""consistent"",""intent"":""consistent"",""policy"":""consistent""}",C6,,0.21346925012767315,2026-08-08T05:16:31.513060+00:00,2721004.8064677464,0.0012395447120070457,20,,consistent,12
2721005.311568833,,0.5,transition-20260808T051207Z,,,2721005.4970235,"{""authorization"":""consistent"",""configuration"":""consistent"",""environment"":""consistent"",""intent"":""consistent"",""policy"":""consistent""}",C6,,0.18545466708019376,2026-08-08T05:16:31.988907+00:00,2721005.3064677464,0.00510108657181263,21,,consistent,12
2721005.806853583,,0.5,transition-20260808T051207Z,,,2721005.993941666,"{""authorization"":""consistent"",""configuration"":""consistent"",""environment"":""consistent"",""intent"":""consistent"",""policy"":""consistent""}",C6,,0.18708808301016688,2026-08-08T05:16:32.485829+00:00,2721005.8064677464,0.000385836698114872,22,,consistent,12
2721006.307379166,,0.5,transition-20260808T051207Z,,,2721006.486577458,"{""authorization"":""consistent"",""configuration"":""consistent"",""environment"":""consistent"",""intent"":""consistent"",""policy"":""consistent""}",C6,,0.17919829208403826,2026-08-08T05:16:32.978467+00:00,2721006.3064677464,0.0009114197455346584,23,,consistent,12
2721006.807476791,,0.5,transition-20260808T051207Z,,,2721007.006297416,"{""authorization"":""consistent"",""configuration"":""consistent"",""environment"":""consistent"",""intent"":""consistent"",""policy"":""consistent""}",C6,,0.19882062496617436,2026-08-08T05:16:33.498189+00:00,2721006.8064677464,0.0010090447030961514,24,,consistent,12
2721007.308910583,,0.5,transition-20260808T051207Z,,,2721007.501356083,"{""authorization"":""consistent"",""configuration"":""consistent"",""environment"":""consistent"",""intent"":""consistent"",""policy"":""consistent""}",C6,,0.19244549982249737,2026-08-08T05:16:33.993254+00:00,2721007.3064677464,0.0024428367614746094,25,,consistent,12
2721007.808984125,,0.5,transition-20260808T051207Z,,,2721008.004588708,"{""authorization"":""consistent"",""configuration"":""consistent"",""environment"":""consistent"",""intent"":""consistent"",""policy"":""consistent""}",C6,,0.19560458278283477,2026-08-08T05:16:34.496489+00:00,2721007.8064677464,0.0025163786485791206,26,,consistent,12
2720996.514893666,,2.0,transition-20260808T051207Z,,,2720996.684942083,"{""authorization"":""consistent"",""configuration"":""consistent"",""environment"":""consistent"",""intent"":""consistent"",""policy"":""consistent""}",C6,,0.17004841705784202,2026-08-08T05:16:23.176772+00:00,2720996.514337172,0.0005564941093325615,1,,consistent,12
2720998.519391958,,2.0,transition-20260808T051207Z,,,2720998.761708833,"{""authorization"":""consistent"",""configuration"":""consistent"",""environment"":""consistent"",""intent"":""consistent"",""policy"":""consistent""}",C6,,0.2423168746754527,2026-08-08T05:16:25.253548+00:00,2720998.514337172,0.0050547863356769085,2,,consistent,12
2721000.514482958,,2.0,transition-20260808T051207Z,,,2721000.701327375,"{""authorization"":""consistent"",""configuration"":""consistent"",""environment"":""consistent"",""intent"":""consistent"",""policy"":""consistent""}",C6,,0.18684441735967994,2026-08-08T05:16:27.193176+00:00,2721000.514337172,0.00014578597620129585,3,,consistent,12
2721002.518543708,,2.0,transition-20260808T051207Z,,,2721002.736168583,"{""authorization"":""consistent"",""configuration"":""consistent"",""environment"":""consistent"",""intent"":""consistent"",""policy"":""consistent""}",C6,,0.2176248747855425,2026-08-08T05:16:29.228033+00:00,2721002.514337172,0.004206536337733269,4,,consistent,12
2721004.517483333,,2.0,transition-20260808T051207Z,,,2721004.700594541,"{""authorization"":""consistent"",""configuration"":""consistent"",""environment"":""consistent"",""intent"":""consistent"",""policy"":""consistent""}",C6,,0.18311120802536607,2026-08-08T05:16:31.192478+00:00,2721004.514337172,0.003146161325275898,5,,consistent,12
2721006.518118458,,2.0,transition-20260808T051207Z,,,2721006.721104458,"{""authorization"":""consistent"",""configuration"":""consistent"",""environment"":""consistent"",""intent"":""consistent"",""policy"":""consistent""}",C6,,0.20298600010573864,2026-08-08T05:16:33.212995+00:00,2721006.514337172,0.0037812860682606697,6,,consistent,12
2721000.878862666,,10.0,transition-20260808T051207Z,,,2721001.089103666,"{""authorization"":""consistent"",""configuration"":""consistent"",""environment"":""consistent"",""intent"":""consistent"",""policy"":""consistent""}",C6,,0.2102410001680255,2026-08-08T05:16:27.580964+00:00,2721000.8764683967,0.002394269220530987,1,,consistent,12
2721013.413186333,,0.5,transition-20260808T051207Z,,,2721013.586467375,"{""authorization"":""consistent"",""configuration"":""consistent"",""environment"":""consistent"",""intent"":""consistent"",""policy"":""consistent""}",C1,,0.17328104190528393,2026-08-08T05:16:40.078409+00:00,2721013.408148443,0.0050378902815282345,1,,consistent,13
2721013.909229416,,0.5,transition-20260808T051207Z,,,2721014.257507958,"{""authorization"":""consistent"",""configuration"":""consistent"",""environment"":""consistent"",""intent"":""consistent"",""policy"":""consistent""}",C1,,0.34827854204922915,2026-08-08T05:16:40.749456+00:00,2721013.908148443,0.0010809730738401413,2,,consistent,13
2721014.409752875,,0.5,transition-20260808T051207Z,,,2721014.629775208,"{""authorization"":""consistent"",""configuration"":""consistent"",""environment"":""consistent"",""intent"":""consistent"",""policy"":""consistent""}",C1,,0.22002233285456896,2026-08-08T05:16:41.121722+00:00,2721014.408148443,0.0016044322401285172,3,,consistent,13
2721014.913631,,0.5,transition-20260808T051207Z,,,2721015.246337208,"{""authorization"":""consistent"",""configuration"":""consistent"",""environment"":""consistent"",""intent"":""consistent"",""policy"":""consistent""}",C1,,0.33270620787516236,2026-08-08T05:16:41.738288+00:00,2721014.908148443,0.005482557229697704,4,,consistent,13
2721015.413198833,,0.5,transition-20260808T051207Z,,,2721015.632706041,"{""authorization"":""consistent"",""configuration"":""consistent"",""environment"":""consistent"",""intent"":""consistent"",""policy"":""consistent""}",C1,,0.21950720809400082,2026-08-08T05:16:42.124661+00:00,2721015.408148443,0.005050390027463436,5,,consistent,13
2721015.911875791,,0.5,transition-20260808T051207Z,,,2721016.1145735,"{""authorization"":""consistent"",""configuration"":""consistent"",""environment"":""consistent"",""intent"":""consistent"",""policy"":""consistent""}",C1,,0.20269770920276642,2026-08-08T05:16:42.606528+00:00,2721015.908148443,0.003727348055690527,6,,consistent,13
2721016.411197083,,0.5,transition-20260808T051207Z,,,2721016.633157041,"{""authorization"":""consistent"",""configuration"":""consistent"",""environment"":""consistent"",""intent"":""consistent"",""policy"":""consistent""}",C1,,0.22195995785295963,2026-08-08T05:16:43.125122+00:00,2721016.408148443,0.0030486402101814747,7,,consistent,13
2721016.908314458,,0.5,transition-20260808T051207Z,,,2721017.16914175,"{""authorization"":""consistent"",""configuration"":""consistent"",""environment"":""consistent"",""intent"":""consistent"",""policy"":""consistent""}",C1,,0.26082729175686836,2026-08-08T05:16:43.661106+00:00,2721016.908148443,0.00016601523384451866,8,,consistent,13
2721017.408869541,,0.5,transition-20260808T051207Z,,,2721017.648758416,"{""authorization"":""consistent"",""configuration"":""consistent"",""environment"":""consistent"",""intent"":""consistent"",""policy"":""consistent""}",C1,,0.2398888752795756,2026-08-08T05:16:44.140726+00:00,2721017.408148443,0.0007210979238152504,9,,consistent,13
2721017.9131945,,0.5,transition-20260808T051207Z,,,2721018.150601416,"{""authorization"":""consistent"",""configuration"":""consistent"",""environment"":""consistent"",""intent"":""consistent"",""policy"":""consistent""}",C1,,0.23740691598504782,2026-08-08T05:16:44.642584+00:00,2721017.908148443,0.005046057049185038,10,,consistent,13
2721018.409211041,,0.5,transition-20260808T051207Z,,,2721018.79603075,"{""authorization"":""consistent"",""configuration"":""consistent"",""environment"":""consistent"",""intent"":""consistent"",""policy"":""consistent""}",C1,,0.3868197090923786,2026-08-08T05:16:45.288009+00:00,2721018.408148443,0.001062598079442978,11,,consistent,13
2721018.910545625,,0.5,transition-20260808T051207Z,,,2721019.4074485,"{""authorization"":""consistent"",""configuration"":""consistent"",""environment"":""consistent"",""intent"":""consistent"",""policy"":""consistent""}",C1,,0.49690287513658404,2026-08-08T05:16:45.899434+00:00,2721018.908148443,0.0023971819318830967,12,,consistent,13
2721019.40830875,,0.5,transition-20260808T051207Z,,,2721019.66854225,"{""authorization"":""consistent"",""configuration"":""consistent"",""environment"":""consistent"",""intent"":""consistent"",""policy"":""consistent""}",C1,,0.2602335000410676,2026-08-08T05:16:46.160523+00:00,2721019.408148443,0.0001603071577847004,13,,consistent,13
2721019.910664875,,0.5,transition-20260808T051207Z,,,2721020.319503083,"{""authorization"":""consistent"",""configuration"":""consistent"",""environment"":""consistent"",""intent"":""consistent"",""policy"":""consistent""}",C1,,0.4088382078334689,2026-08-08T05:16:46.811490+00:00,2721019.908148443,0.002516432199627161,14,,consistent,13
2721020.411420958,,0.5,transition-20260808T051207Z,,,2721020.638578375,"{""authorization"":""consistent"",""configuration"":""consistent"",""environment"":""consistent"",""intent"":""consistent"",""policy"":""consistent""}",C1,,0.2271574167534709,2026-08-08T05:16:47.130569+00:00,2721020.408148443,0.003272515255957842,15,,consistent,13
2721020.910086625,,0.5,transition-20260808T051207Z,,,2721021.2107385,"{""authorization"":""consistent"",""configuration"":""consistent"",""environment"":""consistent"",""intent"":""consistent"",""policy"":""consistent""}",C1,,0.3006518753245473,2026-08-08T05:16:47.702741+00:00,2721020.908148443,0.0019381819292902946,16,,consistent,13
2721021.412514916,,0.5,transition-20260808T051207Z,,,2721021.630770958,"{""authorization"":""consistent"",""configuration"":""consistent"",""environment"":""consistent"",""intent"":""consistent"",""policy"":""consistent""}",C1,,0.21825604187324643,2026-08-08T05:16:48.122765+00:00,2721021.408148443,0.0043664732947945595,17,,consistent,13
2721021.908535291,,0.5,transition-20260808T051207Z,,,2721022.157740416,"{""authorization"":""consistent"",""configuration"":""consistent"",""environment"":""consistent"",""intent"":""consistent"",""policy"":""consistent""}",C1,,0.24920512503013015,2026-08-08T05:16:48.649738+00:00,2721021.908148443,0.0003868481144309044,18,,consistent,13
2721022.409074916,,0.5,transition-20260808T051207Z,,,2721022.690939583,"{""authorization"":""consistent"",""configuration"":""consistent"",""environment"":""consistent"",""intent"":""consistent"",""policy"":""consistent""}",C1,,0.2818646668456495,2026-08-08T05:16:49.182943+00:00,2721022.408148443,0.0009264731779694557,19,,consistent,13
2721022.909895,,0.5,transition-20260808T051207Z,,,2721023.122090375,"{""authorization"":""consistent"",""configuration"":""consistent"",""environment"":""consistent"",""intent"":""consistent"",""policy"":""consistent""}",C1,,0.21219537500292063,2026-08-08T05:16:49.614095+00:00,2721022.908148443,0.0017465571872889996,20,,consistent,13
2721023.410144958,,0.5,transition-20260808T051207Z,,,2721023.599540958,"{""authorization"":""consistent"",""configuration"":""consistent"",""environment"":""consistent"",""intent"":""consistent"",""policy"":""consistent""}",C1,,0.18939600000157952,2026-08-08T05:16:50.091546+00:00,2721023.408148443,0.001996515318751335,21,,consistent,13
2721023.913454791,,0.5,transition-20260808T051207Z,,,2721024.131594041,"{""authorization"":""consistent"",""configuration"":""consistent"",""environment"":""consistent"",""intent"":""consistent"",""policy"":""consistent""}",C1,,0.21813924983143806,2026-08-08T05:16:50.623606+00:00,2721023.908148443,0.005306348204612732,22,,consistent,13
2721024.408346625,,0.5,transition-20260808T051207Z,,,2721024.6217155,"{""authorization"":""consistent"",""configuration"":""consistent"",""environment"":""consistent"",""intent"":""consistent"",""policy"":""consistent""}",C1,,0.21336887497454882,2026-08-08T05:16:51.113729+00:00,2721024.408148443,0.00019818218424916267,23,,consistent,13
2721024.911214458,,0.5,transition-20260808T051207Z,,,2721025.157959875,"{""authorization"":""consistent"",""configuration"":""consistent"",""environment"":""consistent"",""intent"":""consistent"",""policy"":""consistent""}",C1,,0.24674541736021638,2026-08-08T05:16:51.649984+00:00,2721024.908148443,0.003066014964133501,24,,consistent,13
2721013.058476,,2.0,transition-20260808T051207Z,,,2721013.283665791,"{""authorization"":""consistent"",""configuration"":""consistent"",""environment"":""consistent"",""intent"":""consistent"",""policy"":""consistent""}",C1,,0.22518979106098413,2026-08-08T05:16:39.775604+00:00,2721013.0558097064,0.002666293643414974,1,,consistent,13
2721015.056643083,,2.0,transition-20260808T051207Z,,,2721015.330630458,"{""authorization"":""consistent"",""configuration"":""consistent"",""environment"":""consistent"",""intent"":""consistent"",""policy"":""consistent""}",C1,,0.2739873747341335,2026-08-08T05:16:41.822582+00:00,2721015.0558097064,0.0008333767764270306,2,,consistent,13
2721017.055925958,,2.0,transition-20260808T051207Z,,,2721017.303325083,"{""authorization"":""consistent"",""configuration"":""consistent"",""environment"":""consistent"",""intent"":""consistent"",""policy"":""consistent""}",C1,,0.24739912524819374,2026-08-08T05:16:43.795289+00:00,2721017.0558097064,0.00011625140905380249,3,,consistent,13
2721019.057872625,,2.0,transition-20260808T051207Z,,,2721019.518513958,"{""authorization"":""consistent"",""configuration"":""consistent"",""environment"":""consistent"",""intent"":""consistent"",""policy"":""consistent""}",C1,,0.46064133290201426,2026-08-08T05:16:46.010501+00:00,2721019.0558097064,0.0020629186183214188,4,,consistent,13
2721021.060491041,,2.0,transition-20260808T051207Z,,,2721021.2791405,"{""authorization"":""consistent"",""configuration"":""consistent"",""environment"":""consistent"",""intent"":""consistent"",""policy"":""consistent""}",C1,,0.21864945907145739,2026-08-08T05:16:47.771136+00:00,2721021.0558097064,0.004681334365159273,5,,consistent,13
2721023.060838,,2.0,transition-20260808T051207Z,,,2721023.245732041,"{""authorization"":""consistent"",""configuration"":""consistent"",""environment"":""consistent"",""intent"":""consistent"",""policy"":""consistent""}",C1,,0.18489404115825891,2026-08-08T05:16:49.737747+00:00,2721023.0558097064,0.005028293468058109,6,,consistent,13
2721025.057020583,,2.0,transition-20260808T051207Z,,,2721025.265588666,"{""authorization"":""consistent"",""configuration"":""consistent"",""environment"":""consistent"",""intent"":""consistent"",""policy"":""consistent""}",C1,,0.20856808265671134,2026-08-08T05:16:51.757611+00:00,2721025.0558097064,0.001210876740515232,7,,consistent,13
2721022.676079041,,10.0,transition-20260808T051207Z,,,2721022.906311208,"{""authorization"":""consistent"",""configuration"":""consistent"",""environment"":""consistent"",""intent"":""consistent"",""policy"":""consistent""}",C1,,0.230232167057693,2026-08-08T05:16:49.398324+00:00,2721022.674475845,0.001603195909410715,1,,consistent,13
2721032.066897625,,0.5,transition-20260808T051207Z,configuration,configuration,2721032.371588541,"{""authorization"":""consistent"",""configuration"":""inconsistent"",""environment"":""consistent"",""intent"":""consistent"",""policy"":""consistent""}",C2,managed deployment projection differs from Git,0.3046909160912037,2026-08-08T05:16:58.863662+00:00,2721032.0628543943,0.004043230786919594,1,,drift,14
2721032.564906166,,0.5,transition-20260808T051207Z,evidence,evidence,2721032.760333375,"{""authorization"":""undecidable"",""configuration"":""consistent"",""environment"":""consistent"",""intent"":""consistent"",""policy"":""consistent""}",C2,artifact lineage unavailable: an active pod lacks a complete ready-container digest set,0.19542720913887024,2026-08-08T05:16:59.252405+00:00,2721032.5628543943,0.002051771618425846,2,authorization,undecidable,14
2721033.064350833,,0.5,transition-20260808T051207Z,evidence,evidence,2721033.256318666,"{""authorization"":""undecidable"",""configuration"":""consistent"",""environment"":""consistent"",""intent"":""consistent"",""policy"":""consistent""}",C2,artifact lineage unavailable: an active pod lacks a complete ready-container digest set,0.19196783285588026,2026-08-08T05:16:59.748395+00:00,2721033.0628543943,0.0014964388683438301,3,authorization,undecidable,14
2721033.564769291,,0.5,transition-20260808T051207Z,,,2721033.760696166,"{""authorization"":""consistent"",""configuration"":""consistent"",""environment"":""consistent"",""intent"":""consistent"",""policy"":""consistent""}",C2,,0.19592687534168363,2026-08-08T05:17:00.252774+00:00,2721033.5628543943,0.0019148965366184711,4,,consistent,14
2721034.066714458,,0.5,transition-20260808T051207Z,,,2721034.313343041,"{""authorization"":""consistent"",""configuration"":""consistent"",""environment"":""consistent"",""intent"":""consistent"",""policy"":""consistent""}",C2,,0.24662858294323087,2026-08-08T05:17:00.805425+00:00,2721034.0628543943,0.003860063850879669,5,,consistent,14
2721034.566368958,,0.5,transition-20260808T051207Z,,,2721034.755505666,"{""authorization"":""consistent"",""configuration"":""consistent"",""environment"":""consistent"",""intent"":""consistent"",""policy"":""consistent""}",C2,,0.1891367081552744,2026-08-08T05:17:01.247590+00:00,2721034.5628543943,0.003514563664793968,6,,consistent,14
2721035.066664,,0.5,transition-20260808T051207Z,,,2721035.298779875,"{""authorization"":""consistent"",""configuration"":""consistent"",""environment"":""consistent"",""intent"":""consistent"",""policy"":""consistent""}",C2,,0.23211587499827147,2026-08-08T05:17:01.790870+00:00,2721035.0628543943,0.003809605725109577,7,,consistent,14
2721035.566546166,,0.5,transition-20260808T051207Z,,,2721035.791491916,"{""authorization"":""consistent"",""configuration"":""consistent"",""environment"":""consistent"",""intent"":""consistent"",""policy"":""consistent""}",C2,,0.22494575008749962,2026-08-08T05:17:02.283583+00:00,2721035.5628543943,0.0036917715333402157,8,,consistent,14
2721036.063693333,,0.5,transition-20260808T051207Z,,,2721036.280066958,"{""authorization"":""consistent"",""configuration"":""consistent"",""environment"":""consistent"",""intent"":""consistent"",""policy"":""consistent""}",C2,,0.21637362521141768,2026-08-08T05:17:02.772165+00:00,2721036.0628543943,0.0008389386348426342,9,,consistent,14
2721036.567887708,,0.5,transition-20260808T051207Z,,,2721036.799706083,"{""authorization"":""consistent"",""configuration"":""consistent"",""environment"":""consistent"",""intent"":""consistent"",""policy"":""consistent""}",C2,,0.23181837471202016,2026-08-08T05:17:03.291809+00:00,2721036.5628543943,0.005033313762396574,10,,consistent,14
2721037.064242208,,0.5,transition-20260808T051207Z,,,2721037.333332791,"{""authorization"":""consistent"",""configuration"":""consistent"",""environment"":""consistent"",""intent"":""consistent"",""policy"":""consistent""}",C2,,0.2690905830822885,2026-08-08T05:17:03.825436+00:00,2721037.0628543943,0.0013878135941922665,11,,consistent,14
2721037.565875833,,0.5,transition-20260808T051207Z,,,2721037.813088791,"{""authorization"":""consistent"",""configuration"":""consistent"",""environment"":""consistent"",""intent"":""consistent"",""policy"":""consistent""}",C2,,0.2472129580564797,2026-08-08T05:17:04.305200+00:00,2721037.5628543943,0.003021438606083393,12,,consistent,14
2721038.067873041,,0.5,transition-20260808T051207Z,,,2721038.292764125,"{""authorization"":""consistent"",""configuration"":""consistent"",""environment"":""consistent"",""intent"":""consistent"",""policy"":""consistent""}",C2,,0.22489108378067613,2026-08-08T05:17:04.784878+00:00,2721038.0628543943,0.005018646828830242,13,,consistent,14
2721038.567901166,,0.5,transition-20260808T051207Z,,,2721038.821,"{""authorization"":""consistent"",""configuration"":""consistent"",""environment"":""consistent"",""intent"":""consistent"",""policy"":""consistent""}",C2,,0.2530988338403404,2026-08-08T05:17:05.313116+00:00,2721038.5628543943,0.005046771839261055,14,,consistent,14
2721039.063670916,,0.5,transition-20260808T051207Z,,,2721039.340904083,"{""authorization"":""consistent"",""configuration"":""consistent"",""environment"":""consistent"",""intent"":""consistent"",""policy"":""consistent""}",C2,,0.2772331670857966,2026-08-08T05:17:05.833022+00:00,2721039.0628543943,0.0008165217004716396,15,,consistent,14
2721039.563929,,0.5,transition-20260808T051207Z,,,2721039.780695916,"{""authorization"":""consistent"",""configuration"":""consistent"",""environment"":""consistent"",""intent"":""consistent"",""policy"":""consistent""}",C2,,0.21676691621541977,2026-08-08T05:17:06.272816+00:00,2721039.5628543943,0.0010746056213974953,16,,consistent,14
2721040.065745,,0.5,transition-20260808T051207Z,,,2721040.357094208,"{""authorization"":""consistent"",""configuration"":""consistent"",""environment"":""consistent"",""intent"":""consistent"",""policy"":""consistent""}",C2,,0.2913492079824209,2026-08-08T05:17:06.849219+00:00,2721040.0628543943,0.002890605479478836,17,,consistent,14
2721040.56393875,,0.5,transition-20260808T051207Z,,,2721040.854600333,"{""authorization"":""consistent"",""configuration"":""consistent"",""environment"":""consistent"",""intent"":""consistent"",""policy"":""consistent""}",C2,,0.2906615831889212,2026-08-08T05:17:07.346729+00:00,2721040.5628543943,0.0010843556374311447,18,,consistent,14
2721041.0643365,,0.5,transition-20260808T051207Z,,,2721041.278678541,"{""authorization"":""consistent"",""configuration"":""consistent"",""environment"":""consistent"",""intent"":""consistent"",""policy"":""consistent""}",C2,,0.2143420409411192,2026-08-08T05:17:07.771436+00:00,2721041.0628543943,0.001482105813920498,19,,consistent,14
2721041.563073416,,0.5,transition-20260808T051207Z,,,2721041.775452,"{""authorization"":""consistent"",""configuration"":""consistent"",""environment"":""consistent"",""intent"":""consistent"",""policy"":""consistent""}",C2,,0.2123785843141377,2026-08-08T05:17:08.267591+00:00,2721041.5628543943,0.00021902145817875862,20,,consistent,14
2721042.065335625,,0.5,transition-20260808T051207Z,,,2721042.446248708,"{""authorization"":""consistent"",""configuration"":""consistent"",""environment"":""consistent"",""intent"":""consistent"",""policy"":""consistent""}",C2,,0.3809130829758942,2026-08-08T05:17:08.938389+00:00,2721042.0628543943,0.0024812305346131325,21,,consistent,14
2721042.563232083,,0.5,transition-20260808T051207Z,,,2721042.811515083,"{""authorization"":""consistent"",""configuration"":""consistent"",""environment"":""consistent"",""intent"":""consistent"",""policy"":""consistent""}",C2,,0.24828300019726157,2026-08-08T05:17:09.303663+00:00,2721042.5628543943,0.00037768855690956116,22,,consistent,14
2721043.067914041,,0.5,transition-20260808T051207Z,,,2721043.292618666,"{""authorization"":""consistent"",""configuration"":""consistent"",""environment"":""consistent"",""intent"":""consistent"",""policy"":""consistent""}",C2,,0.22470462461933494,2026-08-08T05:17:09.784766+00:00,2721043.0628543943,0.005059646908193827,23,,consistent,14
2721043.567126833,,0.5,transition-20260808T051207Z,,,2721043.780755833,"{""authorization"":""consistent"",""configuration"":""consistent"",""environment"":""consistent"",""intent"":""consistent"",""policy"":""consistent""}",C2,,0.21362899988889694,2026-08-08T05:17:10.272904+00:00,2721043.5628543943,0.004272438585758209,24,,consistent,14
2721044.067916708,,0.5,transition-20260808T051207Z,,,2721044.333618875,"{""authorization"":""consistent"",""configuration"":""consistent"",""environment"":""consistent"",""intent"":""consistent"",""policy"":""consistent""}",C2,,0.2657021670602262,2026-08-08T05:17:10.825772+00:00,2721044.0628543943,0.005062313750386238,25,,consistent,14
2721044.566325375,,0.5,transition-20260808T051207Z,,,2721044.807295791,"{""authorization"":""consistent"",""configuration"":""consistent"",""environment"":""consistent"",""intent"":""consistent"",""policy"":""consistent""}",C2,,0.24097041599452496,2026-08-08T05:17:11.299449+00:00,2721044.5628543943,0.0034709805622696877,26,,consistent,14
2721045.067167958,,0.5,transition-20260808T051207Z,,,2721045.36164,"{""authorization"":""consistent"",""configuration"":""consistent"",""environment"":""consistent"",""intent"":""consistent"",""policy"":""consistent""}",C2,,0.29447204200550914,2026-08-08T05:17:11.853800+00:00,2721045.0628543943,0.004313563462346792,27,,consistent,14
2721045.563738583,,0.5,transition-20260808T051207Z,,,2721045.915419875,"{""authorization"":""consistent"",""configuration"":""consistent"",""environment"":""consistent"",""intent"":""consistent"",""policy"":""consistent""}",C2,,0.35168129205703735,2026-08-08T05:17:12.407588+00:00,2721045.5628543943,0.0008841888047754765,28,,consistent,14
2721046.068566125,,0.5,transition-20260808T051207Z,,,2721046.321309375,"{""authorization"":""consistent"",""configuration"":""consistent"",""environment"":""consistent"",""intent"":""consistent"",""policy"":""consistent""}",C2,,0.2527432502247393,2026-08-08T05:17:12.813476+00:00,2721046.0628543943,0.005711730569601059,29,,consistent,14
2721046.566010333,,0.5,transition-20260808T051207Z,,,2721046.788209708,"{""authorization"":""consistent"",""configuration"":""consistent"",""environment"":""consistent"",""intent"":""consistent"",""policy"":""consistent""}",C2,,0.22219937480986118,2026-08-08T05:17:13.280380+00:00,2721046.5628543943,0.0031559388153254986,30,,consistent,14
2721047.064146708,,0.5,transition-20260808T051207Z,,,2721047.420852208,"{""authorization"":""consistent"",""configuration"":""consistent"",""environment"":""consistent"",""intent"":""consistent"",""policy"":""consistent""}",C2,,0.3567054998129606,2026-08-08T05:17:13.913030+00:00,2721047.0628543943,0.001292313914746046,31,,consistent,14
2721047.567908958,,0.5,transition-20260808T051207Z,,,2721047.772203083,"{""authorization"":""consistent"",""configuration"":""consistent"",""environment"":""consistent"",""intent"":""consistent"",""policy"":""consistent""}",C2,,0.20429412508383393,2026-08-08T05:17:14.264380+00:00,2721047.5628543943,0.005054563749581575,32,,consistent,14
2721048.064254416,,0.5,transition-20260808T051207Z,,,2721048.298167791,"{""authorization"":""consistent"",""configuration"":""consistent"",""environment"":""consistent"",""intent"":""consistent"",""policy"":""consistent""}",C2,,0.23391337506473064,2026-08-08T05:17:14.790349+00:00,2721048.0628543943,0.0014000218361616135,33,,consistent,14
2721048.567922083,,0.5,transition-20260808T051207Z,,,2721048.783414958,"{""authorization"":""consistent"",""configuration"":""consistent"",""environment"":""consistent"",""intent"":""consistent"",""policy"":""consistent""}",C2,,0.21549287484958768,2026-08-08T05:17:15.275599+00:00,2721048.5628543943,0.005067688878625631,34,,consistent,14
2721049.066011041,,0.5,transition-20260808T051207Z,,,2721049.298360416,"{""authorization"":""consistent"",""configuration"":""consistent"",""environment"":""consistent"",""intent"":""consistent"",""policy"":""consistent""}",C2,,0.23234937526285648,2026-08-08T05:17:15.790548+00:00,2721049.0628543943,0.0031566466204822063,35,,consistent,14
2721049.563927125,,0.5,transition-20260808T051207Z,,,2721049.78537475,"{""authorization"":""consistent"",""configuration"":""consistent"",""environment"":""consistent"",""intent"":""consistent"",""policy"":""consistent""}",C2,,0.2214476247318089,2026-08-08T05:17:16.277564+00:00,2721049.5628543943,0.0010727308690547943,36,,consistent,14
2721050.065649416,,0.5,transition-20260808T051207Z,,,2721050.323826125,"{""authorization"":""consistent"",""configuration"":""consistent"",""environment"":""consistent"",""intent"":""consistent"",""policy"":""consistent""}",C2,,0.25817670905962586,2026-08-08T05:17:16.816027+00:00,2721050.0628543943,0.002795021515339613,37,,consistent,14
2721050.56464625,,0.5,transition-20260808T051207Z,,,2721050.803693083,"{""authorization"":""consistent"",""configuration"":""consistent"",""environment"":""consistent"",""intent"":""consistent"",""policy"":""consistent""}",C2,,0.23904683301225305,2026-08-08T05:17:17.295892+00:00,2721050.5628543943,0.0017918557859957218,38,,consistent,14
2721033.043226291,,2.0,transition-20260808T051207Z,evidence,evidence,2721033.2564425,"{""authorization"":""undecidable"",""configuration"":""consistent"",""environment"":""consistent"",""intent"":""consistent"",""policy"":""consistent""}",C2,artifact lineage unavailable: an active pod lacks a complete ready-container digest set,0.21321620885282755,2026-08-08T05:16:59.748517+00:00,2721033.042086079,0.0011402121745049953,1,authorization,undecidable,14
2721035.045828458,,2.0,transition-20260808T051207Z,,,2721035.298661875,"{""authorization"":""consistent"",""configuration"":""consistent"",""environment"":""consistent"",""intent"":""consistent"",""policy"":""consistent""}",C2,,0.2528334171511233,2026-08-08T05:17:01.790752+00:00,2721035.042086079,0.0037423791363835335,2,,consistent,14
2721037.042756,,2.0,transition-20260808T051207Z,,,2721037.333429458,"{""authorization"":""consistent"",""configuration"":""consistent"",""environment"":""consistent"",""intent"":""consistent"",""policy"":""consistent""}",C2,,0.29067345801740885,2026-08-08T05:17:03.825531+00:00,2721037.042086079,0.0006699212826788425,3,,consistent,14
2721039.046775,,2.0,transition-20260808T051207Z,,,2721039.336795791,"{""authorization"":""consistent"",""configuration"":""consistent"",""environment"":""consistent"",""intent"":""consistent"",""policy"":""consistent""}",C2,,0.2900207908824086,2026-08-08T05:17:05.828918+00:00,2721039.042086079,0.004688921384513378,4,,consistent,14
2721041.045166041,,2.0,transition-20260808T051207Z,,,2721041.275211333,"{""authorization"":""consistent"",""configuration"":""consistent"",""environment"":""consistent"",""intent"":""consistent"",""policy"":""consistent""}",C2,,0.23004529206082225,2026-08-08T05:17:07.767343+00:00,2721041.042086079,0.003079961985349655,5,,consistent,14
2721043.04613075,,2.0,transition-20260808T051207Z,,,2721043.262054875,"{""authorization"":""consistent"",""configuration"":""consistent"",""environment"":""consistent"",""intent"":""consistent"",""policy"":""consistent""}",C2,,0.21592412516474724,2026-08-08T05:17:09.754205+00:00,2721043.042086079,0.004044671077281237,6,,consistent,14
2721045.047290375,,2.0,transition-20260808T051207Z,,,2721045.361878958,"{""authorization"":""consistent"",""configuration"":""consistent"",""environment"":""consistent"",""intent"":""consistent"",""policy"":""consistent""}",C2,,0.3145885830745101,2026-08-08T05:17:11.854039+00:00,2721045.042086079,0.005204296205192804,7,,consistent,14
2721047.042186833,,2.0,transition-20260808T051207Z,,,2721047.42083225,"{""authorization"":""consistent"",""configuration"":""consistent"",""environment"":""consistent"",""intent"":""consistent"",""policy"":""consistent""}",C2,,0.3786454168148339,2026-08-08T05:17:13.913008+00:00,2721047.042086079,0.00010075420141220093,8,,consistent,14
2721049.042232375,,2.0,transition-20260808T051207Z,,,2721049.283385041,"{""authorization"":""consistent"",""configuration"":""consistent"",""environment"":""consistent"",""intent"":""consistent"",""policy"":""consistent""}",C2,,0.24115266604349017,2026-08-08T05:17:15.775572+00:00,2721049.042086079,0.00014629634097218513,9,,consistent,14
2721032.07069575,,10.0,transition-20260808T051207Z,configuration,configuration,2721032.370977833,"{""authorization"":""consistent"",""configuration"":""inconsistent"",""environment"":""consistent"",""intent"":""consistent"",""policy"":""consistent""}",C2,managed deployment projection differs from Git,0.3002820829860866,2026-08-08T05:16:58.863055+00:00,2721032.0675315587,0.0031641912646591663,1,,drift,14
2721042.069423708,,10.0,transition-20260808T051207Z,,,2721042.446321041,"{""authorization"":""consistent"",""configuration"":""consistent"",""environment"":""consistent"",""intent"":""consistent"",""policy"":""consistent""}",C2,,0.3768973327241838,2026-08-08T05:17:08.938471+00:00,2721042.0675315587,0.0018921494483947754,2,,consistent,14
2721062.516363333,,0.5,transition-20260808T051207Z,,,2721062.705644875,"{""authorization"":""consistent"",""configuration"":""consistent"",""environment"":""consistent"",""intent"":""consistent"",""policy"":""consistent""}",C3,,0.18928154185414314,2026-08-08T05:17:29.197925+00:00,2721062.511314953,0.005048379767686129,1,,consistent,15
2721063.012488583,,0.5,transition-20260808T051207Z,,,2721063.204585041,"{""authorization"":""consistent"",""configuration"":""consistent"",""environment"":""consistent"",""intent"":""consistent"",""policy"":""consistent""}",C3,,0.1920964578166604,2026-08-08T05:17:29.696868+00:00,2721063.011314953,0.001173629891127348,2,,consistent,15
2721063.515989916,,0.5,transition-20260808T051207Z,,,2721063.703333458,"{""authorization"":""consistent"",""configuration"":""consistent"",""environment"":""consistent"",""intent"":""consistent"",""policy"":""consistent""}",C3,,0.18734354199841619,2026-08-08T05:17:30.195617+00:00,2721063.511314953,0.004674962721765041,3,,consistent,15
2721064.014877416,,0.5,transition-20260808T051207Z,,,2721064.275588583,"{""authorization"":""consistent"",""configuration"":""consistent"",""environment"":""consistent"",""intent"":""consistent"",""policy"":""consistent""}",C3,,0.2607111670076847,2026-08-08T05:17:30.767884+00:00,2721064.011314953,0.003562462981790304,4,,consistent,15
2721064.518666125,,0.5,transition-20260808T051207Z,,,2721064.723581166,"{""authorization"":""consistent"",""configuration"":""consistent"",""environment"":""consistent"",""intent"":""consistent"",""policy"":""consistent""}",C3,,0.20491504110395908,2026-08-08T05:17:31.215874+00:00,2721064.511314953,0.007351171690970659,5,,consistent,15
2721065.016351541,,0.5,transition-20260808T051207Z,,,2721065.227252083,"{""authorization"":""consistent"",""configuration"":""consistent"",""environment"":""consistent"",""intent"":""consistent"",""policy"":""consistent""}",C3,,0.21090054186061025,2026-08-08T05:17:31.719549+00:00,2721065.011314953,0.005036587826907635,6,,consistent,15
2721065.515669416,,0.5,transition-20260808T051207Z,,,2721065.76932975,"{""authorization"":""consistent"",""configuration"":""consistent"",""environment"":""consistent"",""intent"":""consistent"",""policy"":""consistent""}",C3,,0.2536603338085115,2026-08-08T05:17:32.261629+00:00,2721065.511314953,0.004354462958872318,7,,consistent,15
2721066.015296041,,0.5,transition-20260808T051207Z,,,2721066.217517875,"{""authorization"":""consistent"",""configuration"":""consistent"",""environment"":""consistent"",""intent"":""consistent"",""policy"":""consistent""}",C3,,0.20222183410078287,2026-08-08T05:17:32.709820+00:00,2721066.011314953,0.003981087822467089,8,,consistent,15
2721066.516940833,,0.5,transition-20260808T051207Z,,,2721066.718840666,"{""authorization"":""consistent"",""configuration"":""consistent"",""environment"":""consistent"",""intent"":""consistent"",""policy"":""consistent""}",C3,,0.20189983304589987,2026-08-08T05:17:33.211148+00:00,2721066.511314953,0.005625879857689142,9,,consistent,15
2721067.015449666,,0.5,transition-20260808T051207Z,,,2721067.223938958,"{""authorization"":""consistent"",""configuration"":""consistent"",""environment"":""consistent"",""intent"":""consistent"",""policy"":""consistent""}",C3,,0.2084892918355763,2026-08-08T05:17:33.716251+00:00,2721067.011314953,0.004134712740778923,10,,consistent,15
2721067.515796541,,0.5,transition-20260808T051207Z,,,2721067.705201416,"{""authorization"":""consistent"",""configuration"":""consistent"",""environment"":""consistent"",""intent"":""consistent"",""policy"":""consistent""}",C3,,0.18940487504005432,2026-08-08T05:17:34.197516+00:00,2721067.511314953,0.0044815875589847565,11,,consistent,15
2721068.011362583,,0.5,transition-20260808T051207Z,evidence,evidence,2721068.20091475,"{""authorization"":""undecidable"",""configuration"":""consistent"",""environment"":""consistent"",""intent"":""consistent"",""policy"":""consistent""}",C3,artifact lineage unavailable: an active pod lacks a complete ready-container digest set,0.18955216696485877,2026-08-08T05:17:34.693230+00:00,2721068.011314953,4.76296991109848e-05,12,authorization,undecidable,15
2721068.511495458,,0.5,transition-20260808T051207Z,,,2721068.707614041,"{""authorization"":""consistent"",""configuration"":""consistent"",""environment"":""consistent"",""intent"":""consistent"",""policy"":""consistent""}",C3,,0.19611858297139406,2026-08-08T05:17:35.199932+00:00,2721068.511314953,0.00018050475046038628,13,,consistent,15
2721069.011636958,,0.5,transition-20260808T051207Z,,,2721069.21597775,"{""authorization"":""consistent"",""configuration"":""consistent"",""environment"":""consistent"",""intent"":""consistent"",""policy"":""consistent""}",C3,,0.20434079179540277,2026-08-08T05:17:35.708305+00:00,2721069.011314953,0.0003220047801733017,14,,consistent,15
2721069.51638,,0.5,transition-20260808T051207Z,,,2721069.7186465,"{""authorization"":""consistent"",""configuration"":""consistent"",""environment"":""consistent"",""intent"":""consistent"",""policy"":""consistent""}",C3,,0.20226649986580014,2026-08-08T05:17:36.210973+00:00,2721069.511314953,0.005065046716481447,15,,consistent,15
2721070.015326666,,0.5,transition-20260808T051207Z,,,2721070.271834083,"{""authorization"":""consistent"",""configuration"":""consistent"",""environment"":""consistent"",""intent"":""consistent"",""policy"":""consistent""}",C3,,0.2565074167214334,2026-08-08T05:17:36.764165+00:00,2721070.011314953,0.004011712968349457,16,,consistent,15
2721070.516389208,,0.5,transition-20260808T051207Z,,,2721070.808403125,"{""authorization"":""consistent"",""configuration"":""consistent"",""environment"":""consistent"",""intent"":""consistent"",""policy"":""consistent""}",C3,,0.29201391711831093,2026-08-08T05:17:37.300737+00:00,2721070.511314953,0.0050742547027766705,17,,consistent,15
2721071.012967125,,0.5,transition-20260808T051207Z,,,2721071.26447175,"{""authorization"":""consistent"",""configuration"":""consistent"",""environment"":""consistent"",""intent"":""consistent"",""policy"":""consistent""}",C3,,0.2515046247281134,2026-08-08T05:17:37.756814+00:00,2721071.011314953,0.0016521718353033066,18,,consistent,15
2721071.516370625,,0.5,transition-20260808T051207Z,,,2721071.72419425,"{""authorization"":""consistent"",""configuration"":""consistent"",""environment"":""consistent"",""intent"":""consistent"",""policy"":""consistent""}",C3,,0.20782362530007958,2026-08-08T05:17:38.216535+00:00,2721071.511314953,0.0050556715577840805,19,,consistent,15
2721072.016402875,,0.5,transition-20260808T051207Z,,,2721072.224740458,"{""authorization"":""consistent"",""configuration"":""consistent"",""environment"":""consistent"",""intent"":""consistent"",""policy"":""consistent""}",C3,,0.20833758311346173,2026-08-08T05:17:38.717086+00:00,2721072.011314953,0.005087921861559153,20,,consistent,15
2721072.5163595,,0.5,transition-20260808T051207Z,,,2721072.716907291,"{""authorization"":""consistent"",""configuration"":""consistent"",""environment"":""consistent"",""intent"":""consistent"",""policy"":""consistent""}",C3,,0.2005477910861373,2026-08-08T05:17:39.209255+00:00,2721072.511314953,0.005044546909630299,21,,consistent,15
2721073.013974458,,0.5,transition-20260808T051207Z,,,2721073.196453583,"{""authorization"":""consistent"",""configuration"":""consistent"",""environment"":""consistent"",""intent"":""consistent"",""policy"":""consistent""}",C3,,0.18247912498191,2026-08-08T05:17:39.688805+00:00,2721073.011314953,0.0026595047675073147,22,,consistent,15
2721073.511331541,,0.5,transition-20260808T051207Z,,,2721073.816192958,"{""authorization"":""consistent"",""configuration"":""consistent"",""environment"":""consistent"",""intent"":""consistent"",""policy"":""consistent""}",C3,,0.30486141704022884,2026-08-08T05:17:40.308550+00:00,2721073.511314953,1.6587786376476288e-05,23,,consistent,15
2721074.015290458,,0.5,transition-20260808T051207Z,,,2721074.204572083,"{""authorization"":""consistent"",""configuration"":""consistent"",""environment"":""consistent"",""intent"":""consistent"",""policy"":""consistent""}",C3,,0.18928162474185228,2026-08-08T05:17:40.696929+00:00,2721074.011314953,0.003975505009293556,24,,consistent,15
2721074.515629041,,0.5,transition-20260808T051207Z,,,2721074.714473416,"{""authorization"":""consistent"",""configuration"":""consistent"",""environment"":""consistent"",""intent"":""consistent"",""policy"":""consistent""}",C3,,0.19884437508881092,2026-08-08T05:17:41.206838+00:00,2721074.511314953,0.004314087796956301,25,,consistent,15
2721075.014348583,,0.5,transition-20260808T051207Z,,,2721075.221694583,"{""authorization"":""consistent"",""configuration"":""consistent"",""environment"":""consistent"",""intent"":""consistent"",""policy"":""consistent""}",C3,,0.20734600024297833,2026-08-08T05:17:41.714060+00:00,2721075.011314953,0.0030336296185851097,26,,consistent,15
2721075.5163825,,0.5,transition-20260808T051207Z,,,2721075.7837655,"{""authorization"":""consistent"",""configuration"":""consistent"",""environment"":""consistent"",""intent"":""consistent"",""policy"":""consistent""}",C3,,0.267382999882102,2026-08-08T05:17:42.276135+00:00,2721075.511314953,0.0050675468519330025,27,,consistent,15
2721076.016396208,,0.5,transition-20260808T051207Z,,,2721076.34897075,"{""authorization"":""consistent"",""configuration"":""consistent"",""environment"":""consistent"",""intent"":""consistent"",""policy"":""consistent""}",C3,,0.3325745416805148,2026-08-08T05:17:42.841345+00:00,2721076.011314953,0.005081254988908768,28,,consistent,15
2721076.515827041,,0.5,transition-20260808T051207Z,,,2721076.714551291,"{""authorization"":""consistent"",""configuration"":""consistent"",""environment"":""consistent"",""intent"":""consistent"",""policy"":""consistent""}",C3,,0.198724249843508,2026-08-08T05:17:43.206926+00:00,2721076.511314953,0.004512087907642126,29,,consistent,15
2721077.01333425,,0.5,transition-20260808T051207Z,,,2721077.252424791,"{""authorization"":""consistent"",""configuration"":""consistent"",""environment"":""consistent"",""intent"":""consistent"",""policy"":""consistent""}",C3,,0.23909054091200233,2026-08-08T05:17:43.744807+00:00,2721077.011314953,0.0020192968659102917,30,,consistent,15
2721077.517701541,,0.5,transition-20260808T051207Z,,,2721077.723802791,"{""authorization"":""consistent"",""configuration"":""consistent"",""environment"":""consistent"",""intent"":""consistent"",""policy"":""consistent""}",C3,,0.20610124990344048,2026-08-08T05:17:44.216187+00:00,2721077.511314953,0.0063865878619253635,31,,consistent,15
2721078.011820166,,0.5,transition-20260808T051207Z,,,2721078.227141,"{""authorization"":""consistent"",""configuration"":""consistent"",""environment"":""consistent"",""intent"":""consistent"",""policy"":""consistent""}",C3,,0.2153208339586854,2026-08-08T05:17:44.719527+00:00,2721078.011314953,0.0005052126944065094,32,,consistent,15
2721078.511465125,,0.5,transition-20260808T051207Z,,,2721078.727314583,"{""authorization"":""consistent"",""configuration"":""consistent"",""environment"":""consistent"",""intent"":""consistent"",""policy"":""consistent""}",C3,,0.2158494582399726,2026-08-08T05:17:45.219706+00:00,2721078.511314953,0.00015017157420516014,33,,consistent,15
2721079.015757625,,0.5,transition-20260808T051207Z,,,2721079.228562625,"{""authorization"":""consistent"",""configuration"":""consistent"",""environment"":""consistent"",""intent"":""consistent"",""policy"":""consistent""}",C3,,0.21280500013381243,2026-08-08T05:17:45.720955+00:00,2721079.011314953,0.004442671779543161,34,,consistent,15
2721079.512646666,,0.5,transition-20260808T051207Z,,,2721079.707806625,"{""authorization"":""consistent"",""configuration"":""consistent"",""environment"":""consistent"",""intent"":""consistent"",""policy"":""consistent""}",C3,,0.19515995914116502,2026-08-08T05:17:46.200206+00:00,2721079.511314953,0.0013317125849425793,35,,consistent,15
2721080.015979958,,0.5,transition-20260808T051207Z,,,2721080.231282416,"{""authorization"":""consistent"",""configuration"":""consistent"",""environment"":""consistent"",""intent"":""consistent"",""policy"":""consistent""}",C3,,0.21530245756730437,2026-08-08T05:17:46.723683+00:00,2721080.011314953,0.004665005020797253,36,,consistent,15
2721080.514007041,,0.5,transition-20260808T051207Z,,,2721080.697238583,"{""authorization"":""consistent"",""configuration"":""consistent"",""environment"":""consistent"",""intent"":""consistent"",""policy"":""consistent""}",C3,,0.1832315418869257,2026-08-08T05:17:47.189639+00:00,2721080.511314953,0.002692088019102812,37,,consistent,15
2721063.5568935,,2.0,transition-20260808T051207Z,,,2721063.808415416,"{""authorization"":""consistent"",""configuration"":""consistent"",""environment"":""consistent"",""intent"":""consistent"",""policy"":""consistent""}",C3,,0.251521916128695,2026-08-08T05:17:30.300705+00:00,2721063.5526800035,0.0042134965769946575,1,,consistent,15
2721065.5568575,,2.0,transition-20260808T051207Z,,,2721065.811148583,"{""authorization"":""consistent"",""configuration"":""consistent"",""environment"":""consistent"",""intent"":""consistent"",""policy"":""consistent""}",C3,,0.25429108273237944,2026-08-08T05:17:32.303454+00:00,2721065.5526800035,0.0041774967685341835,2,,consistent,15
2721067.554909458,,2.0,transition-20260808T051207Z,,,2721067.745121208,"{""authorization"":""consistent"",""configuration"":""consistent"",""environment"":""consistent"",""intent"":""consistent"",""policy"":""consistent""}",C3,,0.1902117501012981,2026-08-08T05:17:34.237436+00:00,2721067.5526800035,0.0022294544614851475,3,,consistent,15
2721069.5548935,,2.0,transition-20260808T051207Z,,,2721069.749255791,"{""authorization"":""consistent"",""configuration"":""consistent"",""environment"":""consistent"",""intent"":""consistent"",""policy"":""consistent""}",C3,,0.1943622906692326,2026-08-08T05:17:36.241583+00:00,2721069.5526800035,0.0022134967148303986,4,,consistent,15
2721071.556728791,,2.0,transition-20260808T051207Z,,,2721071.825300166,"{""authorization"":""consistent"",""configuration"":""consistent"",""environment"":""consistent"",""intent"":""consistent"",""policy"":""consistent""}",C3,,0.26857137493789196,2026-08-08T05:17:38.317648+00:00,2721071.5526800035,0.004048787523061037,5,,consistent,15
2721073.553357166,,2.0,transition-20260808T051207Z,,,2721073.892548333,"{""authorization"":""consistent"",""configuration"":""consistent"",""environment"":""consistent"",""intent"":""consistent"",""policy"":""consistent""}",C3,,0.3391911671496928,2026-08-08T05:17:40.384910+00:00,2721073.5526800035,0.0006771623156964779,6,,consistent,15
2721075.556510666,,2.0,transition-20260808T051207Z,,,2721075.783749041,"{""authorization"":""consistent"",""configuration"":""consistent"",""environment"":""consistent"",""intent"":""consistent"",""policy"":""consistent""}",C3,,0.22723837522789836,2026-08-08T05:17:42.276125+00:00,2721075.5526800035,0.003830662462860346,7,,consistent,15
2721077.553715083,,2.0,transition-20260808T051207Z,,,2721077.755260916,"{""authorization"":""consistent"",""configuration"":""consistent"",""environment"":""consistent"",""intent"":""consistent"",""policy"":""consistent""}",C3,,0.20154583314433694,2026-08-08T05:17:44.247655+00:00,2721077.5526800035,0.0010350793600082397,8,,consistent,15
2721079.554618833,,2.0,transition-20260808T051207Z,,,2721079.738125166,"{""authorization"":""consistent"",""configuration"":""consistent"",""environment"":""consistent"",""intent"":""consistent"",""policy"":""consistent""}",C3,,0.18350633280351758,2026-08-08T05:17:46.230522+00:00,2721079.5526800035,0.0019388296641409397,9,,consistent,15
2721066.737821625,,10.0,transition-20260808T051207Z,,,2721066.931275208,"{""authorization"":""consistent"",""configuration"":""consistent"",""environment"":""consistent"",""intent"":""consistent"",""policy"":""consistent""}",C3,,0.19345358293503523,2026-08-08T05:17:33.423587+00:00,2721066.732789824,0.0050318012945353985,1,,consistent,15
2721076.737326333,,10.0,transition-20260808T051207Z,,,2721076.923681958,"{""authorization"":""consistent"",""configuration"":""consistent"",""environment"":""consistent"",""intent"":""consistent"",""policy"":""consistent""}",C3,,0.18635562527924776,2026-08-08T05:17:43.416067+00:00,2721076.732789824,0.004536509048193693,2,,consistent,15
2721087.19912475,,0.5,transition-20260808T051207Z,evidence,evidence,2721087.41336025,"{""authorization"":""undecidable"",""configuration"":""consistent"",""environment"":""consistent"",""intent"":""consistent"",""policy"":""consistent""}",C4,artifact lineage unavailable: an active pod lacks a complete ready-container digest set,0.21423549996688962,2026-08-08T05:17:53.905817+00:00,2721087.194078574,0.005046176258474588,1,authorization,undecidable,16
2721087.698633541,,0.5,transition-20260808T051207Z,,,2721087.921315458,"{""authorization"":""consistent"",""configuration"":""consistent"",""environment"":""consistent"",""intent"":""consistent"",""policy"":""consistent""}",C4,,0.2226819172501564,2026-08-08T05:17:54.413771+00:00,2721087.694078574,0.004554966930299997,2,,consistent,16
2721088.1968985,,0.5,transition-20260808T051207Z,,,2721088.3871755,"{""authorization"":""consistent"",""configuration"":""consistent"",""environment"":""consistent"",""intent"":""consistent"",""policy"":""consistent""}",C4,,0.19027699995785952,2026-08-08T05:17:54.879632+00:00,2721088.194078574,0.0028199260123074055,3,,consistent,16
2721088.697813,,0.5,transition-20260808T051207Z,,,2721088.894993375,"{""authorization"":""consistent"",""configuration"":""consistent"",""environment"":""consistent"",""intent"":""consistent"",""policy"":""consistent""}",C4,,0.1971803749911487,2026-08-08T05:17:55.387458+00:00,2721088.694078574,0.0037344261072576046,4,,consistent,16
2721089.196786083,,0.5,transition-20260808T051207Z,,,2721089.381464125,"{""authorization"":""consistent"",""configuration"":""consistent"",""environment"":""consistent"",""intent"":""consistent"",""policy"":""consistent""}",C4,,0.18467804230749607,2026-08-08T05:17:55.873929+00:00,2721089.194078574,0.002707508858293295,5,,consistent,16
2721089.696095,,0.5,transition-20260808T051207Z,,,2721089.906008041,"{""authorization"":""consistent"",""configuration"":""consistent"",""environment"":""consistent"",""intent"":""consistent"",""policy"":""consistent""}",C4,,0.2099130409769714,2026-08-08T05:17:56.398478+00:00,2721089.694078574,0.0020164260640740395,6,,consistent,16
2721090.19732275,,0.5,transition-20260808T051207Z,,,2721090.385392458,"{""authorization"":""consistent"",""configuration"":""consistent"",""environment"":""consistent"",""intent"":""consistent"",""policy"":""consistent""}",C4,,0.1880697081796825,2026-08-08T05:17:56.877864+00:00,2721090.194078574,0.0032441760413348675,7,,consistent,16
2721090.694573833,,0.5,transition-20260808T051207Z,,,2721090.895042666,"{""authorization"":""consistent"",""configuration"":""consistent"",""environment"":""consistent"",""intent"":""consistent"",""policy"":""consistent""}",C4,,0.20046883262693882,2026-08-08T05:17:57.387517+00:00,2721090.694078574,0.0004952591843903065,8,,consistent,16
2721091.196303791,,0.5,transition-20260808T051207Z,,,2721091.406022541,"{""authorization"":""consistent"",""configuration"":""consistent"",""environment"":""consistent"",""intent"":""consistent"",""policy"":""consistent""}",C4,,0.20971875032410026,2026-08-08T05:17:57.898501+00:00,2721091.194078574,0.002225216943770647,9,,consistent,16
2721091.699143125,,0.5,transition-20260808T051207Z,,,2721091.950897666,"{""authorization"":""consistent"",""configuration"":""consistent"",""environment"":""consistent"",""intent"":""consistent"",""policy"":""consistent""}",C4,,0.2517545409500599,2026-08-08T05:17:58.443380+00:00,2721091.694078574,0.005064551252871752,10,,consistent,16
2721092.197746375,,0.5,transition-20260808T051207Z,,,2721092.389164708,"{""authorization"":""consistent"",""configuration"":""consistent"",""environment"":""consistent"",""intent"":""consistent"",""policy"":""consistent""}",C4,,0.19141833297908306,2026-08-08T05:17:58.881653+00:00,2721092.194078574,0.0036678011529147625,11,,consistent,16
2721092.695935541,,0.5,transition-20260808T051207Z,,,2721092.914168166,"{""authorization"":""consistent"",""configuration"":""consistent"",""environment"":""consistent"",""intent"":""consistent"",""policy"":""consistent""}",C4,,0.2182326251640916,2026-08-08T05:17:59.406660+00:00,2721092.694078574,0.0018569668754935265,12,,consistent,16
2721093.196542291,,0.5,transition-20260808T051207Z,,,2721093.425974208,"{""authorization"":""consistent"",""configuration"":""consistent"",""environment"":""consistent"",""intent"":""consistent"",""policy"":""consistent""}",C4,,0.22943191695958376,2026-08-08T05:17:59.918470+00:00,2721093.194078574,0.0024637170135974884,13,,consistent,16
2721093.69913,,0.5,transition-20260808T051207Z,,,2721093.895819875,"{""authorization"":""consistent"",""configuration"":""consistent"",""environment"":""consistent"",""intent"":""consistent"",""policy"":""consistent""}",C4,,0.1966898748651147,2026-08-08T05:18:00.388317+00:00,2721093.694078574,0.005051426123827696,14,,consistent,16
2721094.198769458,,0.5,transition-20260808T051207Z,,,2721094.451217458,"{""authorization"":""consistent"",""configuration"":""consistent"",""environment"":""consistent"",""intent"":""consistent"",""policy"":""consistent""}",C4,,0.2524480000138283,2026-08-08T05:18:00.943716+00:00,2721094.194078574,0.00469088414683938,15,,consistent,16
2721094.698025666,,0.5,transition-20260808T051207Z,,,2721094.923975583,"{""authorization"":""consistent"",""configuration"":""consistent"",""environment"":""consistent"",""intent"":""consistent"",""policy"":""consistent""}",C4,,0.22594991698861122,2026-08-08T05:18:01.416480+00:00,2721094.694078574,0.003947092220187187,16,,consistent,16
2721095.197952583,,0.5,transition-20260808T051207Z,,,2721095.383804041,"{""authorization"":""consistent"",""configuration"":""consistent"",""environment"":""consistent"",""intent"":""consistent"",""policy"":""consistent""}",C4,,0.18585145799443126,2026-08-08T05:18:01.876310+00:00,2721095.194078574,0.003874009009450674,17,,consistent,16
2721095.696529916,,0.5,transition-20260808T051207Z,,,2721095.901362583,"{""authorization"":""consistent"",""configuration"":""consistent"",""environment"":""consistent"",""intent"":""consistent"",""policy"":""consistent""}",C4,,0.2048326670192182,2026-08-08T05:18:02.393872+00:00,2721095.694078574,0.0024513420648872852,18,,consistent,16
2721096.198745458,,0.5,transition-20260808T051207Z,,,2721096.397287916,"{""authorization"":""consistent"",""configuration"":""consistent"",""environment"":""consistent"",""intent"":""consistent"",""policy"":""consistent""}",C4,,0.1985424580052495,2026-08-08T05:18:02.889801+00:00,2721096.194078574,0.004666883964091539,19,,consistent,16
2721096.69589725,,0.5,transition-20260808T051207Z,,,2721096.965981708,"{""authorization"":""consistent"",""configuration"":""consistent"",""environment"":""consistent"",""intent"":""consistent"",""policy"":""consistent""}",C4,,0.27008445793762803,2026-08-08T05:18:03.458501+00:00,2721096.694078574,0.0018186760134994984,20,,consistent,16
2721097.195541041,,0.5,transition-20260808T051207Z,,,2721097.420555583,"{""authorization"":""consistent"",""configuration"":""consistent"",""environment"":""consistent"",""intent"":""consistent"",""policy"":""consistent""}",C4,,0.2250145422294736,2026-08-08T05:18:03.913075+00:00,2721097.194078574,0.0014624670147895813,21,,consistent,16
2721097.696005583,,0.5,transition-20260808T051207Z,,,2721097.926730625,"{""authorization"":""consistent"",""configuration"":""consistent"",""environment"":""consistent"",""intent"":""consistent"",""policy"":""consistent""}",C4,,0.2307250420562923,2026-08-08T05:18:04.419253+00:00,2721097.694078574,0.0019270088523626328,22,,consistent,16
2721098.199189083,,0.5,transition-20260808T051207Z,,,2721098.394540666,"{""authorization"":""consistent"",""configuration"":""consistent"",""environment"":""consistent"",""intent"":""consistent"",""policy"":""consistent""}",C4,,0.19535158295184374,2026-08-08T05:18:04.887066+00:00,2721098.194078574,0.005110509227961302,23,,consistent,16
2721098.695942875,,0.5,transition-20260808T051207Z,,,2721098.901677708,"{""authorization"":""consistent"",""configuration"":""consistent"",""environment"":""consistent"",""intent"":""consistent"",""policy"":""consistent""}",C4,,0.20573483314365149,2026-08-08T05:18:05.394208+00:00,2721098.694078574,0.0018643010407686234,24,,consistent,16
2721099.199136041,,0.5,transition-20260808T051207Z,,,2721099.38851475,"{""authorization"":""consistent"",""configuration"":""consistent"",""environment"":""consistent"",""intent"":""consistent"",""policy"":""consistent""}",C4,,0.1893787090666592,2026-08-08T05:18:05.881047+00:00,2721099.194078574,0.005057467147707939,25,,consistent,16
2721099.698082958,,0.5,transition-20260808T051207Z,,,2721099.901185666,"{""authorization"":""consistent"",""configuration"":""consistent"",""environment"":""consistent"",""intent"":""consistent"",""policy"":""consistent""}",C4,,0.2031027083285153,2026-08-08T05:18:06.393723+00:00,2721099.694078574,0.00400438392534852,26,,consistent,16
2721086.936899958,,2.0,transition-20260808T051207Z,evidence,evidence,2721087.2550145,"{""authorization"":""undecidable"",""configuration"":""consistent"",""environment"":""consistent"",""intent"":""consistent"",""policy"":""consistent""}",C4,artifact lineage unavailable: an active pod lacks a complete ready-container digest set,0.3181145419366658,2026-08-08T05:17:53.747466+00:00,2721086.9346347507,0.0022652074694633484,1,authorization,undecidable,16
2721088.937590625,,2.0,transition-20260808T051207Z,,,2721089.124338416,"{""authorization"":""consistent"",""configuration"":""consistent"",""environment"":""consistent"",""intent"":""consistent"",""policy"":""consistent""}",C4,,0.18674779077991843,2026-08-08T05:17:55.616800+00:00,2721088.9346347507,0.002955874428153038,2,,consistent,16
2721090.939196958,,2.0,transition-20260808T051207Z,,,2721091.146721958,"{""authorization"":""consistent"",""configuration"":""consistent"",""environment"":""consistent"",""intent"":""consistent"",""policy"":""consistent""}",C4,,0.20752499997615814,2026-08-08T05:17:57.639198+00:00,2721090.9346347507,0.004562207497656345,3,,consistent,16
2721092.9396725,,2.0,transition-20260808T051207Z,,,2721093.133407208,"{""authorization"":""consistent"",""configuration"":""consistent"",""environment"":""consistent"",""intent"":""consistent"",""policy"":""consistent""}",C4,,0.19373470824211836,2026-08-08T05:17:59.625898+00:00,2721092.9346347507,0.00503774918615818,4,,consistent,16
2721094.939682166,,2.0,transition-20260808T051207Z,,,2721095.152567291,"{""authorization"":""consistent"",""configuration"":""consistent"",""environment"":""consistent"",""intent"":""consistent"",""policy"":""consistent""}",C4,,0.2128851250745356,2026-08-08T05:18:01.645078+00:00,2721094.9346347507,0.005047415383160114,5,,consistent,16
2721096.939623291,,2.0,transition-20260808T051207Z,,,2721097.148061291,"{""authorization"":""consistent"",""configuration"":""consistent"",""environment"":""consistent"",""intent"":""consistent"",""policy"":""consistent""}",C4,,0.20843799971044064,2026-08-08T05:18:03.640583+00:00,2721096.9346347507,0.004988540429621935,6,,consistent,16
2721098.937309875,,2.0,transition-20260808T051207Z,,,2721099.136436458,"{""authorization"":""consistent"",""configuration"":""consistent"",""environment"":""consistent"",""intent"":""consistent"",""policy"":""consistent""}",C4,,0.19912658305838704,2026-08-08T05:18:05.628970+00:00,2721098.9346347507,0.002675124444067478,7,,consistent,16
2721091.2565635,,10.0,transition-20260808T051207Z,,,2721091.463616416,"{""authorization"":""consistent"",""configuration"":""consistent"",""environment"":""consistent"",""intent"":""consistent"",""policy"":""consistent""}",C4,,0.20705291582271457,2026-08-08T05:17:57.956099+00:00,2721091.253584064,0.002979435957968235,1,,consistent,16
2721104.670663333,,0.5,transition-20260808T051207Z,evidence,evidence,2721104.863607125,"{""authorization"":""undecidable"",""configuration"":""consistent"",""environment"":""consistent"",""intent"":""consistent"",""policy"":""consistent""}",C5,artifact lineage unavailable: an active pod lacks a complete ready-container digest set,0.1929437918588519,2026-08-08T05:18:11.356182+00:00,2721104.665612719,0.005050614010542631,1,authorization,undecidable,17
2721105.165970625,,0.5,transition-20260808T051207Z,evidence,evidence,2721105.36449775,"{""authorization"":""undecidable"",""configuration"":""consistent"",""environment"":""consistent"",""intent"":""consistent"",""policy"":""consistent""}",C5,artifact lineage unavailable: an active pod lacks a complete ready-container digest set,0.19852712517604232,2026-08-08T05:18:11.857074+00:00,2721105.165612719,0.00035790586844086647,2,authorization,undecidable,17
2721105.670037083,,0.5,transition-20260808T051207Z,,,2721105.857707625,"{""authorization"":""consistent"",""configuration"":""consistent"",""environment"":""consistent"",""intent"":""consistent"",""policy"":""consistent""}",C5,,0.18767054192721844,2026-08-08T05:18:12.350287+00:00,2721105.665612719,0.00442436384037137,3,,consistent,17
2721106.165684041,,0.5,transition-20260808T051207Z,,,2721106.371832625,"{""authorization"":""consistent"",""configuration"":""consistent"",""environment"":""consistent"",""intent"":""consistent"",""policy"":""consistent""}",C5,,0.20614858390763402,2026-08-08T05:18:12.864415+00:00,2721106.165612719,7.132207974791527e-05,4,,consistent,17
2721106.670444958,,0.5,transition-20260808T051207Z,,,2721106.876794083,"{""authorization"":""consistent"",""configuration"":""consistent"",""environment"":""consistent"",""intent"":""consistent"",""policy"":""consistent""}",C5,,0.20634912513196468,2026-08-08T05:18:13.369385+00:00,2721106.665612719,0.004832238890230656,5,,consistent,17
2721107.16796125,,0.5,transition-20260808T051207Z,,,2721107.835751708,"{""authorization"":""consistent"",""configuration"":""consistent"",""environment"":""consistent"",""intent"":""consistent"",""policy"":""consistent""}",C5,,0.6677904580719769,2026-08-08T05:18:14.328344+00:00,2721107.165612719,0.002348531037569046,6,,consistent,17
2721107.836053333,,0.5,transition-20260808T051207Z,,,2721108.062191958,"{""authorization"":""consistent"",""configuration"":""consistent"",""environment"":""consistent"",""intent"":""consistent"",""policy"":""consistent""}",C5,,0.2261386252939701,2026-08-08T05:18:14.554785+00:00,2721107.665612719,0.17044061375781894,7,,consistent,17
2721108.16603075,,0.5,transition-20260808T051207Z,,,2721108.361395375,"{""authorization"":""consistent"",""configuration"":""consistent"",""environment"":""consistent"",""intent"":""consistent"",""policy"":""consistent""}",C5,,0.19536462472751737,2026-08-08T05:18:14.853991+00:00,2721108.165612719,0.00041803112253546715,8,,consistent,17
2721108.670676375,,0.5,transition-20260808T051207Z,,,2721108.881068375,"{""authorization"":""consistent"",""configuration"":""consistent"",""environment"":""consistent"",""intent"":""consistent"",""policy"":""consistent""}",C5,,0.21039200015366077,2026-08-08T05:18:15.373668+00:00,2721108.665612719,0.005063655786216259,9,,consistent,17
2721109.166973541,,0.5,transition-20260808T051207Z,,,2721109.3783715,"{""authorization"":""consistent"",""configuration"":""consistent"",""environment"":""consistent"",""intent"":""consistent"",""policy"":""consistent""}",C5,,0.21139795891940594,2026-08-08T05:18:15.870972+00:00,2721109.165612719,0.0013608220033347607,10,,consistent,17
2721109.670684916,,0.5,transition-20260808T051207Z,,,2721109.87347975,"{""authorization"":""consistent"",""configuration"":""consistent"",""environment"":""consistent"",""intent"":""consistent"",""policy"":""consistent""}",C5,,0.20279483404010534,2026-08-08T05:18:16.366085+00:00,2721109.665612719,0.0050721969455480576,11,,consistent,17
2721110.170654416,,0.5,transition-20260808T051207Z,,,2721110.357047166,"{""authorization"":""consistent"",""configuration"":""consistent"",""environment"":""consistent"",""intent"":""consistent"",""policy"":""consistent""}",C5,,0.18639275012537837,2026-08-08T05:18:16.849655+00:00,2721110.165612719,0.005041697062551975,12,,consistent,17
2721110.667280083,,0.5,transition-20260808T051207Z,,,2721110.879878458,"{""authorization"":""consistent"",""configuration"":""consistent"",""environment"":""consistent"",""intent"":""consistent"",""policy"":""consistent""}",C5,,0.2125983750447631,2026-08-08T05:18:17.372495+00:00,2721110.665612719,0.0016673640348017216,13,,consistent,17
2721111.170680125,,0.5,transition-20260808T051207Z,,,2721111.374209583,"{""authorization"":""consistent"",""configuration"":""consistent"",""environment"":""consistent"",""intent"":""consistent"",""policy"":""consistent""}",C5,,0.20352945802733302,2026-08-08T05:18:17.866824+00:00,2721111.165612719,0.005067405756562948,14,,consistent,17
2721111.670680833,,0.5,transition-20260808T051207Z,,,2721111.881221833,"{""authorization"":""consistent"",""configuration"":""consistent"",""environment"":""consistent"",""intent"":""consistent"",""policy"":""consistent""}",C5,,0.21054100012406707,2026-08-08T05:18:18.373841+00:00,2721111.665612719,0.005068114027380943,15,,consistent,17
2721112.169667208,,0.5,transition-20260808T051207Z,,,2721112.344922916,"{""authorization"":""consistent"",""configuration"":""consistent"",""environment"":""consistent"",""intent"":""consistent"",""policy"":""consistent""}",C5,,0.1752557079307735,2026-08-08T05:18:18.837548+00:00,2721112.165612719,0.004054489079862833,16,,consistent,17
2721112.668168333,,0.5,transition-20260808T051207Z,,,2721112.915041,"{""authorization"":""consistent"",""configuration"":""consistent"",""environment"":""consistent"",""intent"":""consistent"",""policy"":""consistent""}",C5,,0.2468726672232151,2026-08-08T05:18:19.407666+00:00,2721112.665612719,0.002555613871663809,17,,consistent,17
2721113.170668875,,0.5,transition-20260808T051207Z,,,2721113.588424375,"{""authorization"":""consistent"",""configuration"":""consistent"",""environment"":""consistent"",""intent"":""consistent"",""policy"":""consistent""}",C5,,0.41775549994781613,2026-08-08T05:18:20.081056+00:00,2721113.165612719,0.0050561558455228806,18,,consistent,17
2721113.66749975,,0.5,transition-20260808T051207Z,,,2721113.87744225,"{""authorization"":""consistent"",""configuration"":""consistent"",""environment"":""consistent"",""intent"":""consistent"",""policy"":""consistent""}",C5,,0.20994250010699034,2026-08-08T05:18:20.370097+00:00,2721113.665612719,0.0018870308995246887,19,,consistent,17
2721114.166167625,,0.5,transition-20260808T051207Z,,,2721114.362513208,"{""authorization"":""consistent"",""configuration"":""consistent"",""environment"":""consistent"",""intent"":""consistent"",""policy"":""consistent""}",C5,,0.19634558260440826,2026-08-08T05:18:20.855147+00:00,2721114.165612719,0.0005549062043428421,20,,consistent,17
2721114.669413916,,0.5,transition-20260808T051207Z,,,2721114.876730833,"{""authorization"":""consistent"",""configuration"":""consistent"",""environment"":""consistent"",""intent"":""consistent"",""policy"":""consistent""}",C5,,0.20731691736727953,2026-08-08T05:18:21.369370+00:00,2721114.665612719,0.003801196813583374,21,,consistent,17
2721115.166126875,,0.5,transition-20260808T051207Z,,,2721115.417539833,"{""authorization"":""consistent"",""configuration"":""consistent"",""environment"":""consistent"",""intent"":""consistent"",""policy"":""consistent""}",C5,,0.251412957906723,2026-08-08T05:18:21.910183+00:00,2721115.165612719,0.0005141561850905418,22,,consistent,17
2721115.670677416,,0.5,transition-20260808T051207Z,,,2721115.920288416,"{""authorization"":""consistent"",""configuration"":""consistent"",""environment"":""consistent"",""intent"":""consistent"",""policy"":""consistent""}",C5,,0.24961100006476045,2026-08-08T05:18:22.412938+00:00,2721115.665612719,0.005064697004854679,23,,consistent,17
2721116.168759791,,0.5,transition-20260808T051207Z,,,2721116.359874125,"{""authorization"":""consistent"",""configuration"":""consistent"",""environment"":""consistent"",""intent"":""consistent"",""policy"":""consistent""}",C5,,0.1911143339239061,2026-08-08T05:18:22.852526+00:00,2721116.165612719,0.003147072158753872,24,,consistent,17
2721116.669583583,,0.5,transition-20260808T051207Z,,,2721116.860850916,"{""authorization"":""consistent"",""configuration"":""consistent"",""environment"":""consistent"",""intent"":""consistent"",""policy"":""consistent""}",C5,,0.19126733299344778,2026-08-08T05:18:23.353509+00:00,2721116.665612719,0.00397086376324296,25,,consistent,17
2721117.16641575,,0.5,transition-20260808T051207Z,,,2721117.372571916,"{""authorization"":""consistent"",""configuration"":""consistent"",""environment"":""consistent"",""intent"":""consistent"",""policy"":""consistent""}",C5,,0.20615616580471396,2026-08-08T05:18:23.865229+00:00,2721117.165612719,0.0008030310273170471,26,,consistent,17
2721105.955480666,,2.0,transition-20260808T051207Z,,,2721106.224309208,"{""authorization"":""consistent"",""configuration"":""consistent"",""environment"":""consistent"",""intent"":""consistent"",""policy"":""consistent""}",C5,,0.2688285419717431,2026-08-08T05:18:12.716894+00:00,2721105.9515429833,0.00393768260255456,1,,consistent,17
2721107.953684666,,2.0,transition-20260808T051207Z,,,2721108.170168208,"{""authorization"":""consistent"",""configuration"":""consistent"",""environment"":""consistent"",""intent"":""consistent"",""policy"":""consistent""}",C5,,0.21648354176431894,2026-08-08T05:18:14.662766+00:00,2721107.9515429833,0.0021416828967630863,2,,consistent,17
2721109.956582291,,2.0,transition-20260808T051207Z,,,2721110.166933041,"{""authorization"":""consistent"",""configuration"":""consistent"",""environment"":""consistent"",""intent"":""consistent"",""policy"":""consistent""}",C5,,0.2103507500141859,2026-08-08T05:18:16.659542+00:00,2721109.9515429833,0.005039307754486799,3,,consistent,17
2721111.955286125,,2.0,transition-20260808T051207Z,,,2721112.18300625,"{""authorization"":""consistent"",""configuration"":""consistent"",""environment"":""consistent"",""intent"":""consistent"",""policy"":""consistent""}",C5,,0.2277201246470213,2026-08-08T05:18:18.675640+00:00,2721111.9515429833,0.0037431418895721436,4,,consistent,17
2721113.956311375,,2.0,transition-20260808T051207Z,,,2721114.170040958,"{""authorization"":""consistent"",""configuration"":""consistent"",""environment"":""consistent"",""intent"":""consistent"",""policy"":""consistent""}",C5,,0.2137295831926167,2026-08-08T05:18:20.662680+00:00,2721113.9515429833,0.004768391605466604,5,,consistent,17
2721115.954883958,,2.0,transition-20260808T051207Z,,,2721116.141686333,"{""authorization"":""consistent"",""configuration"":""consistent"",""environment"":""consistent"",""intent"":""consistent"",""policy"":""consistent""}",C5,,0.18680237466469407,2026-08-08T05:18:22.634342+00:00,2721115.9515429833,0.0033409749157726765,6,,consistent,17
2721107.229729541,,10.0,transition-20260808T051207Z,,,2721107.835789625,"{""authorization"":""consistent"",""configuration"":""consistent"",""environment"":""consistent"",""intent"":""consistent"",""policy"":""consistent""}",C5,,0.6060600839555264,2026-08-08T05:18:14.328381+00:00,2721107.2296033553,0.0001261858269572258,1,,consistent,17
2721117.229938625,,10.0,transition-20260808T051207Z,,,2721117.417905916,"{""authorization"":""consistent"",""configuration"":""consistent"",""environment"":""consistent"",""intent"":""consistent"",""policy"":""consistent""}",C5,,0.18796729110181332,2026-08-08T05:18:23.910577+00:00,2721117.2296033553,0.00033526960760354996,2,,consistent,17
2721135.908357125,,0.5,transition-20260808T051207Z,evidence,evidence,2721136.163478625,"{""authorization"":""undecidable"",""configuration"":""consistent"",""environment"":""consistent"",""intent"":""consistent"",""policy"":""consistent""}",C6,artifact lineage unavailable: an active pod lacks a complete ready-container digest set,0.2551215002313256,2026-08-08T05:18:42.656277+00:00,2721135.9034025404,0.0049545844085514545,1,authorization,undecidable,18
2721136.408101541,,0.5,transition-20260808T051207Z,,,2721136.634885625,"{""authorization"":""consistent"",""configuration"":""consistent"",""environment"":""consistent"",""intent"":""consistent"",""policy"":""consistent""}",C6,,0.2267840839922428,2026-08-08T05:18:43.127679+00:00,2721136.4034025404,0.004699000623077154,2,,consistent,18
2721136.904795416,,0.5,transition-20260808T051207Z,,,2721137.144819125,"{""authorization"":""consistent"",""configuration"":""consistent"",""environment"":""consistent"",""intent"":""consistent"",""policy"":""consistent""}",C6,,0.2400237089022994,2026-08-08T05:18:43.637615+00:00,2721136.9034025404,0.001392875798046589,3,,consistent,18
2721137.408056833,,0.5,transition-20260808T051207Z,,,2721137.614384333,"{""authorization"":""consistent"",""configuration"":""consistent"",""environment"":""consistent"",""intent"":""consistent"",""policy"":""consistent""}",C6,,0.2063275002874434,2026-08-08T05:18:44.107182+00:00,2721137.4034025404,0.004654292482882738,4,,consistent,18
2721137.908136791,,0.5,transition-20260808T051207Z,,,2721138.12878575,"{""authorization"":""consistent"",""configuration"":""consistent"",""environment"":""consistent"",""intent"":""consistent"",""policy"":""consistent""}",C6,,0.22064895881339908,2026-08-08T05:18:44.621588+00:00,2721137.9034025404,0.004734250716865063,5,,consistent,18
2721138.407907958,,0.5,transition-20260808T051207Z,,,2721138.618064458,"{""authorization"":""consistent"",""configuration"":""consistent"",""environment"":""consistent"",""intent"":""consistent"",""policy"":""consistent""}",C6,,0.21015649987384677,2026-08-08T05:18:45.110871+00:00,2721138.4034025404,0.00450541777536273,6,,consistent,18
2721138.907305125,,0.5,transition-20260808T051207Z,,,2721139.155389166,"{""authorization"":""consistent"",""configuration"":""consistent"",""environment"":""consistent"",""intent"":""consistent"",""policy"":""consistent""}",C6,,0.2480840408243239,2026-08-08T05:18:45.648201+00:00,2721138.9034025404,0.003902584780007601,7,,consistent,18
2721139.404771625,,0.5,transition-20260808T051207Z,,,2721139.593799875,"{""authorization"":""consistent"",""configuration"":""consistent"",""environment"":""consistent"",""intent"":""consistent"",""policy"":""consistent""}",C6,,0.18902825005352497,2026-08-08T05:18:46.086614+00:00,2721139.4034025404,0.0013690846972167492,8,,consistent,18
2721139.903771875,,0.5,transition-20260808T051207Z,,,2721140.108265208,"{""authorization"":""consistent"",""configuration"":""consistent"",""environment"":""consistent"",""intent"":""consistent"",""policy"":""consistent""}",C6,,0.20449333311989903,2026-08-08T05:18:46.601082+00:00,2721139.9034025404,0.0003693345934152603,9,,consistent,18
2721140.4060195,,0.5,transition-20260808T051207Z,,,2721140.603082791,"{""authorization"":""consistent"",""configuration"":""consistent"",""environment"":""consistent"",""intent"":""consistent"",""policy"":""consistent""}",C6,,0.1970632909797132,2026-08-08T05:18:47.095904+00:00,2721140.4034025404,0.002616959623992443,10,,consistent,18
2721140.904934916,,0.5,transition-20260808T051207Z,,,2721141.128045708,"{""authorization"":""consistent"",""configuration"":""consistent"",""environment"":""consistent"",""intent"":""consistent"",""policy"":""consistent""}",C6,,0.22311079176142812,2026-08-08T05:18:47.620868+00:00,2721140.9034025404,0.0015323758125305176,11,,consistent,18
2721141.404931416,,0.5,transition-20260808T051207Z,,,2721141.613000875,"{""authorization"":""consistent"",""configuration"":""consistent"",""environment"":""consistent"",""intent"":""consistent"",""policy"":""consistent""}",C6,,0.20806945906952024,2026-08-08T05:18:48.105828+00:00,2721141.4034025404,0.0015288754366338253,12,,consistent,18
2721141.905875083,,0.5,transition-20260808T051207Z,,,2721142.216706458,"{""authorization"":""consistent"",""configuration"":""consistent"",""environment"":""consistent"",""intent"":""consistent"",""policy"":""consistent""}",C6,,0.31083137495443225,2026-08-08T05:18:48.709545+00:00,2721141.9034025404,0.002472542691975832,13,,consistent,18
2721142.406071958,,0.5,transition-20260808T051207Z,,,2721142.618073666,"{""authorization"":""consistent"",""configuration"":""consistent"",""environment"":""consistent"",""intent"":""consistent"",""policy"":""consistent""}",C6,,0.2120017078705132,2026-08-08T05:18:49.110906+00:00,2721142.4034025404,0.002669417764991522,14,,consistent,18
2721142.906218833,,0.5,transition-20260808T051207Z,,,2721143.129618,"{""authorization"":""consistent"",""configuration"":""consistent"",""environment"":""consistent"",""intent"":""consistent"",""policy"":""consistent""}",C6,,0.22339916694909334,2026-08-08T05:18:49.622452+00:00,2721142.9034025404,0.002816292457282543,15,,consistent,18
2721143.407613958,,0.5,transition-20260808T051207Z,,,2721143.613242333,"{""authorization"":""consistent"",""configuration"":""consistent"",""environment"":""consistent"",""intent"":""consistent"",""policy"":""consistent""}",C6,,0.20562837459146976,2026-08-08T05:18:50.106082+00:00,2721143.4034025404,0.004211417865008116,16,,consistent,18
2721143.906937666,,0.5,transition-20260808T051207Z,,,2721144.171053458,"{""authorization"":""consistent"",""configuration"":""consistent"",""environment"":""consistent"",""intent"":""consistent"",""policy"":""consistent""}",C6,,0.2641157922334969,2026-08-08T05:18:50.663901+00:00,2721143.9034025404,0.0035351254045963287,17,,consistent,18
2721144.404756125,,0.5,transition-20260808T051207Z,,,2721144.59893925,"{""authorization"":""consistent"",""configuration"":""consistent"",""environment"":""consistent"",""intent"":""consistent"",""policy"":""consistent""}",C6,,0.19418312516063452,2026-08-08T05:18:51.091786+00:00,2721144.4034025404,0.0013535846956074238,18,,consistent,18
2721144.907868416,,0.5,transition-20260808T051207Z,,,2721145.136333083,"{""authorization"":""consistent"",""configuration"":""consistent"",""environment"":""consistent"",""intent"":""consistent"",""policy"":""consistent""}",C6,,0.22846466675400734,2026-08-08T05:18:51.629184+00:00,2721144.9034025404,0.004465875681489706,19,,consistent,18
2721145.40992375,,0.5,transition-20260808T051207Z,,,2721145.636356041,"{""authorization"":""consistent"",""configuration"":""consistent"",""environment"":""consistent"",""intent"":""consistent"",""policy"":""consistent""}",C6,,0.22643229085952044,2026-08-08T05:18:52.129210+00:00,2721145.4034025404,0.006521209608763456,20,,consistent,18
2721145.906981166,,0.5,transition-20260808T051207Z,,,2721146.1439155,"{""authorization"":""consistent"",""configuration"":""consistent"",""environment"":""consistent"",""intent"":""consistent"",""policy"":""consistent""}",C6,,0.2369343340396881,2026-08-08T05:18:52.636773+00:00,2721145.9034025404,0.0035786256194114685,21,,consistent,18
2721146.408279375,,0.5,transition-20260808T051207Z,,,2721146.600320375,"{""authorization"":""consistent"",""configuration"":""consistent"",""environment"":""consistent"",""intent"":""consistent"",""policy"":""consistent""}",C6,,0.1920409998856485,2026-08-08T05:18:53.093179+00:00,2721146.4034025404,0.0048768348060548306,22,,consistent,18
2721146.907155166,,0.5,transition-20260808T051207Z,,,2721147.152988458,"{""authorization"":""consistent"",""configuration"":""consistent"",""environment"":""consistent"",""intent"":""consistent"",""policy"":""consistent""}",C6,,0.24583329213783145,2026-08-08T05:18:53.645853+00:00,2721146.9034025404,0.003752625547349453,23,,consistent,18
2721147.408513583,,0.5,transition-20260808T051207Z,,,2721147.623460833,"{""authorization"":""consistent"",""configuration"":""consistent"",""environment"":""consistent"",""intent"":""consistent"",""policy"":""consistent""}",C6,,0.21494725020602345,2026-08-08T05:18:54.116327+00:00,2721147.4034025404,0.005111042410135269,24,,consistent,18
2721147.908347791,,0.5,transition-20260808T051207Z,,,2721148.169838916,"{""authorization"":""consistent"",""configuration"":""consistent"",""environment"":""consistent"",""intent"":""consistent"",""policy"":""consistent""}",C6,,0.26149112498387694,2026-08-08T05:18:54.662707+00:00,2721147.9034025404,0.004945250693708658,25,,consistent,18
2721148.405193041,,0.5,transition-20260808T051207Z,,,2721148.683569083,"{""authorization"":""consistent"",""configuration"":""consistent"",""environment"":""consistent"",""intent"":""consistent"",""policy"":""consistent""}",C6,,0.2783760419115424,2026-08-08T05:18:55.176444+00:00,2721148.4034025404,0.0017905007116496563,26,,consistent,18
2721136.649721875,,2.0,transition-20260808T051207Z,,,2721136.867419333,"{""authorization"":""consistent"",""configuration"":""consistent"",""environment"":""consistent"",""intent"":""consistent"",""policy"":""consistent""}",C6,,0.21769745834171772,2026-08-08T05:18:43.360222+00:00,2721136.648232205,0.0014896700158715248,1,,consistent,18
2721138.653280625,,2.0,transition-20260808T051207Z,,,2721138.845015458,"{""authorization"":""consistent"",""configuration"":""consistent"",""environment"":""consistent"",""intent"":""consistent"",""policy"":""consistent""}",C6,,0.1917348327115178,2026-08-08T05:18:45.337825+00:00,2721138.648232205,0.005048420280218124,2,,consistent,18
2721140.653276583,,2.0,transition-20260808T051207Z,,,2721140.863521541,"{""authorization"":""consistent"",""configuration"":""consistent"",""environment"":""consistent"",""intent"":""consistent"",""policy"":""consistent""}",C6,,0.21024495782330632,2026-08-08T05:18:47.356358+00:00,2721140.648232205,0.005044378340244293,3,,consistent,18
2721142.65328825,,2.0,transition-20260808T051207Z,,,2721142.869646416,"{""authorization"":""consistent"",""configuration"":""consistent"",""environment"":""consistent"",""intent"":""consistent"",""policy"":""consistent""}",C6,,0.21635816618800163,2026-08-08T05:18:49.362486+00:00,2721142.648232205,0.005056045018136501,4,,consistent,18
2721144.652647458,,2.0,transition-20260808T051207Z,,,2721144.84866975,"{""authorization"":""consistent"",""configuration"":""consistent"",""environment"":""consistent"",""intent"":""consistent"",""policy"":""consistent""}",C6,,0.1960222921334207,2026-08-08T05:18:51.341545+00:00,2721144.648232205,0.004415253177285194,5,,consistent,18
2721146.6532705,,2.0,transition-20260808T051207Z,,,2721146.860286958,"{""authorization"":""consistent"",""configuration"":""consistent"",""environment"":""consistent"",""intent"":""consistent"",""policy"":""consistent""}",C6,,0.20701645826920867,2026-08-08T05:18:53.353150+00:00,2721146.648232205,0.005038294941186905,6,,consistent,18
2721148.648280166,,2.0,transition-20260808T051207Z,,,2721148.908644541,"{""authorization"":""consistent"",""configuration"":""consistent"",""environment"":""consistent"",""intent"":""consistent"",""policy"":""consistent""}",C6,,0.260364375077188,2026-08-08T05:18:55.401528+00:00,2721148.648232205,4.796124994754791e-05,7,,consistent,18
2721143.682121375,,10.0,transition-20260808T051207Z,,,2721143.902456958,"{""authorization"":""consistent"",""configuration"":""consistent"",""environment"":""consistent"",""intent"":""consistent"",""policy"":""consistent""}",C6,,0.2203355827368796,2026-08-08T05:18:50.395311+00:00,2721143.6770592164,0.005062158685177565,1,,consistent,18
2721156.068172916,,0.5,transition-20260808T051207Z,,,2721156.289464416,"{""authorization"":""consistent"",""configuration"":""consistent"",""environment"":""consistent"",""intent"":""consistent"",""policy"":""consistent""}",C1,,0.2212915001437068,2026-08-08T05:19:02.782395+00:00,2721156.063131697,0.00504121882840991,1,,consistent,19
2721156.568178833,,0.5,transition-20260808T051207Z,,,2721156.746492875,"{""authorization"":""consistent"",""configuration"":""consistent"",""environment"":""consistent"",""intent"":""consistent"",""policy"":""consistent""}",C1,,0.17831404181197286,2026-08-08T05:19:03.239422+00:00,2721156.563131697,0.00504713598638773,2,,consistent,19
2721157.063399041,,0.5,transition-20260808T051207Z,,,2721157.298105416,"{""authorization"":""consistent"",""configuration"":""consistent"",""environment"":""consistent"",""intent"":""consistent"",""policy"":""consistent""}",C1,,0.2347063748165965,2026-08-08T05:19:03.791042+00:00,2721157.063131697,0.00026734406128525734,3,,consistent,19
2721157.56818325,,0.5,transition-20260808T051207Z,,,2721157.760421708,"{""authorization"":""consistent"",""configuration"":""consistent"",""environment"":""consistent"",""intent"":""consistent"",""policy"":""consistent""}",C1,,0.19223845843225718,2026-08-08T05:19:04.253359+00:00,2721157.563131697,0.0050515527836978436,4,,consistent,19
2721158.063984875,,0.5,transition-20260808T051207Z,,,2721158.267624875,"{""authorization"":""consistent"",""configuration"":""consistent"",""environment"":""consistent"",""intent"":""consistent"",""policy"":""consistent""}",C1,,0.20363999996334314,2026-08-08T05:19:04.760567+00:00,2721158.063131697,0.0008531780913472176,5,,consistent,19
2721158.565323958,,0.5,transition-20260808T051207Z,,,2721158.759981958,"{""authorization"":""consistent"",""configuration"":""consistent"",""environment"":""consistent"",""intent"":""consistent"",""policy"":""consistent""}",C1,,0.19465800002217293,2026-08-08T05:19:05.252927+00:00,2721158.563131697,0.0021922611631453037,6,,consistent,19
2721159.06757625,,0.5,transition-20260808T051207Z,,,2721159.30011025,"{""authorization"":""consistent"",""configuration"":""consistent"",""environment"":""consistent"",""intent"":""consistent"",""policy"":""consistent""}",C1,,0.23253399971872568,2026-08-08T05:19:05.793058+00:00,2721159.063131697,0.004444553051143885,7,,consistent,19
2721159.568197041,,0.5,transition-20260808T051207Z,,,2721159.773257791,"{""authorization"":""consistent"",""configuration"":""consistent"",""environment"":""consistent"",""intent"":""consistent"",""policy"":""consistent""}",C1,,0.20506075024604797,2026-08-08T05:19:06.266211+00:00,2721159.563131697,0.0050653438083827496,8,,consistent,19
2721160.064010375,,0.5,transition-20260808T051207Z,,,2721160.263830833,"{""authorization"":""consistent"",""configuration"":""consistent"",""environment"":""consistent"",""intent"":""consistent"",""policy"":""consistent""}",C1,,0.199820457957685,2026-08-08T05:19:06.756785+00:00,2721160.063131697,0.0008786781691014767,9,,consistent,19
2721160.568196416,,0.5,transition-20260808T051207Z,,,2721160.778297666,"{""authorization"":""consistent"",""configuration"":""consistent"",""environment"":""consistent"",""intent"":""consistent"",""policy"":""consistent""}",C1,,0.21010125009343028,2026-08-08T05:19:07.271262+00:00,2721160.563131697,0.005064718890935183,10,,consistent,19
2721161.067767958,,0.5,transition-20260808T051207Z,,,2721161.359554583,"{""authorization"":""consistent"",""configuration"":""consistent"",""environment"":""consistent"",""intent"":""consistent"",""policy"":""consistent""}",C1,,0.2917866250500083,2026-08-08T05:19:07.852521+00:00,2721161.063131697,0.004636261146515608,11,,consistent,19
2721161.564311291,,0.5,transition-20260808T051207Z,,,2721161.749446291,"{""authorization"":""consistent"",""configuration"":""consistent"",""environment"":""consistent"",""intent"":""consistent"",""policy"":""consistent""}",C1,,0.18513499991968274,2026-08-08T05:19:08.242410+00:00,2721161.563131697,0.0011795940808951855,12,,consistent,19
2721162.064266166,,0.5,transition-20260808T051207Z,,,2721162.306638875,"{""authorization"":""consistent"",""configuration"":""consistent"",""environment"":""consistent"",""intent"":""consistent"",""policy"":""consistent""}",C1,,0.24237270886078477,2026-08-08T05:19:08.799609+00:00,2721162.063131697,0.001134469173848629,13,,consistent,19
2721162.568170291,,0.5,transition-20260808T051207Z,,,2721162.755377375,"{""authorization"":""consistent"",""configuration"":""consistent"",""environment"":""consistent"",""intent"":""consistent"",""policy"":""consistent""}",C1,,0.18720708414912224,2026-08-08T05:19:09.248348+00:00,2721162.563131697,0.0050385938957333565,14,,consistent,19
2721163.065077041,,0.5,transition-20260808T051207Z,,,2721163.277727583,"{""authorization"":""consistent"",""configuration"":""consistent"",""environment"":""consistent"",""intent"":""consistent"",""policy"":""consistent""}",C1,,0.2126505421474576,2026-08-08T05:19:09.770701+00:00,2721163.063131697,0.0019453437998890877,15,,consistent,19
2721163.564266958,,0.5,transition-20260808T051207Z,,,2721163.82804775,"{""authorization"":""consistent"",""configuration"":""consistent"",""environment"":""consistent"",""intent"":""consistent"",""policy"":""consistent""}",C1,,0.2637807922437787,2026-08-08T05:19:10.321027+00:00,2721163.563131697,0.0011352607980370522,16,,consistent,19
2721164.06802425,,0.5,transition-20260808T051207Z,,,2721164.332464791,"{""authorization"":""consistent"",""configuration"":""consistent"",""environment"":""consistent"",""intent"":""consistent"",""policy"":""consistent""}",C1,,0.264440540689975,2026-08-08T05:19:10.825446+00:00,2721164.063131697,0.004892553202807903,17,,consistent,19
2721164.56726175,,0.5,transition-20260808T051207Z,,,2721164.748542166,"{""authorization"":""consistent"",""configuration"":""consistent"",""environment"":""consistent"",""intent"":""consistent"",""policy"":""consistent""}",C1,,0.1812804159708321,2026-08-08T05:19:11.241528+00:00,2721164.563131697,0.0041300528682768345,18,,consistent,19
2721165.064010375,,0.5,transition-20260808T051207Z,,,2721165.273216041,"{""authorization"":""consistent"",""configuration"":""consistent"",""environment"":""consistent"",""intent"":""consistent"",""policy"":""consistent""}",C1,,0.2092056656256318,2026-08-08T05:19:11.766207+00:00,2721165.063131697,0.0008786781691014767,19,,consistent,19
2721165.564807583,,0.5,transition-20260808T051207Z,,,2721165.766370166,"{""authorization"":""consistent"",""configuration"":""consistent"",""environment"":""consistent"",""intent"":""consistent"",""policy"":""consistent""}",C1,,0.2015625829808414,2026-08-08T05:19:12.259362+00:00,2721165.563131697,0.0016758861020207405,20,,consistent,19
2721166.066674041,,0.5,transition-20260808T051207Z,,,2721166.330781333,"{""authorization"":""consistent"",""configuration"":""consistent"",""environment"":""consistent"",""intent"":""consistent"",""policy"":""consistent""}",C1,,0.2641072920523584,2026-08-08T05:19:12.823781+00:00,2721166.063131697,0.0035423440858721733,21,,consistent,19
2721166.563265208,,0.5,transition-20260808T051207Z,,,2721166.7673015,"{""authorization"":""consistent"",""configuration"":""consistent"",""environment"":""consistent"",""intent"":""consistent"",""policy"":""consistent""}",C1,,0.20403629168868065,2026-08-08T05:19:13.260301+00:00,2721166.563131697,0.00013351114466786385,22,,consistent,19
2721167.066171958,,0.5,transition-20260808T051207Z,,,2721167.489079791,"{""authorization"":""consistent"",""configuration"":""consistent"",""environment"":""consistent"",""intent"":""consistent"",""policy"":""consistent""}",C1,,0.42290783300995827,2026-08-08T05:19:13.982155+00:00,2721167.063131697,0.0030402611009776592,23,,consistent,19
2721167.564884833,,0.5,transition-20260808T051207Z,,,2721167.85751025,"{""authorization"":""consistent"",""configuration"":""consistent"",""environment"":""consistent"",""intent"":""consistent"",""policy"":""consistent""}",C1,,0.29262541700154543,2026-08-08T05:19:14.350519+00:00,2721167.563131697,0.0017531360499560833,24,,consistent,19
2721168.063631125,,0.5,transition-20260808T051207Z,,,2721168.282515166,"{""authorization"":""consistent"",""configuration"":""consistent"",""environment"":""consistent"",""intent"":""consistent"",""policy"":""consistent""}",C1,,0.21888404106721282,2026-08-08T05:19:14.775524+00:00,2721168.063131697,0.0004994277842342854,25,,consistent,19
2721156.41255875,,2.0,transition-20260808T051207Z,,,2721156.654062125,"{""authorization"":""consistent"",""configuration"":""consistent"",""environment"":""consistent"",""intent"":""consistent"",""policy"":""consistent""}",C1,,0.2415033751167357,2026-08-08T05:19:03.147000+00:00,2721156.4093111954,0.003247554413974285,1,,consistent,19
2721158.4103985,,2.0,transition-20260808T051207Z,,,2721158.605442916,"{""authorization"":""consistent"",""configuration"":""consistent"",""environment"":""consistent"",""intent"":""consistent"",""policy"":""consistent""}",C1,,0.1950444160029292,2026-08-08T05:19:05.098388+00:00,2721158.4093111954,0.0010873046703636646,2,,consistent,19
2721160.410014333,,2.0,transition-20260808T051207Z,,,2721160.666482208,"{""authorization"":""consistent"",""configuration"":""consistent"",""environment"":""consistent"",""intent"":""consistent"",""policy"":""consistent""}",C1,,0.2564678746275604,2026-08-08T05:19:07.159441+00:00,2721160.4093111954,0.0007031378336250782,3,,consistent,19
2721162.411095208,,2.0,transition-20260808T051207Z,,,2721162.6144205,"{""authorization"":""consistent"",""configuration"":""consistent"",""environment"":""consistent"",""intent"":""consistent"",""policy"":""consistent""}",C1,,0.20332529209554195,2026-08-08T05:19:09.107393+00:00,2721162.4093111954,0.0017840126529335976,4,,consistent,19
2721164.40968025,,2.0,transition-20260808T051207Z,,,2721164.617227083,"{""authorization"":""consistent"",""configuration"":""consistent"",""environment"":""consistent"",""intent"":""consistent"",""policy"":""consistent""}",C1,,0.20754683297127485,2026-08-08T05:19:11.110213+00:00,2721164.4093111954,0.00036905473098158836,5,,consistent,19
2721166.412486416,,2.0,transition-20260808T051207Z,,,2721166.588399083,"{""authorization"":""consistent"",""configuration"":""consistent"",""environment"":""consistent"",""intent"":""consistent"",""policy"":""consistent""}",C1,,0.17591266706585884,2026-08-08T05:19:13.081399+00:00,2721166.4093111954,0.00317522045224905,6,,consistent,19
2721157.209233916,,10.0,transition-20260808T051207Z,,,2721157.41471475,"{""authorization"":""consistent"",""configuration"":""consistent"",""environment"":""consistent"",""intent"":""consistent"",""policy"":""consistent""}",C1,,0.2054808340035379,2026-08-08T05:19:03.907660+00:00,2721157.2062953254,0.0029385904781520367,1,,consistent,19
2721167.210541208,,10.0,transition-20260808T051207Z,,,2721167.669773041,"{""authorization"":""consistent"",""configuration"":""consistent"",""environment"":""consistent"",""intent"":""consistent"",""policy"":""consistent""}",C1,,0.4592318329960108,2026-08-08T05:19:14.162791+00:00,2721167.2062953254,0.004245882388204336,2,,consistent,19
2721186.181893125,,0.5,transition-20260808T051207Z,configuration,configuration,2721186.423079291,"{""authorization"":""consistent"",""configuration"":""inconsistent"",""environment"":""consistent"",""intent"":""consistent"",""policy"":""consistent""}",C2,managed deployment projection differs from Git,0.2411861657164991,2026-08-08T05:19:32.905386+00:00,2721186.177263557,0.004629568196833134,1,,drift,20
2721186.682328458,,0.5,transition-20260808T051207Z,evidence,evidence,2721186.87982575,"{""authorization"":""undecidable"",""configuration"":""consistent"",""environment"":""consistent"",""intent"":""consistent"",""policy"":""consistent""}",C2,artifact lineage unavailable: an active pod lacks a complete ready-container digest set,0.1974972919560969,2026-08-08T05:19:33.361822+00:00,2721186.677263557,0.00506490096449852,2,authorization,undecidable,20
2721187.180733583,,0.5,transition-20260808T051207Z,evidence,evidence,2721187.423328916,"{""authorization"":""undecidable"",""configuration"":""consistent"",""environment"":""consistent"",""intent"":""consistent"",""policy"":""consistent""}",C2,artifact lineage unavailable: an active pod lacks a complete ready-container digest set,0.24259533314034343,2026-08-08T05:19:33.904971+00:00,2721187.177263557,0.003470025956630707,3,authorization,undecidable,20
2721187.681656791,,0.5,transition-20260808T051207Z,,,2721187.866274041,"{""authorization"":""consistent"",""configuration"":""consistent"",""environment"":""consistent"",""intent"":""consistent"",""policy"":""consistent""}",C2,,0.18461725022643805,2026-08-08T05:19:34.347645+00:00,2721187.677263557,0.004393233917653561,4,,consistent,20
2721188.178032125,,0.5,transition-20260808T051207Z,,,2721188.35298875,"{""authorization"":""consistent"",""configuration"":""consistent"",""environment"":""consistent"",""intent"":""consistent"",""policy"":""consistent""}",C2,,0.17495662532746792,2026-08-08T05:19:34.834062+00:00,2721188.177263557,0.0007685679011046886,5,,consistent,20
2721188.67924825,,0.5,transition-20260808T051207Z,,,2721188.889113625,"{""authorization"":""consistent"",""configuration"":""consistent"",""environment"":""consistent"",""intent"":""consistent"",""policy"":""consistent""}",C2,,0.20986537495628,2026-08-08T05:19:35.369879+00:00,2721188.677263557,0.0019846931099891663,6,,consistent,20
2721189.179727458,,0.5,transition-20260808T051207Z,,,2721189.38985575,"{""authorization"":""consistent"",""configuration"":""consistent"",""environment"":""consistent"",""intent"":""consistent"",""policy"":""consistent""}",C2,,0.21012829197570682,2026-08-08T05:19:35.870335+00:00,2721189.177263557,0.002463900949805975,7,,consistent,20
2721189.682314333,,0.5,transition-20260808T051207Z,,,2721189.902208708,"{""authorization"":""consistent"",""configuration"":""consistent"",""environment"":""consistent"",""intent"":""consistent"",""policy"":""consistent""}",C2,,0.21989437518641353,2026-08-08T05:19:36.382418+00:00,2721189.677263557,0.005050776060670614,8,,consistent,20
2721190.182309166,,0.5,transition-20260808T051207Z,,,2721190.426732833,"{""authorization"":""consistent"",""configuration"":""consistent"",""environment"":""consistent"",""intent"":""consistent"",""policy"":""consistent""}",C2,,0.2444236669689417,2026-08-08T05:19:36.906660+00:00,2721190.177263557,0.005045609083026648,9,,consistent,20
2721190.682310708,,0.5,transition-20260808T051207Z,,,2721190.882933541,"{""authorization"":""consistent"",""configuration"":""consistent"",""environment"":""consistent"",""intent"":""consistent"",""policy"":""consistent""}",C2,,0.2006228333339095,2026-08-08T05:19:37.362627+00:00,2721190.677263557,0.0050471508875489235,10,,consistent,20
2721191.183915375,,0.5,transition-20260808T051207Z,,,2721191.512473916,"{""authorization"":""consistent"",""configuration"":""consistent"",""environment"":""consistent"",""intent"":""consistent"",""policy"":""consistent""}",C2,,0.3285585413686931,2026-08-08T05:19:37.991857+00:00,2721191.177263557,0.006651817820966244,11,,consistent,20
2721191.682325625,,0.5,transition-20260808T051207Z,,,2721191.886854833,"{""authorization"":""consistent"",""configuration"":""consistent"",""environment"":""consistent"",""intent"":""consistent"",""policy"":""consistent""}",C2,,0.2045292081311345,2026-08-08T05:19:38.366061+00:00,2721191.677263557,0.00506206788122654,12,,consistent,20
2721192.17989175,,0.5,transition-20260808T051207Z,,,2721192.409479416,"{""authorization"":""consistent"",""configuration"":""consistent"",""environment"":""consistent"",""intent"":""consistent"",""policy"":""consistent""}",C2,,0.229587665759027,2026-08-08T05:19:38.888441+00:00,2721192.177263557,0.002628193236887455,13,,consistent,20
2721192.682311541,,0.5,transition-20260808T051207Z,,,2721192.927886916,"{""authorization"":""consistent"",""configuration"":""consistent"",""environment"":""consistent"",""intent"":""consistent"",""policy"":""consistent""}",C2,,0.24557537492364645,2026-08-08T05:19:39.406614+00:00,2721192.677263557,0.005047983955591917,14,,consistent,20
2721193.18373625,,0.5,transition-20260808T051207Z,,,2721193.509838333,"{""authorization"":""consistent"",""configuration"":""consistent"",""environment"":""consistent"",""intent"":""consistent"",""policy"":""consistent""}",C2,,0.3261020830832422,2026-08-08T05:19:39.988318+00:00,2721193.177263557,0.00647269282490015,15,,consistent,20
2721193.682319416,,0.5,transition-20260808T051207Z,,,2721193.973219,"{""authorization"":""consistent"",""configuration"":""consistent"",""environment"":""consistent"",""intent"":""consistent"",""policy"":""consistent""}",C2,,0.2908995836041868,2026-08-08T05:19:40.451500+00:00,2721193.677263557,0.0050558592192828655,16,,consistent,20
2721194.17755625,,0.5,transition-20260808T051207Z,,,2721194.374103458,"{""authorization"":""consistent"",""configuration"":""consistent"",""environment"":""consistent"",""intent"":""consistent"",""policy"":""consistent""}",C2,,0.19654720835387707,2026-08-08T05:19:40.852223+00:00,2721194.177263557,0.00029269279912114143,17,,consistent,20
2721194.679783583,,0.5,transition-20260808T051207Z,,,2721194.892337833,"{""authorization"":""consistent"",""configuration"":""consistent"",""environment"":""consistent"",""intent"":""consistent"",""policy"":""consistent""}",C2,,0.21255424991250038,2026-08-08T05:19:41.370252+00:00,2721194.677263557,0.002520026173442602,18,,consistent,20
2721195.182331791,,0.5,transition-20260808T051207Z,,,2721195.401238833,"{""authorization"":""consistent"",""configuration"":""consistent"",""environment"":""consistent"",""intent"":""consistent"",""policy"":""consistent""}",C2,,0.2189070419408381,2026-08-08T05:19:41.878960+00:00,2721195.177263557,0.005068234167993069,19,,consistent,20
2721195.677557666,,0.5,transition-20260808T051207Z,,,2721195.877166666,"{""authorization"":""consistent"",""configuration"":""consistent"",""environment"":""consistent"",""intent"":""consistent"",""policy"":""consistent""}",C2,,0.19960900023579597,2026-08-08T05:19:42.354713+00:00,2721195.677263557,0.00029410887509584427,20,,consistent,20
2721196.182314208,,0.5,transition-20260808T051207Z,,,2721196.417473583,"{""authorization"":""consistent"",""configuration"":""consistent"",""environment"":""consistent"",""intent"":""consistent"",""policy"":""consistent""}",C2,,0.23515937523916364,2026-08-08T05:19:42.894827+00:00,2721196.177263557,0.0050506507977843285,21,,consistent,20
2721196.682159791,,0.5,transition-20260808T051207Z,,,2721196.869150166,"{""authorization"":""consistent"",""configuration"":""consistent"",""environment"":""consistent"",""intent"":""consistent"",""policy"":""consistent""}",C2,,0.18699037516489625,2026-08-08T05:19:43.346341+00:00,2721196.677263557,0.004896233789622784,22,,consistent,20
2721197.1777475,,0.5,transition-20260808T051207Z,,,2721197.441976708,"{""authorization"":""consistent"",""configuration"":""consistent"",""environment"":""consistent"",""intent"":""consistent"",""policy"":""consistent""}",C2,,0.264229207765311,2026-08-08T05:19:43.918975+00:00,2721197.177263557,0.0004839431494474411,23,,consistent,20
2721197.679357083,,0.5,transition-20260808T051207Z,,,2721197.901136916,"{""authorization"":""consistent"",""configuration"":""consistent"",""environment"":""consistent"",""intent"":""consistent"",""policy"":""consistent""}",C2,,0.2217798330821097,2026-08-08T05:19:44.377989+00:00,2721197.677263557,0.002093526069074869,24,,consistent,20
2721198.1823185,,0.5,transition-20260808T051207Z,,,2721198.425240166,"{""authorization"":""consistent"",""configuration"":""consistent"",""environment"":""consistent"",""intent"":""consistent"",""policy"":""consistent""}",C2,,0.24292166624218225,2026-08-08T05:19:44.901924+00:00,2721198.177263557,0.005054942797869444,25,,consistent,20
2721198.682352166,,0.5,transition-20260808T051207Z,,,2721198.888530375,"{""authorization"":""consistent"",""configuration"":""consistent"",""environment"":""consistent"",""intent"":""consistent"",""policy"":""consistent""}",C2,,0.20617820881307125,2026-08-08T05:19:45.365074+00:00,2721198.677263557,0.005088609177619219,26,,consistent,20
2721199.182315583,,0.5,transition-20260808T051207Z,,,2721199.384632125,"{""authorization"":""consistent"",""configuration"":""consistent"",""environment"":""consistent"",""intent"":""consistent"",""policy"":""consistent""}",C2,,0.20231654215604067,2026-08-08T05:19:45.861026+00:00,2721199.177263557,0.005052025895565748,27,,consistent,20
2721199.682339666,,0.5,transition-20260808T051207Z,,,2721199.890907333,"{""authorization"":""consistent"",""configuration"":""consistent"",""environment"":""consistent"",""intent"":""consistent"",""policy"":""consistent""}",C2,,0.20856766728684306,2026-08-08T05:19:46.367165+00:00,2721199.677263557,0.00507610896602273,28,,consistent,20
2721200.177615458,,0.5,transition-20260808T051207Z,,,2721200.362624666,"{""authorization"":""consistent"",""configuration"":""consistent"",""environment"":""consistent"",""intent"":""consistent"",""policy"":""consistent""}",C2,,0.18500920804217458,2026-08-08T05:19:46.838747+00:00,2721200.177263557,0.00035190116614103317,29,,consistent,20
2721200.677580458,,0.5,transition-20260808T051207Z,,,2721200.932887875,"{""authorization"":""consistent"",""configuration"":""consistent"",""environment"":""consistent"",""intent"":""consistent"",""policy"":""consistent""}",C2,,0.2553074168972671,2026-08-08T05:19:47.408857+00:00,2721200.677263557,0.0003169011324644089,30,,consistent,20
2721201.182283208,,0.5,transition-20260808T051207Z,,,2721201.5021285,"{""authorization"":""consistent"",""configuration"":""consistent"",""environment"":""consistent"",""intent"":""consistent"",""policy"":""consistent""}",C2,,0.3198452922515571,2026-08-08T05:19:47.977954+00:00,2721201.177263557,0.005019650794565678,31,,consistent,20
2721201.679044208,,0.5,transition-20260808T051207Z,,,2721201.893566791,"{""authorization"":""consistent"",""configuration"":""consistent"",""environment"":""consistent"",""intent"":""consistent"",""policy"":""consistent""}",C2,,0.21452258294448256,2026-08-08T05:19:48.369290+00:00,2721201.677263557,0.001780651044100523,32,,consistent,20
2721202.18194225,,0.5,transition-20260808T051207Z,,,2721202.413745041,"{""authorization"":""consistent"",""configuration"":""consistent"",""environment"":""consistent"",""intent"":""consistent"",""policy"":""consistent""}",C2,,0.23180279089137912,2026-08-08T05:19:48.889341+00:00,2721202.177263557,0.004678693134337664,33,,consistent,20
2721202.682400875,,0.5,transition-20260808T051207Z,,,2721202.900088875,"{""authorization"":""consistent"",""configuration"":""consistent"",""environment"":""consistent"",""intent"":""consistent"",""policy"":""consistent""}",C2,,0.2176880002953112,2026-08-08T05:19:49.375571+00:00,2721202.677263557,0.005137317813932896,34,,consistent,20
2721203.182238,,0.5,transition-20260808T051207Z,,,2721203.531442625,"{""authorization"":""consistent"",""configuration"":""consistent"",""environment"":""consistent"",""intent"":""consistent"",""policy"":""consistent""}",C2,,0.34920462500303984,2026-08-08T05:19:50.006780+00:00,2721203.177263557,0.00497444299980998,35,,consistent,20
2721203.682325666,,0.5,transition-20260808T051207Z,,,2721203.920137625,"{""authorization"":""consistent"",""configuration"":""consistent"",""environment"":""consistent"",""intent"":""consistent"",""policy"":""consistent""}",C2,,0.23781195934861898,2026-08-08T05:19:50.395389+00:00,2721203.677263557,0.005062108859419823,36,,consistent,20
2721204.179285791,,0.5,transition-20260808T051207Z,,,2721204.377108625,"{""authorization"":""consistent"",""configuration"":""consistent"",""environment"":""consistent"",""intent"":""consistent"",""policy"":""consistent""}",C2,,0.19782283436506987,2026-08-08T05:19:50.852260+00:00,2721204.177263557,0.0020222337916493416,37,,consistent,20
2721204.682330833,,0.5,transition-20260808T051207Z,,,2721204.895990083,"{""authorization"":""consistent"",""configuration"":""consistent"",""environment"":""consistent"",""intent"":""consistent"",""policy"":""consistent""}",C2,,0.21365925017744303,2026-08-08T05:19:51.371034+00:00,2721204.677263557,0.005067275837063789,38,,consistent,20
2721186.063269208,,2.0,transition-20260808T051207Z,configuration,configuration,2721186.3317295,"{""authorization"":""consistent"",""configuration"":""inconsistent"",""environment"":""consistent"",""intent"":""consistent"",""policy"":""consistent""}",C2,managed deployment projection differs from Git,0.268460291903466,2026-08-08T05:19:32.814092+00:00,2721186.061794709,0.001474499236792326,1,,drift,20
2721188.062883083,,2.0,transition-20260808T051207Z,,,2721188.288823958,"{""authorization"":""consistent"",""configuration"":""consistent"",""environment"":""consistent"",""intent"":""consistent"",""policy"":""consistent""}",C2,,0.22594087524339557,2026-08-08T05:19:34.769937+00:00,2721188.061794709,0.0010883738286793232,2,,consistent,20
2721190.0647335,,2.0,transition-20260808T051207Z,,,2721190.308508541,"{""authorization"":""consistent"",""configuration"":""consistent"",""environment"":""consistent"",""intent"":""consistent"",""policy"":""consistent""}",C2,,0.24377504084259272,2026-08-08T05:19:36.788505+00:00,2721190.061794709,0.0029387911781668663,3,,consistent,20
2721192.064775708,,2.0,transition-20260808T051207Z,,,2721192.307678208,"{""authorization"":""consistent"",""configuration"":""consistent"",""environment"":""consistent"",""intent"":""consistent"",""policy"":""consistent""}",C2,,0.24290250008925796,2026-08-08T05:19:38.786686+00:00,2721192.061794709,0.002980999182909727,4,,consistent,20
2721194.065110833,,2.0,transition-20260808T051207Z,,,2721194.267152083,"{""authorization"":""consistent"",""configuration"":""consistent"",""environment"":""consistent"",""intent"":""consistent"",""policy"":""consistent""}",C2,,0.20204125018790364,2026-08-08T05:19:40.745314+00:00,2721194.061794709,0.0033161239698529243,5,,consistent,20
2721196.066850125,,2.0,transition-20260808T051207Z,,,2721196.280487541,"{""authorization"":""consistent"",""configuration"":""consistent"",""environment"":""consistent"",""intent"":""consistent"",""policy"":""consistent""}",C2,,0.21363741625100374,2026-08-08T05:19:42.757890+00:00,2721196.061794709,0.0050554159097373486,6,,consistent,20
2721198.066844041,,2.0,transition-20260808T051207Z,,,2721198.299653791,"{""authorization"":""consistent"",""configuration"":""consistent"",""environment"":""consistent"",""intent"":""consistent"",""policy"":""consistent""}",C2,,0.23280974989756942,2026-08-08T05:19:44.776377+00:00,2721198.061794709,0.005049332045018673,7,,consistent,20
2721200.061856708,,2.0,transition-20260808T051207Z,,,2721200.264032708,"{""authorization"":""consistent"",""configuration"":""consistent"",""environment"":""consistent"",""intent"":""consistent"",""policy"":""consistent""}",C2,,0.20217599999159575,2026-08-08T05:19:46.740181+00:00,2721200.061794709,6.199907511472702e-05,8,,consistent,20
2721202.066835958,,2.0,transition-20260808T051207Z,,,2721202.290168041,"{""authorization"":""consistent"",""configuration"":""consistent"",""environment"":""consistent"",""intent"":""consistent"",""policy"":""consistent""}",C2,,0.22333208285272121,2026-08-08T05:19:48.765798+00:00,2721202.061794709,0.005041249096393585,9,,consistent,20
2721204.06482675,,2.0,transition-20260808T051207Z,,,2721204.270528583,"{""authorization"":""consistent"",""configuration"":""consistent"",""environment"":""consistent"",""intent"":""consistent"",""policy"":""consistent""}",C2,,0.20570183265954256,2026-08-08T05:19:50.745706+00:00,2721204.061794709,0.003032041247934103,10,,consistent,20
2721195.23436525,,10.0,transition-20260808T051207Z,,,2721195.440716416,"{""authorization"":""consistent"",""configuration"":""consistent"",""environment"":""consistent"",""intent"":""consistent"",""policy"":""consistent""}",C2,,0.20635116612538695,2026-08-08T05:19:41.918483+00:00,2721195.2302822494,0.004083000589162111,1,,consistent,20
