repeat,scenario,cadence_seconds,phase_seconds,evaluator_tier,expected_class_set,observed_verdict,observed_class,detection_rate_hit,classification_correct,polls,injection_started_utc,onset_observed_utc,actuation_seconds,ddl_seconds,end_to_end_seconds,tte_seconds,evidence_semantics
1,S1,0.5,0.17518214733362036,T0n,configuration,drift,configuration,True,True,1,2026-08-07T20:04:37.549933+00:00,2026-08-07T20:04:37.603707+00:00,0.0537775419652462,0.26856216695159674,0.32233970891684294,0.26867170771583915,minimal synchronous verdict bundle
1,S1,2.0,1.5158653865192677,T0n,configuration,drift,configuration,True,True,1,2026-08-07T20:04:37.549933+00:00,2026-08-07T20:04:37.603707+00:00,0.0537775419652462,1.6735367919318378,1.727314333897084,1.6735935830511153,minimal synchronous verdict bundle
1,S1,10.0,3.7511045938600542,T0n,configuration,drift,configuration,True,True,1,2026-08-07T20:04:37.549933+00:00,2026-08-07T20:04:37.603707+00:00,0.0537775419652462,3.8526262920349836,3.90640383400023,3.8526940001174808,minimal synchronous verdict bundle
1,S2,0.5,0.1061206347024175,T2,authorization,drift,authorization,True,True,1,2026-08-07T20:03:52.026169+00:00,2026-08-07T20:03:55.004968+00:00,2.9787287497892976,0.2850770833902061,3.2638058331795037,0.2851274162530899,minimal synchronous verdict bundle
1,S2,2.0,0.9671581746780862,T2,authorization,drift,authorization,True,True,1,2026-08-07T20:03:52.026169+00:00,2026-08-07T20:03:55.004968+00:00,2.9787287497892976,1.1328227501362562,4.111551499925554,1.1328594163060188,minimal synchronous verdict bundle
1,S2,10.0,5.813241684719412,T2,authorization,drift,authorization,True,True,1,2026-08-07T20:03:52.026169+00:00,2026-08-07T20:03:55.004968+00:00,2.9787287497892976,5.985627750400454,8.964356500189751,5.985709875356406,minimal synchronous verdict bundle
1,S3,0.5,0.457981558710831,T1,policy,drift,policy,True,True,12,2026-08-07T20:04:16.953281+00:00,2026-08-07T20:04:17.121582+00:00,0.16829004185274243,6.090672207996249,6.258962249848992,6.0907512083649635,minimal synchronous verdict bundle
1,S3,2.0,1.0744843296211117,T1,policy,drift,policy,True,True,4,2026-08-07T20:04:16.953281+00:00,2026-08-07T20:04:17.121582+00:00,0.16829004185274243,7.262355167418718,7.430645209271461,7.262412250041962,minimal synchronous verdict bundle
1,S3,10.0,6.140795922396837,T1,policy,drift,policy,True,True,1,2026-08-07T20:04:16.953281+00:00,2026-08-07T20:04:17.121582+00:00,0.16829004185274243,6.2791847083717585,6.447474750224501,6.279234792105854,minimal synchronous verdict bundle
1,S4,0.5,0.3974084782016235,T3,authorization,drift,authorization,True,True,1,2026-08-07T20:02:58.028400+00:00,2026-08-07T20:02:59.579203+00:00,1.5507761668413877,0.6462935833260417,2.1970697501674294,0.6464932500384748,minimal synchronous verdict bundle
1,S4,2.0,1.1438155348366164,T3,authorization,drift,authorization,True,True,1,2026-08-07T20:02:58.028400+00:00,2026-08-07T20:02:59.579203+00:00,1.5507761668413877,1.3242622083052993,2.875038375146687,1.324316875077784,minimal synchronous verdict bundle
1,S4,10.0,8.616378788005512,T3,authorization,drift,authorization,True,True,1,2026-08-07T20:02:58.028400+00:00,2026-08-07T20:02:59.579203+00:00,1.5507761668413877,8.937486750073731,10.488262916915119,8.937628875020891,minimal synchronous verdict bundle
1,S5,0.5,0.3364316230069024,T4,environment,drift,environment,True,True,1,2026-08-07T20:04:05.269232+00:00,2026-08-07T20:04:05.302309+00:00,0.033081458415836096,0.5944025837816298,0.6274840421974659,0.5944476248696446,minimal synchronous verdict bundle
1,S5,2.0,1.239877428610118,T4,environment,drift,environment,True,True,1,2026-08-07T20:04:05.269232+00:00,2026-08-07T20:04:05.302309+00:00,0.033081458415836096,1.4347072090022266,1.4677886674180627,1.4347462086007,minimal synchronous verdict bundle
1,S5,10.0,8.260941032084864,T4,environment,drift,environment,True,True,1,2026-08-07T20:04:05.269232+00:00,2026-08-07T20:04:05.302309+00:00,0.033081458415836096,8.496280916966498,8.529362375382334,8.496365749742836,minimal synchronous verdict bundle
1,S6,0.5,0.39781947476940555,T2,intent|authorization,drift,intent,True,True,1,2026-08-07T20:03:12.582641+00:00,2026-08-07T20:03:20.749339+00:00,8.166539459023625,0.5689782910048962,8.73551775002852,0.5690328748896718,minimal synchronous verdict bundle
1,S6,2.0,0.24971785875361285,T2,intent|authorization,drift,intent,True,True,1,2026-08-07T20:03:12.582641+00:00,2026-08-07T20:03:20.749339+00:00,8.166539459023625,0.4095628750510514,8.576102334074676,0.4096640828065574,minimal synchronous verdict bundle
1,S6,10.0,7.748931096284023,T2,intent|authorization,drift,intent,True,True,1,2026-08-07T20:03:12.582641+00:00,2026-08-07T20:03:20.749339+00:00,8.166539459023625,7.949872000142932,16.116411459166557,7.9499413329176605,minimal synchronous verdict bundle
1,S7,0.5,0.15954875902515114,T4,environment,drift,environment,True,True,1,2026-08-07T20:04:27.465864+00:00,2026-08-07T20:04:27.503066+00:00,0.03720624977722764,0.32807541685178876,0.3652816666290164,0.3281227918341756,minimal synchronous verdict bundle
1,S7,2.0,1.8354783758160809,T4,environment,drift,environment,True,True,1,2026-08-07T20:04:27.465864+00:00,2026-08-07T20:04:27.503066+00:00,0.03720624977722764,2.0816840417683125,2.11889029154554,2.0817272500135005,minimal synchronous verdict bundle
1,S7,10.0,6.295323552331419,T4,environment,drift,environment,True,True,1,2026-08-07T20:04:27.465864+00:00,2026-08-07T20:04:27.503066+00:00,0.03720624977722764,6.490879791788757,6.5280860415659845,6.490919834002852,minimal synchronous verdict bundle
1,S8,0.5,0.21302949611416988,T3,authorization,drift,authorization,True,True,1,2026-08-07T20:03:38.544585+00:00,2026-08-07T20:03:38.591409+00:00,0.046831582672894,0.4236467080190778,0.4704782906919718,0.42370883328840137,minimal synchronous verdict bundle
1,S8,2.0,0.9820283163884014,T3,authorization,drift,authorization,True,True,1,2026-08-07T20:03:38.544585+00:00,2026-08-07T20:03:38.591409+00:00,0.046831582672894,1.2426489172503352,1.2894804999232292,1.242708417121321,minimal synchronous verdict bundle
1,S8,10.0,9.933044669409805,T3,authorization,drift,authorization,True,True,1,2026-08-07T20:03:38.544585+00:00,2026-08-07T20:03:38.591409+00:00,0.046831582672894,10.191626416984946,10.23845799965784,10.191733125131577,minimal synchronous verdict bundle
1,S9,0.5,0.47392228697532623,T2,evidence,undecidable,evidence,True,True,1,2026-08-07T20:04:44.472777+00:00,2026-08-07T20:04:44.488444+00:00,0.015667832922190428,0.6135946246795356,0.629262457601726,0.613650499843061,minimal synchronous verdict bundle
1,S9,2.0,0.09547870160846084,T2,evidence,undecidable,evidence,True,True,1,2026-08-07T20:04:44.472777+00:00,2026-08-07T20:04:44.488444+00:00,0.015667832922190428,0.22758120764046907,0.2432490405626595,0.227634749840945,minimal synchronous verdict bundle
1,S9,10.0,2.2109295815830543,T2,evidence,undecidable,evidence,True,True,1,2026-08-07T20:04:44.472777+00:00,2026-08-07T20:04:44.488444+00:00,0.015667832922190428,2.3576314579695463,2.3732992908917367,2.3576983329840004,minimal synchronous verdict bundle
2,S1,0.5,0.49144999197384265,T0n,configuration,drift,configuration,True,True,1,2026-08-07T20:06:20.426797+00:00,2026-08-07T20:06:20.489803+00:00,0.06300491699948907,0.5976377078332007,0.6606426248326898,0.5977309998124838,minimal synchronous verdict bundle
2,S1,2.0,1.220944396155839,T0n,configuration,drift,configuration,True,True,1,2026-08-07T20:06:20.426797+00:00,2026-08-07T20:06:20.489803+00:00,0.06300491699948907,1.3133613327518106,1.3763662497512996,1.3134088749065995,minimal synchronous verdict bundle
2,S1,10.0,1.7935555630598754,T0n,configuration,drift,configuration,True,True,1,2026-08-07T20:06:20.426797+00:00,2026-08-07T20:06:20.489803+00:00,0.06300491699948907,1.9913534577935934,2.0543583747930825,1.9915174157358706,minimal synchronous verdict bundle
2,S2,0.5,0.1641872339888008,T2,authorization,drift,authorization,True,True,1,2026-08-07T20:06:36.128978+00:00,2026-08-07T20:06:39.002768+00:00,2.8735936246812344,0.38582275016233325,3.2594163748435676,0.38589529087767005,minimal synchronous verdict bundle
2,S2,2.0,0.32152712460667354,T2,authorization,drift,authorization,True,True,1,2026-08-07T20:06:36.128978+00:00,2026-08-07T20:06:39.002768+00:00,2.8735936246812344,0.503247291315347,3.3768409159965813,0.5032876660116017,minimal synchronous verdict bundle
2,S2,10.0,9.001674934312998,T2,authorization,drift,authorization,True,True,1,2026-08-07T20:06:36.128978+00:00,2026-08-07T20:06:39.002768+00:00,2.8735936246812344,9.216025291010737,12.089618915691972,9.21610137494281,minimal synchronous verdict bundle
2,S3,0.5,0.018460647086604,T1,policy,drift,policy,True,True,21,2026-08-07T20:05:22.462240+00:00,2026-08-07T20:05:22.717366+00:00,0.2550979168154299,10.147452583070844,10.402550499886274,10.147546833381057,minimal synchronous verdict bundle
2,S3,2.0,1.493610357605746,T1,policy,drift,policy,True,True,6,2026-08-07T20:05:22.462240+00:00,2026-08-07T20:05:22.717366+00:00,0.2550979168154299,11.667923500295728,11.923021417111158,11.667992625385523,minimal synchronous verdict bundle
2,S3,10.0,3.9126432349194595,T1,policy,drift,policy,True,True,2,2026-08-07T20:05:22.462240+00:00,2026-08-07T20:05:22.717366+00:00,0.2550979168154299,14.11381783336401,14.36891575017944,14.114766708109528,minimal synchronous verdict bundle
2,S4,0.5,0.040830740384208475,T3,authorization,drift,authorization,True,True,3,2026-08-07T20:05:58.808474+00:00,2026-08-07T20:06:00.219712+00:00,1.4112056661397219,1.2602816671133041,2.671487333253026,1.2603557500988245,minimal synchronous verdict bundle
2,S4,2.0,1.8181699885824194,T3,authorization,drift,authorization,True,True,1,2026-08-07T20:05:58.808474+00:00,2026-08-07T20:06:00.219712+00:00,1.4112056661397219,1.991665625013411,3.402871291153133,1.9917129590176046,minimal synchronous verdict bundle
2,S4,10.0,4.111266152495633,T3,authorization,drift,authorization,True,True,1,2026-08-07T20:05:58.808474+00:00,2026-08-07T20:06:00.219712+00:00,1.4112056661397219,4.3011568752117455,5.712362541351467,4.30120029207319,minimal synchronous verdict bundle
2,S5,0.5,0.20445711028023705,T4,environment,drift,environment,True,True,1,2026-08-07T20:05:47.704908+00:00,2026-08-07T20:05:47.739826+00:00,0.03492245823144913,0.39319670805707574,0.42811916628852487,0.3932615420781076,minimal synchronous verdict bundle
2,S5,2.0,1.7052281140272896,T4,environment,drift,environment,True,True,1,2026-08-07T20:05:47.704908+00:00,2026-08-07T20:05:47.739826+00:00,0.03492245823144913,1.9075351669453084,1.9424576251767576,1.9075744999572635,minimal synchronous verdict bundle
2,S5,10.0,7.88594942565302,T4,environment,drift,environment,True,True,1,2026-08-07T20:05:47.704908+00:00,2026-08-07T20:05:47.739826+00:00,0.03492245823144913,8.124903416726738,8.159825874958187,8.124970541801304,minimal synchronous verdict bundle
2,S6,0.5,0.43868113246123236,T2,intent|authorization,drift,intent,True,True,1,2026-08-07T20:04:55.054873+00:00,2026-08-07T20:05:05.131124+00:00,10.076053666882217,0.6145317503251135,10.69058541720733,0.6146582923829556,minimal synchronous verdict bundle
2,S6,2.0,1.9931426524716707,T2,intent|authorization,drift,intent,True,True,1,2026-08-07T20:04:55.054873+00:00,2026-08-07T20:05:05.131124+00:00,10.076053666882217,2.2114405832253397,12.287494250107557,2.2115399171598256,minimal synchronous verdict bundle
2,S6,10.0,8.412530230599506,T2,intent|authorization,drift,intent,True,True,1,2026-08-07T20:04:55.054873+00:00,2026-08-07T20:05:05.131124+00:00,10.076053666882217,8.620770583394915,18.696824250277132,8.62088004220277,minimal synchronous verdict bundle
2,S7,0.5,0.03941192151332018,T4,environment,drift,environment,True,True,1,2026-08-07T20:06:25.543855+00:00,2026-08-07T20:06:25.561583+00:00,0.01772954221814871,0.21041150018572807,0.22814104240387678,0.21045791683718562,minimal synchronous verdict bundle
2,S7,2.0,0.32869204586055023,T4,environment,drift,environment,True,True,1,2026-08-07T20:06:25.543855+00:00,2026-08-07T20:06:25.561583+00:00,0.01772954221814871,0.5113690420985222,0.5290985843166709,0.5114038330502808,minimal synchronous verdict bundle
2,S7,10.0,7.132775243172114,T4,environment,drift,environment,True,True,1,2026-08-07T20:06:25.543855+00:00,2026-08-07T20:06:25.561583+00:00,0.01772954221814871,7.38185662496835,7.399586167186499,7.381898874882609,minimal synchronous verdict bundle
2,S8,0.5,0.4872802068958702,T3,authorization,drift,authorization,True,True,1,2026-08-07T20:06:08.344435+00:00,2026-08-07T20:06:08.387248+00:00,0.04281108267605305,0.6637499593198299,0.706561041995883,0.6641826671548188,minimal synchronous verdict bundle
2,S8,2.0,1.7994752376139005,T3,authorization,drift,authorization,True,True,1,2026-08-07T20:06:08.344435+00:00,2026-08-07T20:06:08.387248+00:00,0.04281108267605305,1.9899899172596633,2.0328009999357164,1.9900387502275407,minimal synchronous verdict bundle
2,S8,10.0,8.424899196393854,T3,authorization,drift,authorization,True,True,1,2026-08-07T20:06:08.344435+00:00,2026-08-07T20:06:08.387248+00:00,0.04281108267605305,8.662780292332172,8.705591375008225,8.662893459200859,minimal synchronous verdict bundle
2,S9,0.5,0.4280970877589652,T2,evidence,undecidable,evidence,True,True,1,2026-08-07T20:04:49.954495+00:00,2026-08-07T20:04:49.969808+00:00,0.015316624660044909,0.6265913750976324,0.6419079997576773,0.6266497080214322,minimal synchronous verdict bundle
2,S9,2.0,1.314037180353481,T2,evidence,undecidable,evidence,True,True,1,2026-08-07T20:04:49.954495+00:00,2026-08-07T20:04:49.969808+00:00,0.015316624660044909,1.4585596662946045,1.4738762909546494,1.4585997913964093,minimal synchronous verdict bundle
2,S9,10.0,2.379993119707642,T2,evidence,undecidable,evidence,True,True,1,2026-08-07T20:04:49.954495+00:00,2026-08-07T20:04:49.969808+00:00,0.015316624660044909,2.51937820808962,2.534694832749665,2.519452915992588,minimal synchronous verdict bundle
3,S1,0.5,0.4277691296921218,T0n,configuration,drift,configuration,True,True,1,2026-08-07T20:07:57.285212+00:00,2026-08-07T20:07:57.359849+00:00,0.07463104091584682,0.5505857090465724,0.6252167499624193,0.5506382500752807,minimal synchronous verdict bundle
3,S1,2.0,0.2525642296302899,T0n,configuration,drift,configuration,True,True,1,2026-08-07T20:07:57.285212+00:00,2026-08-07T20:07:57.359849+00:00,0.07463104091584682,0.3422013339586556,0.4168323748745024,0.3422542093321681,minimal synchronous verdict bundle
3,S1,10.0,7.072303288235529,T0n,configuration,drift,configuration,True,True,1,2026-08-07T20:07:57.285212+00:00,2026-08-07T20:07:57.359849+00:00,0.07463104091584682,7.195547084324062,7.270178125239909,7.195642959326506,minimal synchronous verdict bundle
3,S2,0.5,0.2636177441257404,T2,authorization,drift,authorization,True,True,1,2026-08-07T20:07:04.777840+00:00,2026-08-07T20:07:07.003360+00:00,2.2254463331773877,0.4901394587941468,2.7155857919715345,0.49018074991181493,minimal synchronous verdict bundle
3,S2,2.0,1.6534223269866384,T2,authorization,drift,authorization,True,True,1,2026-08-07T20:07:04.777840+00:00,2026-08-07T20:07:07.003360+00:00,2.2254463331773877,1.7833444168791175,4.008790750056505,1.7833821247331798,minimal synchronous verdict bundle
3,S2,10.0,0.20492516564980634,T2,authorization,drift,authorization,True,True,1,2026-08-07T20:07:04.777840+00:00,2026-08-07T20:07:07.003360+00:00,2.2254463331773877,0.365858499892056,2.5913048330694437,0.36591029167175293,minimal synchronous verdict bundle
3,S3,0.5,0.1718864941883705,T1,policy,drift,policy,True,True,16,2026-08-07T20:07:46.245530+00:00,2026-08-07T20:07:46.380502+00:00,0.1349720419384539,7.904793249908835,8.039765291847289,7.9048425001092255,minimal synchronous verdict bundle
3,S3,2.0,1.3197196804030376,T1,policy,drift,policy,True,True,4,2026-08-07T20:07:46.245530+00:00,2026-08-07T20:07:46.380502+00:00,0.1349720419384539,7.436663874890655,7.571635916829109,7.436749291140586,minimal synchronous verdict bundle
3,S3,10.0,7.655607673398067,T1,policy,drift,policy,True,True,1,2026-08-07T20:07:46.245530+00:00,2026-08-07T20:07:46.380502+00:00,0.1349720419384539,7.781866041012108,7.916838082950562,7.781915832776576,minimal synchronous verdict bundle
3,S4,0.5,0.4865959870236778,T3,authorization,drift,authorization,True,True,3,2026-08-07T20:07:26.363257+00:00,2026-08-07T20:07:27.972480+00:00,1.6091840830631554,1.7781928330659866,3.387376916129142,1.7782400422729552,minimal synchronous verdict bundle
3,S4,2.0,1.4289548667659058,T3,authorization,drift,authorization,True,True,1,2026-08-07T20:07:26.363257+00:00,2026-08-07T20:07:27.972480+00:00,1.6091840830631554,1.6062589171342552,3.2154430001974106,1.6063310001045465,minimal synchronous verdict bundle
3,S4,10.0,3.773580889830467,T3,authorization,drift,authorization,True,True,1,2026-08-07T20:07:26.363257+00:00,2026-08-07T20:07:27.972480+00:00,1.6091840830631554,4.017171792220324,5.62635587528348,4.017232125159353,minimal synchronous verdict bundle
3,S5,0.5,0.1344548136968563,T4,environment,drift,environment,True,True,1,2026-08-07T20:06:52.500012+00:00,2026-08-07T20:06:52.522403+00:00,0.022397583816200495,0.7626983332447708,0.7850959170609713,0.7627683752216399,minimal synchronous verdict bundle
3,S5,2.0,1.749646144147632,T4,environment,drift,environment,True,True,1,2026-08-07T20:06:52.500012+00:00,2026-08-07T20:06:52.522403+00:00,0.022397583816200495,1.9787767082452774,2.001174292061478,1.9788152081891894,minimal synchronous verdict bundle
3,S5,10.0,8.946101819568781,T4,environment,drift,environment,True,True,1,2026-08-07T20:06:52.500012+00:00,2026-08-07T20:06:52.522403+00:00,0.022397583816200495,9.26921191625297,9.291609500069171,9.269296166021377,minimal synchronous verdict bundle
3,S6,0.5,0.3983739691984484,T2,intent|authorization,drift,intent,True,True,1,2026-08-07T20:08:07.488992+00:00,2026-08-07T20:08:17.502683+00:00,10.013497250154614,0.6751700830645859,10.6886673332192,0.6752264169044793,minimal synchronous verdict bundle
3,S6,2.0,0.3651521956515764,T2,intent|authorization,drift,intent,True,True,1,2026-08-07T20:08:07.488992+00:00,2026-08-07T20:08:17.502683+00:00,10.013497250154614,0.5395866669714451,10.55308391712606,0.5396680827252567,minimal synchronous verdict bundle
3,S6,10.0,5.6839283824081255,T2,intent|authorization,drift,intent,True,True,1,2026-08-07T20:08:07.488992+00:00,2026-08-07T20:08:17.502683+00:00,10.013497250154614,5.8834929168224335,15.896990166977048,5.883550291880965,minimal synchronous verdict bundle
3,S7,0.5,0.17099279175203824,T4,environment,drift,environment,True,True,1,2026-08-07T20:07:11.700234+00:00,2026-08-07T20:07:11.722933+00:00,0.02270145807415247,0.33076512487605214,0.3534665829502046,0.3308039172552526,minimal synchronous verdict bundle
3,S7,2.0,1.0850029279374969,T4,environment,drift,environment,True,True,1,2026-08-07T20:07:11.700234+00:00,2026-08-07T20:07:11.722933+00:00,0.02270145807415247,1.3088200418278575,1.33152149990201,1.3088547922670841,minimal synchronous verdict bundle
3,S7,10.0,7.466776783345102,T4,environment,drift,environment,True,True,1,2026-08-07T20:07:11.700234+00:00,2026-08-07T20:07:11.722933+00:00,0.02270145807415247,7.706490166950971,7.729191625025123,7.706549916882068,minimal synchronous verdict bundle
3,S8,0.5,0.40350017752767137,T3,authorization,drift,authorization,True,True,1,2026-08-07T20:07:36.187645+00:00,2026-08-07T20:07:36.223866+00:00,0.03622841602191329,0.6638720002956688,0.7001004163175821,0.6639804588630795,minimal synchronous verdict bundle
3,S8,2.0,1.9955477718575092,T3,authorization,drift,authorization,True,True,1,2026-08-07T20:07:36.187645+00:00,2026-08-07T20:07:36.223866+00:00,0.03622841602191329,2.1879514171741903,2.2241798331961036,2.187992666848004,minimal synchronous verdict bundle
3,S8,10.0,5.757559414443461,T3,authorization,drift,authorization,True,True,1,2026-08-07T20:07:36.187645+00:00,2026-08-07T20:07:36.223866+00:00,0.03622841602191329,6.01007525017485,6.0463036661967635,6.010124875232577,minimal synchronous verdict bundle
3,S9,0.5,0.2704529362142047,T2,evidence,undecidable,evidence,True,True,1,2026-08-07T20:07:22.238719+00:00,2026-08-07T20:07:22.252544+00:00,0.013826459180563688,0.45074912486597896,0.46457558404654264,0.45080924965441227,minimal synchronous verdict bundle
3,S9,2.0,1.5116205930813325,T2,evidence,undecidable,evidence,True,True,1,2026-08-07T20:07:22.238719+00:00,2026-08-07T20:07:22.252544+00:00,0.013826459180563688,1.6562733328901231,1.6700997920706868,1.6563272080384195,minimal synchronous verdict bundle
3,S9,10.0,0.9439079331329103,T2,evidence,undecidable,evidence,True,True,1,2026-08-07T20:07:22.238719+00:00,2026-08-07T20:07:22.252544+00:00,0.013826459180563688,1.119006207678467,1.1328326668590307,1.1190619580447674,minimal synchronous verdict bundle
4,S1,0.5,0.3242278395294163,T0n,configuration,drift,configuration,True,True,1,2026-08-07T20:10:17.069527+00:00,2026-08-07T20:10:17.113440+00:00,0.043915709014981985,0.4558706250973046,0.49978633411228657,0.4559511663392186,minimal synchronous verdict bundle
4,S1,2.0,1.6111734120286736,T0n,configuration,drift,configuration,True,True,1,2026-08-07T20:10:17.069527+00:00,2026-08-07T20:10:17.113440+00:00,0.043915709014981985,1.7063303752802312,1.7502460842952132,1.7063832501880825,minimal synchronous verdict bundle
4,S1,10.0,7.8956033041743865,T0n,configuration,drift,configuration,True,True,1,2026-08-07T20:10:17.069527+00:00,2026-08-07T20:10:17.113440+00:00,0.043915709014981985,8.04268516600132,8.086600875016302,8.042765541002154,minimal synchronous verdict bundle
4,S2,0.5,0.1088041867852127,T2,authorization,drift,authorization,True,True,1,2026-08-07T20:10:04.419678+00:00,2026-08-07T20:10:07.005200+00:00,2.5854434170760214,0.24597341706976295,2.8314168341457844,0.24602595809847116,minimal synchronous verdict bundle
4,S2,2.0,1.293810851421306,T2,authorization,drift,authorization,True,True,1,2026-08-07T20:10:04.419678+00:00,2026-08-07T20:10:07.005200+00:00,2.5854434170760214,1.5062419171445072,4.091685334220529,1.506279167253524,minimal synchronous verdict bundle
4,S2,10.0,5.454085023000443,T2,authorization,drift,authorization,True,True,1,2026-08-07T20:10:04.419678+00:00,2026-08-07T20:10:07.005200+00:00,2.5854434170760214,5.67169833322987,8.257141750305891,5.6717842081561685,minimal synchronous verdict bundle
4,S3,0.5,0.09718398606106632,T1,policy,drift,policy,True,True,21,2026-08-07T20:09:40.977406+00:00,2026-08-07T20:09:41.095045+00:00,0.11763649992644787,10.247139875311404,10.364776375237852,10.24723279196769,minimal synchronous verdict bundle
4,S3,2.0,0.2863163939401465,T1,policy,drift,policy,True,True,6,2026-08-07T20:09:40.977406+00:00,2026-08-07T20:09:41.095045+00:00,0.11763649992644787,10.412955916952342,10.53059241687879,10.41300812503323,minimal synchronous verdict bundle
4,S3,10.0,2.19366924367417,T1,policy,drift,policy,True,True,2,2026-08-07T20:09:40.977406+00:00,2026-08-07T20:09:41.095045+00:00,0.11763649992644787,12.383151832967997,12.500788332894444,12.3831950831227,minimal synchronous verdict bundle
4,S4,0.5,0.36943010651697,T3,authorization,drift,authorization,True,True,1,2026-08-07T20:09:00.816641+00:00,2026-08-07T20:09:02.500634+00:00,1.6839562500827014,0.5417569158598781,2.2257131659425795,0.5418256251141429,minimal synchronous verdict bundle
4,S4,2.0,0.6254071238662808,T3,authorization,drift,authorization,True,True,1,2026-08-07T20:09:00.816641+00:00,2026-08-07T20:09:02.500634+00:00,1.6839562500827014,0.8017349997535348,2.4856912498362362,0.8017892078496516,minimal synchronous verdict bundle
4,S4,10.0,9.48593461279765,T3,authorization,drift,authorization,True,True,1,2026-08-07T20:09:00.816641+00:00,2026-08-07T20:09:02.500634+00:00,1.6839562500827014,9.814809666015208,11.49876591609791,9.814896707888693,minimal synchronous verdict bundle
4,S5,0.5,0.16478184291713915,T4,environment,drift,environment,True,True,1,2026-08-07T20:09:16.494002+00:00,2026-08-07T20:09:16.526830+00:00,0.032831666991114616,0.3475112081505358,0.38034287514165044,0.3475656253285706,minimal synchronous verdict bundle
4,S5,2.0,1.7625807221821483,T4,environment,drift,environment,True,True,1,2026-08-07T20:09:16.494002+00:00,2026-08-07T20:09:16.526830+00:00,0.032831666991114616,2.006951166316867,2.0397828333079815,2.0069874580949545,minimal synchronous verdict bundle
4,S5,10.0,5.0333699374758565,T4,environment,drift,environment,True,True,1,2026-08-07T20:09:16.494002+00:00,2026-08-07T20:09:16.526830+00:00,0.032831666991114616,5.216320250183344,5.2491519171744585,5.216376916039735,minimal synchronous verdict bundle
4,S6,0.5,0.3520364465900982,T2,intent|authorization,drift,intent,True,True,1,2026-08-07T20:08:32.065798+00:00,2026-08-07T20:08:44.609417+00:00,12.543388542253524,0.5069787497632205,13.050367292016745,0.5070507079362869,minimal synchronous verdict bundle
4,S6,2.0,0.9853559486917502,T2,intent|authorization,drift,intent,True,True,1,2026-08-07T20:08:32.065798+00:00,2026-08-07T20:08:44.609417+00:00,12.543388542253524,1.2034005406312644,13.746789082884789,1.2034512907266617,minimal synchronous verdict bundle
4,S6,10.0,1.5473531857809375,T2,intent|authorization,drift,intent,True,True,1,2026-08-07T20:08:32.065798+00:00,2026-08-07T20:08:44.609417+00:00,12.543388542253524,1.703755958005786,14.24714450025931,1.70382170798257,minimal synchronous verdict bundle
4,S7,0.5,0.05262701853461971,T4,environment,drift,environment,True,True,1,2026-08-07T20:09:24.580555+00:00,2026-08-07T20:09:24.594160+00:00,0.013604791834950447,0.21423012483865023,0.22783491667360067,0.21427420806139708,minimal synchronous verdict bundle
4,S7,2.0,1.4410297046389795,T4,environment,drift,environment,True,True,1,2026-08-07T20:09:24.580555+00:00,2026-08-07T20:09:24.594160+00:00,0.013604791834950447,1.624871457926929,1.6384762497618794,1.6249097911641002,minimal synchronous verdict bundle
4,S7,10.0,6.020237842833659,T4,environment,drift,environment,True,True,1,2026-08-07T20:09:24.580555+00:00,2026-08-07T20:09:24.594160+00:00,0.013604791834950447,6.273189916275442,6.286794708110392,6.273277458269149,minimal synchronous verdict bundle
4,S8,0.5,0.3961547129460597,T3,authorization,drift,authorization,True,True,1,2026-08-07T20:09:33.735529+00:00,2026-08-07T20:09:33.752925+00:00,0.017403750214725733,0.5790579160675406,0.5964616662822664,0.5791132906451821,minimal synchronous verdict bundle
4,S8,2.0,0.41734601778728386,T3,authorization,drift,authorization,True,True,1,2026-08-07T20:09:33.735529+00:00,2026-08-07T20:09:33.752925+00:00,0.017403750214725733,0.7496917909011245,0.7670955411158502,0.7497355830855668,minimal synchronous verdict bundle
4,S8,10.0,4.299745185556195,T3,authorization,drift,authorization,True,True,1,2026-08-07T20:09:33.735529+00:00,2026-08-07T20:09:33.752925+00:00,0.017403750214725733,4.532476250082254,4.54988000029698,4.532536833081394,minimal synchronous verdict bundle
4,S9,0.5,0.3758754843706774,T2,evidence,undecidable,evidence,True,True,1,2026-08-07T20:08:54.701212+00:00,2026-08-07T20:08:54.715326+00:00,0.014127125032246113,0.4957084162160754,0.5098355412483215,0.49576824996620417,minimal synchronous verdict bundle
4,S9,2.0,1.3116921793808844,T2,evidence,undecidable,evidence,True,True,1,2026-08-07T20:08:54.701212+00:00,2026-08-07T20:08:54.715326+00:00,0.014127125032246113,1.5212212083861232,1.5353483334183693,1.5212660832330585,minimal synchronous verdict bundle
4,S9,10.0,2.370909433646442,T2,evidence,undecidable,evidence,True,True,1,2026-08-07T20:08:54.701212+00:00,2026-08-07T20:08:54.715326+00:00,0.014127125032246113,2.509691416285932,2.523818541318178,2.50974804116413,minimal synchronous verdict bundle
5,S1,0.5,0.1896330716960613,T0n,configuration,drift,configuration,True,True,1,2026-08-07T20:12:08.328136+00:00,2026-08-07T20:12:08.378551+00:00,0.050416375044733286,0.27398020774126053,0.3243965827859938,0.27403391571715474,minimal synchronous verdict bundle
5,S1,2.0,0.30666620430769087,T0n,configuration,drift,configuration,True,True,1,2026-08-07T20:12:08.328136+00:00,2026-08-07T20:12:08.378551+00:00,0.050416375044733286,0.4017499159090221,0.4521662909537554,0.40180366579443216,minimal synchronous verdict bundle
5,S1,10.0,1.4104323924213524,T0n,configuration,drift,configuration,True,True,1,2026-08-07T20:12:08.328136+00:00,2026-08-07T20:12:08.378551+00:00,0.050416375044733286,1.5239347498863935,1.5743511249311268,1.524000832810998,minimal synchronous verdict bundle
5,S2,0.5,0.27166013798891486,T2,authorization,drift,authorization,True,True,1,2026-08-07T20:11:53.356367+00:00,2026-08-07T20:11:56.003640+00:00,2.6472229999490082,0.416703250259161,3.063926250208169,0.4167520422488451,minimal synchronous verdict bundle
5,S2,2.0,0.5852848041912895,T2,authorization,drift,authorization,True,True,1,2026-08-07T20:11:53.356367+00:00,2026-08-07T20:11:56.003640+00:00,2.6472229999490082,0.7019360000267625,3.3491589999757707,0.7019735830835998,minimal synchronous verdict bundle
5,S2,10.0,9.19826109465264,T2,authorization,drift,authorization,True,True,1,2026-08-07T20:11:53.356367+00:00,2026-08-07T20:11:56.003640+00:00,2.6472229999490082,9.394816332962364,12.042039332911372,9.394891958218068,minimal synchronous verdict bundle
5,S3,0.5,0.08712982572526778,T1,policy,drift,policy,True,True,21,2026-08-07T20:11:25.950563+00:00,2026-08-07T20:11:26.096940+00:00,0.14637924963608384,10.214382875245064,10.360762124881148,10.214468333404511,minimal synchronous verdict bundle
5,S3,2.0,0.4934616433477741,T1,policy,drift,policy,True,True,6,2026-08-07T20:11:25.950563+00:00,2026-08-07T20:11:26.096940+00:00,0.14637924963608384,10.63365941727534,10.780038666911423,10.634562583174556,minimal synchronous verdict bundle
5,S3,10.0,6.148382125556107,T1,policy,drift,policy,True,True,2,2026-08-07T20:11:25.950563+00:00,2026-08-07T20:11:26.096940+00:00,0.14637924963608384,16.368755250237882,16.515134499873966,16.368831417057663,minimal synchronous verdict bundle
5,S4,0.5,0.14844669254211185,T3,authorization,drift,authorization,True,True,1,2026-08-07T20:10:48.494659+00:00,2026-08-07T20:10:50.113468+00:00,1.6187902088277042,0.34217149997130036,1.9609617087990046,0.3422346659936011,minimal synchronous verdict bundle
5,S4,2.0,1.3923783006251793,T3,authorization,drift,authorization,True,True,1,2026-08-07T20:10:48.494659+00:00,2026-08-07T20:10:50.113468+00:00,1.6187902088277042,1.689005000051111,3.307795208878815,1.6890781661495566,minimal synchronous verdict bundle
5,S4,10.0,3.265278277371203,T3,authorization,drift,authorization,True,True,1,2026-08-07T20:10:48.494659+00:00,2026-08-07T20:10:50.113468+00:00,1.6187902088277042,3.5307650407776237,5.149555249605328,3.5308608328923583,minimal synchronous verdict bundle
5,S5,0.5,0.2937622946699818,T4,environment,drift,environment,True,True,1,2026-08-07T20:10:56.551878+00:00,2026-08-07T20:10:56.571503+00:00,0.019634875003248453,0.466450959444046,0.4860858344472945,0.4664934170432389,minimal synchronous verdict bundle
5,S5,2.0,0.026139452863783053,T4,environment,drift,environment,True,True,1,2026-08-07T20:10:56.551878+00:00,2026-08-07T20:10:56.571503+00:00,0.019634875003248453,0.28646545903757215,0.3061003340408206,0.2865071673877537,minimal synchronous verdict bundle
5,S5,10.0,1.1361677307132367,T4,environment,drift,environment,True,True,1,2026-08-07T20:10:56.551878+00:00,2026-08-07T20:10:56.571503+00:00,0.019634875003248453,1.3306826250627637,1.3503175000660121,1.3307201252318919,minimal synchronous verdict bundle
5,S6,0.5,0.4334768036349135,T2,intent|authorization,drift,intent,True,True,1,2026-08-07T20:11:00.646769+00:00,2026-08-07T20:11:11.797227+00:00,11.150252582971007,0.5850842501968145,11.735336833167821,0.5851438334211707,minimal synchronous verdict bundle
5,S6,2.0,0.1436302247062169,T2,intent|authorization,drift,intent,True,True,1,2026-08-07T20:11:00.646769+00:00,2026-08-07T20:11:11.797227+00:00,11.150252582971007,0.3152042920701206,11.465456875041127,0.3152759582735598,minimal synchronous verdict bundle
5,S6,10.0,5.394636329364079,T2,intent|authorization,drift,intent,True,True,1,2026-08-07T20:11:00.646769+00:00,2026-08-07T20:11:11.797227+00:00,11.150252582971007,5.597834250424057,16.748086833395064,5.5979478331282735,minimal synchronous verdict bundle
5,S7,0.5,0.1350811259063267,T4,environment,drift,environment,True,True,1,2026-08-07T20:10:44.176687+00:00,2026-08-07T20:10:44.191612+00:00,0.014929084107279778,0.5217752908356488,0.5367043749429286,0.5218179156072438,minimal synchronous verdict bundle
5,S7,2.0,0.9974204327104306,T4,environment,drift,environment,True,True,1,2026-08-07T20:10:44.176687+00:00,2026-08-07T20:10:44.191612+00:00,0.014929084107279778,1.244657333008945,1.2595864171162248,1.2447687909007072,minimal synchronous verdict bundle
5,S7,10.0,0.0019326808540998108,T4,environment,drift,environment,True,True,1,2026-08-07T20:10:44.176687+00:00,2026-08-07T20:10:44.191612+00:00,0.014929084107279778,0.18875941587612033,0.2036884999834001,0.1888291658833623,minimal synchronous verdict bundle
5,S8,0.5,0.008160866528902466,T3,authorization,drift,authorization,True,True,1,2026-08-07T20:10:38.340318+00:00,2026-08-07T20:10:38.385545+00:00,0.04522391688078642,0.18703429214656353,0.23225820902734995,0.1870879172347486,minimal synchronous verdict bundle
5,S8,2.0,1.6177445588764936,T3,authorization,drift,authorization,True,True,1,2026-08-07T20:10:38.340318+00:00,2026-08-07T20:10:38.385545+00:00,0.04522391688078642,1.8809410003013909,1.9261649171821773,1.880999583285302,minimal synchronous verdict bundle
5,S8,10.0,0.5069708173217058,T3,authorization,drift,authorization,True,True,1,2026-08-07T20:10:38.340318+00:00,2026-08-07T20:10:38.385545+00:00,0.04522391688078642,0.6965915830805898,0.7418154999613762,0.6966458749957383,minimal synchronous verdict bundle
5,S9,0.5,0.23553215878291645,T2,evidence,undecidable,evidence,True,True,1,2026-08-07T20:10:29.415941+00:00,2026-08-07T20:10:29.429766+00:00,0.013827957678586245,0.37251087510958314,0.3863388327881694,0.37257529236376286,minimal synchronous verdict bundle
5,S9,2.0,1.2695617642358896,T2,evidence,undecidable,evidence,True,True,1,2026-08-07T20:10:29.415941+00:00,2026-08-07T20:10:29.429766+00:00,0.013827957678586245,1.4548887922428548,1.468716749921441,1.4549373341724277,minimal synchronous verdict bundle
5,S9,10.0,4.610753506002116,T2,evidence,undecidable,evidence,True,True,1,2026-08-07T20:10:29.415941+00:00,2026-08-07T20:10:29.429766+00:00,0.013827957678586245,4.7654232094064355,4.779251167085022,4.765492084436119,minimal synchronous verdict bundle
6,S1,0.5,0.23064162485681244,T0n,configuration,drift,configuration,True,True,1,2026-08-07T20:12:48.129292+00:00,2026-08-07T20:12:48.178593+00:00,0.04930016724392772,0.3775125415995717,0.4268127088434994,0.3775712917558849,minimal synchronous verdict bundle
6,S1,2.0,1.948079219010352,T0n,configuration,drift,configuration,True,True,1,2026-08-07T20:12:48.129292+00:00,2026-08-07T20:12:48.178593+00:00,0.04930016724392772,2.051784999668598,2.101085166912526,2.051894874777645,minimal synchronous verdict bundle
6,S1,10.0,8.47432962794771,T0n,configuration,drift,configuration,True,True,1,2026-08-07T20:12:48.129292+00:00,2026-08-07T20:12:48.178593+00:00,0.04930016724392772,8.616054874844849,8.665355042088777,8.616149332839996,minimal synchronous verdict bundle
6,S2,0.5,0.4173885681229913,T2,authorization,drift,authorization,True,True,1,2026-08-07T20:12:13.281875+00:00,2026-08-07T20:12:16.003778+00:00,2.7217354997992516,0.5844528749585152,3.3061883747577667,0.5844880421645939,minimal synchronous verdict bundle
6,S2,2.0,1.1942870274621604,T2,authorization,drift,authorization,True,True,1,2026-08-07T20:12:13.281875+00:00,2026-08-07T20:12:16.003778+00:00,2.7217354997992516,1.3286321670748293,4.050367666874081,1.328677583951503,minimal synchronous verdict bundle
6,S2,10.0,9.154561201802396,T2,authorization,drift,authorization,True,True,1,2026-08-07T20:12:13.281875+00:00,2026-08-07T20:12:16.003778+00:00,2.7217354997992516,9.333470792043954,12.055206291843206,9.333623916842043,minimal synchronous verdict bundle
6,S3,0.5,0.2702643349472208,T1,policy,drift,policy,True,True,10,2026-08-07T20:13:58.737435+00:00,2026-08-07T20:13:58.908045+00:00,0.17060983274132013,4.950911791995168,5.121521624736488,4.950994832906872,minimal synchronous verdict bundle
6,S3,2.0,1.7330782237597968,T1,policy,drift,policy,True,True,3,2026-08-07T20:13:58.737435+00:00,2026-08-07T20:13:58.908045+00:00,0.17060983274132013,5.903796417172998,6.074406249914318,5.903849458321929,minimal synchronous verdict bundle
6,S3,10.0,0.2467021225887056,T1,policy,drift,policy,True,True,2,2026-08-07T20:13:58.737435+00:00,2026-08-07T20:13:58.908045+00:00,0.17060983274132013,10.386471374891698,10.557081207633018,10.386551999952644,minimal synchronous verdict bundle
6,S4,0.5,0.06429115779230049,T3,authorization,drift,authorization,True,True,1,2026-08-07T20:13:01.265880+00:00,2026-08-07T20:13:02.945725+00:00,1.6798148341476917,0.24120062496513128,1.921015459112823,0.24126241588965058,minimal synchronous verdict bundle
6,S4,2.0,1.5067279509492397,T3,authorization,drift,authorization,True,True,1,2026-08-07T20:13:01.265880+00:00,2026-08-07T20:13:02.945725+00:00,1.6798148341476917,1.69965362502262,3.3794684591703117,1.6996984998695552,minimal synchronous verdict bundle
6,S4,10.0,1.2479059984618113,T3,authorization,drift,authorization,True,True,1,2026-08-07T20:13:01.265880+00:00,2026-08-07T20:13:02.945725+00:00,1.6798148341476917,1.4378411658108234,3.117655999958515,1.4378957077860832,minimal synchronous verdict bundle
6,S5,0.5,0.2543270856993556,T4,environment,drift,environment,True,True,1,2026-08-07T20:13:46.057404+00:00,2026-08-07T20:13:46.078551+00:00,0.0211510406807065,0.4388999589718878,0.46005099965259433,0.43893662514165044,minimal synchronous verdict bundle
6,S5,2.0,0.05538069473767204,T4,environment,drift,environment,True,True,1,2026-08-07T20:13:46.057404+00:00,2026-08-07T20:13:46.078551+00:00,0.0211510406807065,0.2414553752169013,0.2626064158976078,0.24151820922270417,minimal synchronous verdict bundle
6,S5,10.0,8.503859463619442,T4,environment,drift,environment,True,True,1,2026-08-07T20:13:46.057404+00:00,2026-08-07T20:13:46.078551+00:00,0.0211510406807065,8.740659459028393,8.7618104997091,8.740710625424981,minimal synchronous verdict bundle
6,S6,0.5,0.3601355489538753,T2,intent|authorization,drift,intent,True,True,1,2026-08-07T20:13:08.602910+00:00,2026-08-07T20:13:16.658266+00:00,8.055202999617904,0.5097143752500415,8.564917374867946,0.5097860423848033,minimal synchronous verdict bundle
6,S6,2.0,1.803223807594814,T2,intent|authorization,drift,intent,True,True,1,2026-08-07T20:13:08.602910+00:00,2026-08-07T20:13:16.658266+00:00,8.055202999617904,2.0251268753781915,10.080329874996096,2.0251845000311732,minimal synchronous verdict bundle
6,S6,10.0,9.45166662919907,T2,intent|authorization,drift,intent,True,True,1,2026-08-07T20:13:08.602910+00:00,2026-08-07T20:13:16.658266+00:00,8.055202999617904,9.641514792107046,17.69671779172495,9.641620375216007,minimal synchronous verdict bundle
6,S7,0.5,0.06556891681115101,T4,environment,drift,environment,True,True,1,2026-08-07T20:12:35.479032+00:00,2026-08-07T20:12:35.508396+00:00,0.029368874616920948,0.26499554235488176,0.2943644169718027,0.26504041720181704,minimal synchronous verdict bundle
6,S7,2.0,0.35504099904398023,T4,environment,drift,environment,True,True,1,2026-08-07T20:12:35.479032+00:00,2026-08-07T20:12:35.508396+00:00,0.029368874616920948,0.5356170423328876,0.5649859169498086,0.5356535422615707,minimal synchronous verdict bundle
6,S7,10.0,7.889963372170951,T4,environment,drift,environment,True,True,1,2026-08-07T20:12:35.479032+00:00,2026-08-07T20:12:35.508396+00:00,0.029368874616920948,8.136108875274658,8.16547774989158,8.136188167147338,minimal synchronous verdict bundle
6,S8,0.5,0.18741599954552163,T3,authorization,drift,authorization,True,True,1,2026-08-07T20:13:34.577789+00:00,2026-08-07T20:13:34.667802+00:00,0.09002070827409625,0.4045404577627778,0.49456116603687406,0.40460879169404507,minimal synchronous verdict bundle
6,S8,2.0,1.8485892653341942,T3,authorization,drift,authorization,True,True,1,2026-08-07T20:13:34.577789+00:00,2026-08-07T20:13:34.667802+00:00,0.09002070827409625,2.0601551248691976,2.150175833143294,2.060204125009477,minimal synchronous verdict bundle
6,S8,10.0,7.023965346115757,T3,authorization,drift,authorization,True,True,1,2026-08-07T20:13:34.577789+00:00,2026-08-07T20:13:34.667802+00:00,0.09002070827409625,7.244243166875094,7.33426387514919,7.244300208054483,minimal synchronous verdict bundle
6,S9,0.5,0.24117343597424962,T2,evidence,undecidable,evidence,True,True,1,2026-08-07T20:12:28.429654+00:00,2026-08-07T20:12:28.445910+00:00,0.01625824999064207,0.3554797088727355,0.37173795886337757,0.3555324589833617,minimal synchronous verdict bundle
6,S9,2.0,1.2961083077565014,T2,evidence,undecidable,evidence,True,True,1,2026-08-07T20:12:28.429654+00:00,2026-08-07T20:12:28.445910+00:00,0.01625824999064207,1.429422417189926,1.445680667180568,1.4294826667755842,minimal synchronous verdict bundle
6,S9,10.0,3.049369196798316,T2,evidence,undecidable,evidence,True,True,1,2026-08-07T20:12:28.429654+00:00,2026-08-07T20:12:28.445910+00:00,0.01625824999064207,3.2347104167565703,3.2509686667472124,3.23476929217577,minimal synchronous verdict bundle
7,S1,0.5,0.3476834401156776,T0n,configuration,drift,configuration,True,True,1,2026-08-07T20:15:57.963115+00:00,2026-08-07T20:15:58.028169+00:00,0.06505308393388987,0.4437116249464452,0.5087647088803351,0.4437825409695506,minimal synchronous verdict bundle
7,S1,2.0,1.079068834261109,T0n,configuration,drift,configuration,True,True,1,2026-08-07T20:15:57.963115+00:00,2026-08-07T20:15:58.028169+00:00,0.06505308393388987,1.1862750831060112,1.251328167039901,1.186334750149399,minimal synchronous verdict bundle
7,S1,10.0,1.4769456047585772,T0n,configuration,drift,configuration,True,True,1,2026-08-07T20:15:57.963115+00:00,2026-08-07T20:15:58.028169+00:00,0.06505308393388987,1.5700228330679238,1.6350759170018137,1.5700705000199378,minimal synchronous verdict bundle
7,S2,0.5,0.37680508652152006,T2,authorization,drift,authorization,True,True,1,2026-08-07T20:14:36.755600+00:00,2026-08-07T20:14:39.003199+00:00,2.247451708186418,0.5102864592336118,2.7577381674200296,0.5103398337960243,minimal synchronous verdict bundle
7,S2,2.0,1.6796914220710895,T2,authorization,drift,authorization,True,True,1,2026-08-07T20:14:36.755600+00:00,2026-08-07T20:14:39.003199+00:00,2.247451708186418,1.8266185419633985,4.074070250149816,1.826672833878547,minimal synchronous verdict bundle
7,S2,10.0,5.036269288991915,T2,authorization,drift,authorization,True,True,1,2026-08-07T20:14:36.755600+00:00,2026-08-07T20:14:39.003199+00:00,2.247451708186418,5.214403791818768,7.461855500005186,5.214439459145069,minimal synchronous verdict bundle
7,S3,0.5,0.2880985743283437,T1,policy,drift,policy,True,True,16,2026-08-07T20:15:31.028652+00:00,2026-08-07T20:15:31.174291+00:00,0.14563295803964138,8.06157295871526,8.207205916754901,8.061620291788131,minimal synchronous verdict bundle
7,S3,2.0,1.6866728350369233,T1,policy,drift,policy,True,True,4,2026-08-07T20:15:31.028652+00:00,2026-08-07T20:15:31.174291+00:00,0.14563295803964138,7.827289874665439,7.9729228327050805,7.827384749893099,minimal synchronous verdict bundle
7,S3,10.0,5.461516732448553,T1,policy,drift,policy,True,True,2,2026-08-07T20:15:31.028652+00:00,2026-08-07T20:15:31.174291+00:00,0.14563295803964138,15.64984175004065,15.795474708080292,15.649933333974332,minimal synchronous verdict bundle
7,S4,0.5,0.32153254004817017,T3,authorization,drift,authorization,True,True,1,2026-08-07T20:14:20.580163+00:00,2026-08-07T20:14:22.530434+00:00,1.9502287087962031,0.5440267911180854,2.4942554999142885,0.5441003330051899,minimal synchronous verdict bundle
7,S4,2.0,0.8893778425071459,T3,authorization,drift,authorization,True,True,1,2026-08-07T20:14:20.580163+00:00,2026-08-07T20:14:22.530434+00:00,1.9502287087962031,1.0593490833416581,3.0095777921378613,1.0594135830178857,minimal synchronous verdict bundle
7,S4,10.0,8.440370538970528,T3,authorization,drift,authorization,True,True,1,2026-08-07T20:14:20.580163+00:00,2026-08-07T20:14:22.530434+00:00,1.9502287087962031,8.685590249951929,10.635818958748132,8.685654708184302,minimal synchronous verdict bundle
7,S5,0.5,0.28425303582949435,T4,environment,drift,environment,True,True,1,2026-08-07T20:15:21.037417+00:00,2026-08-07T20:15:21.072662+00:00,0.03524379199370742,0.4890068327076733,0.5242506247013807,0.48904508305713534,minimal synchronous verdict bundle
7,S5,2.0,1.933598524723537,T4,environment,drift,environment,True,True,1,2026-08-07T20:15:21.037417+00:00,2026-08-07T20:15:21.072662+00:00,0.03524379199370742,2.2169307908043265,2.252174582798034,2.217000083066523,minimal synchronous verdict bundle
7,S5,10.0,6.413675222491574,T4,environment,drift,environment,True,True,1,2026-08-07T20:15:21.037417+00:00,2026-08-07T20:15:21.072662+00:00,0.03524379199370742,6.632859332952648,6.668103124946356,6.6329234996810555,minimal synchronous verdict bundle
7,S6,0.5,0.148737124642712,T2,intent|authorization,drift,intent,True,True,1,2026-08-07T20:16:02.537959+00:00,2026-08-07T20:16:12.554275+00:00,10.016116708982736,0.3152727079577744,10.33138941694051,0.3154094577766955,minimal synchronous verdict bundle
7,S6,2.0,1.0866957210014694,T2,intent|authorization,drift,intent,True,True,1,2026-08-07T20:16:02.537959+00:00,2026-08-07T20:16:12.554275+00:00,10.016116708982736,1.2781684580259025,11.294285167008638,1.278274290729314,minimal synchronous verdict bundle
7,S6,10.0,1.568352273982262,T2,intent|authorization,drift,intent,True,True,1,2026-08-07T20:16:02.537959+00:00,2026-08-07T20:16:12.554275+00:00,10.016116708982736,1.7043987498618662,11.720515458844602,1.704458249732852,minimal synchronous verdict bundle
7,S7,0.5,0.09026781992846056,T4,environment,drift,environment,True,True,1,2026-08-07T20:14:47.115714+00:00,2026-08-07T20:14:47.138008+00:00,0.022292290814220905,0.289466458838433,0.31175874965265393,0.28951012482866645,minimal synchronous verdict bundle
7,S7,2.0,1.9825203810987087,T4,environment,drift,environment,True,True,1,2026-08-07T20:14:47.115714+00:00,2026-08-07T20:14:47.138008+00:00,0.022292290814220905,2.211465542204678,2.233757833018899,2.211500625126064,minimal synchronous verdict bundle
7,S7,10.0,6.435728518267067,T4,environment,drift,environment,True,True,1,2026-08-07T20:14:47.115714+00:00,2026-08-07T20:14:47.138008+00:00,0.022292290814220905,6.61140266712755,6.6336949579417706,6.6114645837806165,minimal synchronous verdict bundle
7,S8,0.5,0.206021288084636,T3,authorization,drift,authorization,True,True,1,2026-08-07T20:14:56.393009+00:00,2026-08-07T20:14:56.408591+00:00,0.015579917002469301,0.37361291656270623,0.38919283356517553,0.3736683325842023,minimal synchronous verdict bundle
7,S8,2.0,1.7049531109226659,T3,authorization,drift,authorization,True,True,1,2026-08-07T20:14:56.393009+00:00,2026-08-07T20:14:56.408591+00:00,0.015579917002469301,1.886730874888599,1.9023107918910682,1.8867854168638587,minimal synchronous verdict bundle
7,S8,10.0,8.63177633549353,T3,authorization,drift,authorization,True,True,1,2026-08-07T20:14:56.393009+00:00,2026-08-07T20:14:56.408591+00:00,0.015579917002469301,8.904116124846041,8.91969604184851,8.904188749846071,minimal synchronous verdict bundle
7,S9,0.5,0.3612542938129727,T2,evidence,undecidable,evidence,True,True,1,2026-08-07T20:15:08.141922+00:00,2026-08-07T20:15:08.181996+00:00,0.04005466680973768,0.5000105001963675,0.5400651670061052,0.5000612908042967,minimal synchronous verdict bundle
7,S9,2.0,0.9097275577185722,T2,evidence,undecidable,evidence,True,True,1,2026-08-07T20:15:08.141922+00:00,2026-08-07T20:15:08.181996+00:00,0.04005466680973768,1.0689136660657823,1.10896833287552,1.0689840409904718,minimal synchronous verdict bundle
7,S9,10.0,8.73411519808251,T2,evidence,undecidable,evidence,True,True,1,2026-08-07T20:15:08.141922+00:00,2026-08-07T20:15:08.181996+00:00,0.04005466680973768,8.90956104081124,8.949615707620978,8.911440915893763,minimal synchronous verdict bundle
8,S1,0.5,0.17997585845990455,T0n,configuration,drift,configuration,True,True,1,2026-08-07T20:17:58.479413+00:00,2026-08-07T20:17:58.528859+00:00,0.04944279184564948,0.2706572078168392,0.3200999996624887,0.2707212078385055,minimal synchronous verdict bundle
8,S1,2.0,0.3839612373071344,T0n,configuration,drift,configuration,True,True,1,2026-08-07T20:17:58.479413+00:00,2026-08-07T20:17:58.528859+00:00,0.04944279184564948,0.5101333330385387,0.5595761248841882,0.5101852081716061,minimal synchronous verdict bundle
8,S1,10.0,2.107522151390686,T0n,configuration,drift,configuration,True,True,1,2026-08-07T20:17:58.479413+00:00,2026-08-07T20:17:58.528859+00:00,0.04944279184564948,2.263108457904309,2.3125512497499585,2.263157125096768,minimal synchronous verdict bundle
8,S2,0.5,0.0991939761774509,T2,authorization,drift,authorization,True,True,1,2026-08-07T20:18:04.142734+00:00,2026-08-07T20:18:07.006468+00:00,2.8636387079022825,0.30166720785200596,3.1653059157542884,0.3017246671952307,minimal synchronous verdict bundle
8,S2,2.0,1.613626738284456,T2,authorization,drift,authorization,True,True,1,2026-08-07T20:18:04.142734+00:00,2026-08-07T20:18:07.006468+00:00,2.8636387079022825,1.7557407920248806,4.619379499927163,1.7557799168862402,minimal synchronous verdict bundle
8,S2,10.0,0.5426336091851147,T2,authorization,drift,authorization,True,True,1,2026-08-07T20:18:04.142734+00:00,2026-08-07T20:18:07.006468+00:00,2.8636387079022825,0.7170026670210063,3.580641374923289,0.7170400419272482,minimal synchronous verdict bundle
8,S3,0.5,0.40679381371972984,T1,policy,drift,policy,True,True,20,2026-08-07T20:16:23.824100+00:00,2026-08-07T20:16:23.980846+00:00,0.15676883282139897,10.044141875114292,10.20091070793569,10.044249500147998,minimal synchronous verdict bundle
8,S3,2.0,1.1178681315401389,T1,policy,drift,policy,True,True,6,2026-08-07T20:16:23.824100+00:00,2026-08-07T20:16:23.980846+00:00,0.15676883282139897,11.294259834103286,11.451028666924685,11.29434108408168,minimal synchronous verdict bundle
8,S3,10.0,4.892388890123144,T1,policy,drift,policy,True,True,2,2026-08-07T20:16:23.824100+00:00,2026-08-07T20:16:23.980846+00:00,0.15676883282139897,15.033208916895092,15.18997774971649,15.03328095888719,minimal synchronous verdict bundle
8,S4,0.5,0.23996123766197136,T3,authorization,drift,authorization,True,True,2,2026-08-07T20:17:06.760305+00:00,2026-08-07T20:17:08.259353+00:00,1.49903070833534,0.912423166912049,2.411453875247389,0.9124799589626491,minimal synchronous verdict bundle
8,S4,2.0,1.0136395473347866,T3,authorization,drift,authorization,True,True,1,2026-08-07T20:17:06.760305+00:00,2026-08-07T20:17:08.259353+00:00,1.49903070833534,1.2222149590961635,2.7212456674315035,1.2222567088901997,minimal synchronous verdict bundle
8,S4,10.0,2.8617981878712495,T3,authorization,drift,authorization,True,True,1,2026-08-07T20:17:06.760305+00:00,2026-08-07T20:17:08.259353+00:00,1.49903070833534,3.0422513750381768,4.541282083373517,3.0423040837049484,minimal synchronous verdict bundle
8,S5,0.5,0.04514640122533403,T4,environment,drift,environment,True,True,1,2026-08-07T20:17:15.019698+00:00,2026-08-07T20:17:15.048938+00:00,0.02924354188144207,0.22108137514442205,0.2503249170258641,0.22112520784139633,minimal synchronous verdict bundle
8,S5,2.0,1.3418105056261942,T4,environment,drift,environment,True,True,1,2026-08-07T20:17:15.019698+00:00,2026-08-07T20:17:15.048938+00:00,0.02924354188144207,1.5124452500604093,1.5416887919418514,1.5124780419282615,minimal synchronous verdict bundle
8,S5,10.0,7.7694127107611255,T4,environment,drift,environment,True,True,1,2026-08-07T20:17:15.019698+00:00,2026-08-07T20:17:15.048938+00:00,0.02924354188144207,8.009814166929573,8.039057708811015,8.00987520813942,minimal synchronous verdict bundle
8,S6,0.5,0.3332527758701754,T2,intent|authorization,drift,intent,True,True,1,2026-08-07T20:17:25.936747+00:00,2026-08-07T20:17:35.006476+00:00,9.069548042025417,0.47323866561055183,9.542786707635969,0.47329837502911687,minimal synchronous verdict bundle
8,S6,2.0,0.17153592776031412,T2,intent|authorization,drift,intent,True,True,1,2026-08-07T20:17:25.936747+00:00,2026-08-07T20:17:35.006476+00:00,9.069548042025417,0.33264758298173547,9.402195625007153,0.33277849992737174,minimal synchronous verdict bundle
8,S6,10.0,7.825950770236055,T2,intent|authorization,drift,intent,True,True,1,2026-08-07T20:17:25.936747+00:00,2026-08-07T20:17:35.006476+00:00,9.069548042025417,8.057660582941025,17.127208624966443,8.057726415805519,minimal synchronous verdict bundle
8,S7,0.5,0.42591681024918676,T4,environment,drift,environment,True,True,1,2026-08-07T20:17:51.350013+00:00,2026-08-07T20:17:51.395562+00:00,0.04555366700515151,0.617988542187959,0.6635422091931105,0.6180397081188858,minimal synchronous verdict bundle
8,S7,2.0,0.983802613781249,T4,environment,drift,environment,True,True,1,2026-08-07T20:17:51.350013+00:00,2026-08-07T20:17:51.395562+00:00,0.04555366700515151,1.179512542206794,1.2250662092119455,1.179547708015889,minimal synchronous verdict bundle
8,S7,10.0,3.79654539643811,T4,environment,drift,environment,True,True,1,2026-08-07T20:17:51.350013+00:00,2026-08-07T20:17:51.395562+00:00,0.04555366700515151,4.0389031250961125,4.084456792101264,4.038934958167374,minimal synchronous verdict bundle
8,S8,0.5,0.21433924474695842,T3,authorization,drift,authorization,True,True,1,2026-08-07T20:16:50.372653+00:00,2026-08-07T20:16:50.411323+00:00,0.03875525016337633,0.4004347501322627,0.43919000029563904,0.40050091687589884,minimal synchronous verdict bundle
8,S8,2.0,1.7169534361257743,T3,authorization,drift,authorization,True,True,1,2026-08-07T20:16:50.372653+00:00,2026-08-07T20:16:50.411323+00:00,0.03875525016337633,1.967057874891907,2.0058131250552833,1.9671147088520229,minimal synchronous verdict bundle
8,S8,10.0,6.076329242582855,T3,authorization,drift,authorization,True,True,1,2026-08-07T20:16:50.372653+00:00,2026-08-07T20:16:50.411323+00:00,0.03875525016337633,6.296265250071883,6.3350205002352595,6.296376999933273,minimal synchronous verdict bundle
8,S9,0.5,0.1953234412823488,T2,evidence,undecidable,evidence,True,True,1,2026-08-07T20:17:00.104153+00:00,2026-08-07T20:17:00.117768+00:00,0.013630040921270847,0.3297224170528352,0.3433524579741061,0.32977770920842886,minimal synchronous verdict bundle
8,S9,2.0,1.8883981081516408,T2,evidence,undecidable,evidence,True,True,1,2026-08-07T20:17:00.104153+00:00,2026-08-07T20:17:00.117768+00:00,0.013630040921270847,2.039249792229384,2.052879833150655,2.039301209151745,minimal synchronous verdict bundle
8,S9,10.0,3.2659813721790343,T2,evidence,undecidable,evidence,True,True,1,2026-08-07T20:17:00.104153+00:00,2026-08-07T20:17:00.117768+00:00,0.013630040921270847,3.413748792372644,3.427378833293915,3.4138030842877924,minimal synchronous verdict bundle
9,S1,0.5,0.23399680855119637,T0n,configuration,drift,configuration,True,True,1,2026-08-07T20:18:37.282545+00:00,2026-08-07T20:18:37.350639+00:00,0.06807295931503177,0.3150237500667572,0.38309670938178897,0.31507787480950356,minimal synchronous verdict bundle
9,S1,2.0,1.4378446028315048,T0n,configuration,drift,configuration,True,True,1,2026-08-07T20:18:37.282545+00:00,2026-08-07T20:18:37.350639+00:00,0.06807295931503177,1.5282295406796038,1.5963024999946356,1.5282818749547005,minimal synchronous verdict bundle
9,S1,10.0,7.536398796721777,T0n,configuration,drift,configuration,True,True,1,2026-08-07T20:18:37.282545+00:00,2026-08-07T20:18:37.350639+00:00,0.06807295931503177,7.6844014576636255,7.752474416978657,7.6844891658984125,minimal synchronous verdict bundle
9,S2,0.5,0.22550971026405825,T2,authorization,drift,authorization,True,True,1,2026-08-07T20:18:20.623098+00:00,2026-08-07T20:18:23.002569+00:00,2.379400917328894,0.4217524169944227,2.801153334323317,0.4217942915856838,minimal synchronous verdict bundle
9,S2,2.0,1.6000935956740419,T2,authorization,drift,authorization,True,True,1,2026-08-07T20:18:20.623098+00:00,2026-08-07T20:18:23.002569+00:00,2.379400917328894,1.7216590829193592,4.101060000248253,1.7216980829834938,minimal synchronous verdict bundle
9,S2,10.0,1.2673591166119702,T2,authorization,drift,authorization,True,True,1,2026-08-07T20:18:20.623098+00:00,2026-08-07T20:18:23.002569+00:00,2.379400917328894,1.4415942919440567,3.820995209272951,1.4416747498326004,minimal synchronous verdict bundle
9,S3,0.5,0.11797434542144969,T1,policy,drift,policy,True,True,17,2026-08-07T20:18:48.267158+00:00,2026-08-07T20:18:48.389276+00:00,0.12210341729223728,8.253989208023995,8.376092625316232,8.254053790587932,minimal synchronous verdict bundle
9,S3,2.0,0.22835746814128988,T1,policy,drift,policy,True,True,5,2026-08-07T20:18:48.267158+00:00,2026-08-07T20:18:48.389276+00:00,0.12210341729223728,8.366217582952231,8.488321000244468,8.3662632079795,minimal synchronous verdict bundle
9,S3,10.0,4.373863945299055,T1,policy,drift,policy,True,True,2,2026-08-07T20:18:48.267158+00:00,2026-08-07T20:18:48.389276+00:00,0.12210341729223728,14.561347082722932,14.68345050001517,14.561576624866575,minimal synchronous verdict bundle
9,S4,0.5,0.26558810615703354,T3,authorization,drift,authorization,True,True,3,2026-08-07T20:19:14.038400+00:00,2026-08-07T20:19:15.634080+00:00,1.5956839588470757,1.4533822913654149,3.0490662502124906,1.4535789582878351,minimal synchronous verdict bundle
9,S4,2.0,1.3112664450518818,T3,authorization,drift,authorization,True,True,1,2026-08-07T20:19:14.038400+00:00,2026-08-07T20:19:15.634080+00:00,1.5956839588470757,1.6341705000959337,3.2298544589430094,1.6342490003444254,minimal synchronous verdict bundle
9,S4,10.0,6.794234071376263,T3,authorization,drift,authorization,True,True,1,2026-08-07T20:19:14.038400+00:00,2026-08-07T20:19:15.634080+00:00,1.5956839588470757,7.003777083009481,8.599461041856557,7.003827083390206,minimal synchronous verdict bundle
9,S5,0.5,0.31162291865232133,T4,environment,drift,environment,True,True,1,2026-08-07T20:18:27.660215+00:00,2026-08-07T20:18:27.719247+00:00,0.05903004202991724,0.5337709160521626,0.5928009580820799,0.5338276661932468,minimal synchronous verdict bundle
9,S5,2.0,0.6568414292632809,T4,environment,drift,environment,True,True,1,2026-08-07T20:18:27.660215+00:00,2026-08-07T20:18:27.719247+00:00,0.05903004202991724,0.8513247910887003,0.9103548331186175,0.8513692910782993,minimal synchronous verdict bundle
9,S5,10.0,6.558485790081869,T4,environment,drift,environment,True,True,1,2026-08-07T20:18:27.660215+00:00,2026-08-07T20:18:27.719247+00:00,0.05903004202991724,6.824464125093073,6.88349416712299,6.824514749925584,minimal synchronous verdict bundle
9,S6,0.5,0.33437712942584885,T2,intent|authorization,drift,intent,True,True,1,2026-08-07T20:19:34.075454+00:00,2026-08-07T20:19:45.123038+00:00,11.047373207751662,0.5014900001697242,11.548863207921386,0.5015589999966323,minimal synchronous verdict bundle
9,S6,2.0,1.8040327501172981,T2,intent|authorization,drift,intent,True,True,1,2026-08-07T20:19:34.075454+00:00,2026-08-07T20:19:45.123038+00:00,11.047373207751662,2.0698182079941034,13.117191415745765,2.069873458240181,minimal synchronous verdict bundle
9,S6,10.0,3.7541826951804924,T2,intent|authorization,drift,intent,True,True,1,2026-08-07T20:19:34.075454+00:00,2026-08-07T20:19:45.123038+00:00,11.047373207751662,3.933319458272308,14.98069266602397,3.9333735001273453,minimal synchronous verdict bundle
9,S7,0.5,0.2937605379692363,T4,environment,drift,environment,True,True,1,2026-08-07T20:19:25.278307+00:00,2026-08-07T20:19:25.311017+00:00,0.032709209248423576,0.5053972909227014,0.5381065001711249,0.5054578329436481,minimal synchronous verdict bundle
9,S7,2.0,1.9069264905706502,T4,environment,drift,environment,True,True,1,2026-08-07T20:19:25.278307+00:00,2026-08-07T20:19:25.311017+00:00,0.032709209248423576,2.085107541177422,2.1178167504258454,2.0851456657983363,minimal synchronous verdict bundle
9,S7,10.0,5.8257247561970225,T4,environment,drift,environment,True,True,1,2026-08-07T20:19:25.278307+00:00,2026-08-07T20:19:25.311017+00:00,0.032709209248423576,6.064420165959746,6.097129375208169,6.0644799578003585,minimal synchronous verdict bundle
9,S8,0.5,0.23771187791627224,T3,authorization,drift,authorization,True,True,1,2026-08-07T20:19:57.160549+00:00,2026-08-07T20:19:57.219290+00:00,0.05874629179015756,0.434472416061908,0.49321870785206556,0.43453833321109414,minimal synchronous verdict bundle
9,S8,2.0,1.5881284550850003,T3,authorization,drift,authorization,True,True,1,2026-08-07T20:19:57.160549+00:00,2026-08-07T20:19:57.219290+00:00,0.05874629179015756,1.778837375342846,1.8375836671330035,1.7788787502795458,minimal synchronous verdict bundle
9,S8,10.0,1.1221116203060466,T3,authorization,drift,authorization,True,True,1,2026-08-07T20:19:57.160549+00:00,2026-08-07T20:19:57.219290+00:00,0.05874629179015756,1.316518375184387,1.3752646669745445,1.3165617501363158,minimal synchronous verdict bundle
9,S9,0.5,0.10621058135186567,T2,evidence,undecidable,evidence,True,True,1,2026-08-07T20:18:11.833410+00:00,2026-08-07T20:18:11.847692+00:00,0.01429404178634286,0.22931854240596294,0.2436125841923058,0.2293937923386693,minimal synchronous verdict bundle
9,S9,2.0,0.6943887358470653,T2,evidence,undecidable,evidence,True,True,1,2026-08-07T20:18:11.833410+00:00,2026-08-07T20:18:11.847692+00:00,0.01429404178634286,0.8981475001201034,0.9124415419064462,0.8981947083957493,minimal synchronous verdict bundle
9,S9,10.0,5.738383000144377,T2,evidence,undecidable,evidence,True,True,1,2026-08-07T20:18:11.833410+00:00,2026-08-07T20:18:11.847692+00:00,0.01429404178634286,5.923835833091289,5.938129874877632,5.9239479172974825,minimal synchronous verdict bundle
10,S1,0.5,0.4513445768525224,T0n,configuration,drift,configuration,True,True,1,2026-08-07T20:21:53.820618+00:00,2026-08-07T20:21:53.901149+00:00,0.08053479110822082,0.5383579167537391,0.6188927078619599,0.5384189169853926,minimal synchronous verdict bundle
10,S1,2.0,1.4195598956243867,T0n,configuration,drift,configuration,True,True,1,2026-08-07T20:21:53.820618+00:00,2026-08-07T20:21:53.901149+00:00,0.08053479110822082,1.5595193337649107,1.6400541248731315,1.5596067090518773,minimal synchronous verdict bundle
10,S1,10.0,2.7447096225600633,T0n,configuration,drift,configuration,True,True,1,2026-08-07T20:21:53.820618+00:00,2026-08-07T20:21:53.901149+00:00,0.08053479110822082,2.8493601670488715,2.9298949581570923,2.849405999761075,minimal synchronous verdict bundle
10,S2,0.5,0.18769476579081595,T2,authorization,drift,authorization,True,True,1,2026-08-07T20:20:40.449704+00:00,2026-08-07T20:20:43.005241+00:00,2.5554375420324504,0.30243341624736786,2.8578709582798183,0.30247462494298816,minimal synchronous verdict bundle
10,S2,2.0,0.004931660772752089,T2,authorization,drift,authorization,True,True,1,2026-08-07T20:20:40.449704+00:00,2026-08-07T20:20:43.005241+00:00,2.5554375420324504,0.15377854090183973,2.70921608293429,0.15382979111745954,minimal synchronous verdict bundle
10,S2,10.0,1.8711324853106093,T2,authorization,drift,authorization,True,True,1,2026-08-07T20:20:40.449704+00:00,2026-08-07T20:20:43.005241+00:00,2.5554375420324504,2.048126957844943,4.603564499877393,2.0481770411133766,minimal synchronous verdict bundle
10,S3,0.5,0.2381925550757516,T1,policy,drift,policy,True,True,13,2026-08-07T20:20:16.508459+00:00,2026-08-07T20:20:16.637199+00:00,0.12874120799824595,6.370120499748737,6.498861707746983,6.370186917018145,minimal synchronous verdict bundle
10,S3,2.0,1.7105394495401118,T1,policy,drift,policy,True,True,4,2026-08-07T20:20:16.508459+00:00,2026-08-07T20:20:16.637199+00:00,0.12874120799824595,7.881083874963224,8.00982508296147,7.881146791856736,minimal synchronous verdict bundle
10,S3,10.0,2.1798286292029054,T1,policy,drift,policy,True,True,2,2026-08-07T20:20:16.508459+00:00,2026-08-07T20:20:16.637199+00:00,0.12874120799824595,12.361864042002708,12.490605250000954,12.36192245874554,minimal synchronous verdict bundle
10,S4,0.5,0.21827701553073547,T3,authorization,drift,authorization,True,True,2,2026-08-07T20:20:01.885019+00:00,2026-08-07T20:20:03.336281+00:00,1.451205666642636,0.8859407501295209,2.337146416772157,0.8859996660612524,minimal synchronous verdict bundle
10,S4,2.0,0.04997839578770713,T3,authorization,drift,authorization,True,True,2,2026-08-07T20:20:01.885019+00:00,2026-08-07T20:20:03.336281+00:00,1.451205666642636,2.2407454163767397,3.691951083019376,2.2407961660064757,minimal synchronous verdict bundle
10,S4,10.0,3.8864642994558007,T3,authorization,drift,authorization,True,True,1,2026-08-07T20:20:01.885019+00:00,2026-08-07T20:20:03.336281+00:00,1.451205666642636,4.118187083397061,5.569392750039697,4.118231375236064,minimal synchronous verdict bundle
10,S5,0.5,0.37967557065715923,T4,environment,drift,environment,True,True,1,2026-08-07T20:20:10.124579+00:00,2026-08-07T20:20:10.143299+00:00,0.018715959042310715,0.6005397909320891,0.6192557499743998,0.6005874578841031,minimal synchronous verdict bundle
10,S5,2.0,0.42179354372422817,T4,environment,drift,environment,True,True,1,2026-08-07T20:20:10.124579+00:00,2026-08-07T20:20:10.143299+00:00,0.018715959042310715,0.7539878329262137,0.7727037919685245,0.7540281252004206,minimal synchronous verdict bundle
10,S5,10.0,2.2908323196649247,T4,environment,drift,environment,True,True,1,2026-08-07T20:20:10.124579+00:00,2026-08-07T20:20:10.143299+00:00,0.018715959042310715,2.533930249977857,2.5526462090201676,2.533971957862377,minimal synchronous verdict bundle
10,S6,0.5,0.2175940758100754,T2,intent|authorization,drift,intent,True,True,1,2026-08-07T20:21:26.244758+00:00,2026-08-07T20:21:37.392506+00:00,11.148528666701168,0.3815132500603795,11.530041916761547,0.3815869581885636,minimal synchronous verdict bundle
10,S6,2.0,1.7026388697397632,T2,intent|authorization,drift,intent,True,True,1,2026-08-07T20:21:26.244758+00:00,2026-08-07T20:21:37.392506+00:00,11.148528666701168,1.8898567920550704,13.038385458756238,1.8899179170839489,minimal synchronous verdict bundle
10,S6,10.0,6.543032271098539,T2,intent|authorization,drift,intent,True,True,1,2026-08-07T20:21:26.244758+00:00,2026-08-07T20:21:37.392506+00:00,11.148528666701168,6.702590125147253,17.85111879184842,6.7026591673493385,minimal synchronous verdict bundle
10,S7,0.5,0.06768831137162235,T4,environment,drift,environment,True,True,1,2026-08-07T20:20:48.071260+00:00,2026-08-07T20:20:48.139421+00:00,0.06815687520429492,0.23723954195156693,0.30539641715586185,0.23728200001642108,minimal synchronous verdict bundle
10,S7,2.0,1.908868116272843,T4,environment,drift,environment,True,True,1,2026-08-07T20:20:48.071260+00:00,2026-08-07T20:20:48.139421+00:00,0.06815687520429492,2.139277959242463,2.207434834446758,2.1393232089467347,minimal synchronous verdict bundle
10,S7,10.0,9.547823473746416,T4,environment,drift,environment,True,True,1,2026-08-07T20:20:48.071260+00:00,2026-08-07T20:20:48.139421+00:00,0.06815687520429492,9.797957499977201,9.866114375181496,9.79802674986422,minimal synchronous verdict bundle
10,S8,0.5,0.24006034296891654,T3,authorization,drift,authorization,True,True,1,2026-08-07T20:21:00.964355+00:00,2026-08-07T20:21:00.981748+00:00,0.017391416244208813,0.4217123747803271,0.4391037910245359,0.4217584589496255,minimal synchronous verdict bundle
10,S8,2.0,0.03213891230753174,T3,authorization,drift,authorization,True,True,1,2026-08-07T20:21:00.964355+00:00,2026-08-07T20:21:00.981748+00:00,0.017391416244208813,0.20734612457454205,0.22473754081875086,0.2074178336188197,minimal synchronous verdict bundle
10,S8,10.0,9.98936904061855,T3,authorization,drift,authorization,True,True,1,2026-08-07T20:21:00.964355+00:00,2026-08-07T20:21:00.981748+00:00,0.017391416244208813,10.226511124987155,10.243902541231364,10.226599083747715,minimal synchronous verdict bundle
10,S9,0.5,0.3306024541952661,T2,evidence,undecidable,evidence,True,True,1,2026-08-07T20:21:14.282911+00:00,2026-08-07T20:21:14.297144+00:00,0.014233333058655262,0.46175829228013754,0.4759916253387928,0.46180150005966425,minimal synchronous verdict bundle
10,S9,2.0,1.126516402134529,T2,evidence,undecidable,evidence,True,True,1,2026-08-07T20:21:14.282911+00:00,2026-08-07T20:21:14.297144+00:00,0.014233333058655262,1.2835294171236455,1.2977627501823008,1.2835678751580417,minimal synchronous verdict bundle
10,S9,10.0,8.859433342472729,T2,evidence,undecidable,evidence,True,True,1,2026-08-07T20:21:14.282911+00:00,2026-08-07T20:21:14.297144+00:00,0.014233333058655262,9.12190966727212,9.136143000330776,9.121996582951397,minimal synchronous verdict bundle
11,S1,0.5,0.23976415603747075,T0n,configuration,drift,configuration,True,True,1,2026-08-07T20:21:59.641920+00:00,2026-08-07T20:21:59.685187+00:00,0.0432782918214798,0.328809458296746,0.3720877501182258,0.32887866720557213,minimal synchronous verdict bundle
11,S1,2.0,1.4056230281869224,T0n,configuration,drift,configuration,True,True,1,2026-08-07T20:21:59.641920+00:00,2026-08-07T20:21:59.685187+00:00,0.0432782918214798,1.533423458226025,1.576701750047505,1.533495542127639,minimal synchronous verdict bundle
11,S1,10.0,4.2843984200208585,T0n,configuration,drift,configuration,True,True,1,2026-08-07T20:21:59.641920+00:00,2026-08-07T20:21:59.685187+00:00,0.0432782918214798,4.388087583240122,4.431365875061601,4.388145042117685,minimal synchronous verdict bundle
11,S2,0.5,0.4200870996425229,T2,authorization,drift,authorization,True,True,1,2026-08-07T20:23:30.118975+00:00,2026-08-07T20:23:33.004963+00:00,2.885797207709402,0.786502375267446,3.672299582976848,0.7865419173613191,minimal synchronous verdict bundle
11,S2,2.0,0.39658484340459,T2,authorization,drift,authorization,True,True,1,2026-08-07T20:23:30.118975+00:00,2026-08-07T20:23:33.004963+00:00,2.885797207709402,0.6315955831669271,3.517392790876329,0.6316576669923961,minimal synchronous verdict bundle
11,S2,10.0,1.6385865636031216,T2,authorization,drift,authorization,True,True,1,2026-08-07T20:23:30.118975+00:00,2026-08-07T20:23:33.004963+00:00,2.885797207709402,1.7758247503079474,4.661621958017349,1.7758556250482798,minimal synchronous verdict bundle
11,S3,0.5,0.07906123668551923,T1,policy,drift,policy,True,True,21,2026-08-07T20:22:19.883457+00:00,2026-08-07T20:22:20.059162+00:00,0.17569487495347857,10.206792624667287,10.382487499620765,10.20688470872119,minimal synchronous verdict bundle
11,S3,2.0,1.3363173093332432,T1,policy,drift,policy,True,True,6,2026-08-07T20:22:19.883457+00:00,2026-08-07T20:22:20.059162+00:00,0.17569487495347857,11.476592999882996,11.652287874836475,11.476643874775618,minimal synchronous verdict bundle
11,S3,10.0,7.313448462289999,T1,policy,drift,policy,True,True,2,2026-08-07T20:22:19.883457+00:00,2026-08-07T20:22:20.059162+00:00,0.17569487495347857,17.49887204170227,17.67456691665575,17.49893220886588,minimal synchronous verdict bundle
11,S4,0.5,0.029671349095975796,T3,authorization,drift,authorization,True,True,5,2026-08-07T20:23:10.655844+00:00,2026-08-07T20:23:13.005519+00:00,2.349632749799639,2.1994749582372606,4.5491077080369,2.19951183302328,minimal synchronous verdict bundle
11,S4,2.0,0.6747940838221571,T3,authorization,drift,authorization,True,True,2,2026-08-07T20:23:10.655844+00:00,2026-08-07T20:23:13.005519+00:00,2.349632749799639,2.8676784578710794,5.217311207670718,2.867736500222236,minimal synchronous verdict bundle
11,S4,10.0,1.7932605912184052,T3,authorization,drift,authorization,True,True,1,2026-08-07T20:23:10.655844+00:00,2026-08-07T20:23:13.005519+00:00,2.349632749799639,1.9642080422490835,4.3138407920487225,1.9642770001664758,minimal synchronous verdict bundle
11,S5,0.5,0.3545222272564457,T4,environment,drift,environment,True,True,1,2026-08-07T20:23:18.790779+00:00,2026-08-07T20:23:18.846381+00:00,0.055598583072423935,0.578784666955471,0.634383250027895,0.5788244171999395,minimal synchronous verdict bundle
11,S5,2.0,0.5227706163457051,T4,environment,drift,environment,True,True,1,2026-08-07T20:23:18.790779+00:00,2026-08-07T20:23:18.846381+00:00,0.055598583072423935,0.7522520842030644,0.8078506672754884,0.7522866250947118,minimal synchronous verdict bundle
11,S5,10.0,8.106443046078368,T4,environment,drift,environment,True,True,1,2026-08-07T20:23:18.790779+00:00,2026-08-07T20:23:18.846381+00:00,0.055598583072423935,8.36234270920977,8.417941292282194,8.362447042018175,minimal synchronous verdict bundle
11,S6,0.5,0.26483175393920577,T2,intent|authorization,drift,intent,True,True,1,2026-08-07T20:23:37.562978+00:00,2026-08-07T20:23:47.687579+00:00,10.124396957922727,0.42855249997228384,10.55294945789501,0.4286491251550615,minimal synchronous verdict bundle
11,S6,2.0,1.1824137202823233,T2,intent|authorization,drift,intent,True,True,1,2026-08-07T20:23:37.562978+00:00,2026-08-07T20:23:47.687579+00:00,10.124396957922727,1.3213809593580663,11.445777917280793,1.321441459003836,minimal synchronous verdict bundle
11,S6,10.0,0.9125459482190545,T2,intent|authorization,drift,intent,True,True,1,2026-08-07T20:23:37.562978+00:00,2026-08-07T20:23:47.687579+00:00,10.124396957922727,1.058105334173888,11.182502292096615,1.0581538751721382,minimal synchronous verdict bundle
11,S7,0.5,0.33115420907827886,T4,environment,drift,environment,True,True,1,2026-08-07T20:22:48.588686+00:00,2026-08-07T20:22:48.617850+00:00,0.029177707619965076,0.5178153333254158,0.5469930409453809,0.5178694580681622,minimal synchronous verdict bundle
11,S7,2.0,1.347618022338319,T4,environment,drift,environment,True,True,1,2026-08-07T20:22:48.588686+00:00,2026-08-07T20:22:48.617850+00:00,0.029177707619965076,1.5587641252204776,1.5879418328404427,1.5587957920506597,minimal synchronous verdict bundle
11,S7,10.0,3.1827033192163734,T4,environment,drift,environment,True,True,1,2026-08-07T20:22:48.588686+00:00,2026-08-07T20:22:48.617850+00:00,0.029177707619965076,3.364322167355567,3.3934998749755323,3.3643579580821097,minimal synchronous verdict bundle
11,S8,0.5,0.362662521693787,T3,authorization,drift,authorization,True,True,1,2026-08-07T20:22:56.086957+00:00,2026-08-07T20:22:56.105063+00:00,0.01810941705480218,0.5577755407430232,0.5758849577978253,0.5578373330645263,minimal synchronous verdict bundle
11,S8,2.0,1.0013627459037688,T3,authorization,drift,authorization,True,True,1,2026-08-07T20:22:56.086957+00:00,2026-08-07T20:22:56.105063+00:00,0.01810941705480218,1.2270339159294963,1.2451433329842985,1.2271113749593496,minimal synchronous verdict bundle
11,S8,10.0,9.85140944125122,T3,authorization,drift,authorization,True,True,1,2026-08-07T20:22:56.086957+00:00,2026-08-07T20:22:56.105063+00:00,0.01810941705480218,10.076708290725946,10.094817707780749,10.076780290808529,minimal synchronous verdict bundle
11,S9,0.5,0.2790911293469339,T2,evidence,undecidable,evidence,True,True,1,2026-08-07T20:22:07.047513+00:00,2026-08-07T20:22:07.061840+00:00,0.014326417353004217,0.41592729184776545,0.43025370920076966,0.41600129194557667,minimal synchronous verdict bundle
11,S9,2.0,0.8081244322067771,T2,evidence,undecidable,evidence,True,True,1,2026-08-07T20:22:07.047513+00:00,2026-08-07T20:22:07.061840+00:00,0.014326417353004217,0.9487052075564861,0.9630316249094903,0.9487519999966025,minimal synchronous verdict bundle
11,S9,10.0,9.843967746782717,T2,evidence,undecidable,evidence,True,True,1,2026-08-07T20:22:07.047513+00:00,2026-08-07T20:22:07.061840+00:00,0.014326417353004217,10.019173374865204,10.033499792218208,10.019260499626398,minimal synchronous verdict bundle
12,S1,0.5,0.07489805354222878,T0n,configuration,drift,configuration,True,True,1,2026-08-07T20:23:58.728974+00:00,2026-08-07T20:23:58.776697+00:00,0.0477370829321444,0.19489579228684306,0.24263287521898746,0.19494558311998844,minimal synchronous verdict bundle
12,S1,2.0,1.3293286103607755,T0n,configuration,drift,configuration,True,True,1,2026-08-07T20:23:58.728974+00:00,2026-08-07T20:23:58.776697+00:00,0.0477370829321444,1.476482667028904,1.5242197499610484,1.4765304583124816,minimal synchronous verdict bundle
12,S1,10.0,0.022300229500731295,T0n,configuration,drift,configuration,True,True,1,2026-08-07T20:23:58.728974+00:00,2026-08-07T20:23:58.776697+00:00,0.0477370829321444,0.11330024991184473,0.16103733284398913,0.1133742081001401,minimal synchronous verdict bundle
12,S2,0.5,0.3662980645767085,T2,authorization,drift,authorization,True,True,1,2026-08-07T20:24:46.618294+00:00,2026-08-07T20:24:49.004978+00:00,2.3866435000672936,0.5147560839541256,2.9013995840214193,0.5148096666671336,minimal synchronous verdict bundle
12,S2,2.0,1.3196974286061876,T2,authorization,drift,authorization,True,True,1,2026-08-07T20:24:46.618294+00:00,2026-08-07T20:24:49.004978+00:00,2.3866435000672936,1.4646321670152247,3.8512756670825183,1.464671874884516,minimal synchronous verdict bundle
12,S2,10.0,1.001678458941414,T2,authorization,drift,authorization,True,True,1,2026-08-07T20:24:46.618294+00:00,2026-08-07T20:24:49.004978+00:00,2.3866435000672936,1.1779288337565958,3.5645723338238895,1.1779652498662472,minimal synchronous verdict bundle
12,S3,0.5,0.28355803591874473,T1,policy,drift,policy,True,True,8,2026-08-07T20:24:36.056029+00:00,2026-08-07T20:24:36.189708+00:00,0.13367854105308652,3.917918167077005,4.051596708130091,3.917979166842997,minimal synchronous verdict bundle
12,S3,2.0,0.35244253972644257,T1,policy,drift,policy,True,True,3,2026-08-07T20:24:36.056029+00:00,2026-08-07T20:24:36.189708+00:00,0.13367854105308652,4.4860373749397695,4.619715915992856,4.4861042918637395,minimal synchronous verdict bundle
12,S3,10.0,6.172050604724201,T1,policy,drift,policy,True,True,1,2026-08-07T20:24:36.056029+00:00,2026-08-07T20:24:36.189708+00:00,0.13367854105308652,6.310159584041685,6.443838125094771,6.310212709009647,minimal synchronous verdict bundle
12,S4,0.5,0.3885994292872166,T3,authorization,drift,authorization,True,True,3,2026-08-07T20:24:26.053847+00:00,2026-08-07T20:24:28.764646+00:00,2.710702834185213,1.5812002080492675,4.29190304223448,1.5813773749396205,minimal synchronous verdict bundle
12,S4,2.0,0.42104621210270277,T3,authorization,drift,authorization,True,True,2,2026-08-07T20:24:26.053847+00:00,2026-08-07T20:24:28.764646+00:00,2.710702834185213,2.8175484999082983,5.528251334093511,2.8175989161245525,minimal synchronous verdict bundle
12,S4,10.0,2.5227866709985545,T3,authorization,drift,authorization,True,True,1,2026-08-07T20:24:26.053847+00:00,2026-08-07T20:24:28.764646+00:00,2.710702834185213,3.00948837492615,5.720191209111363,3.0095513751730323,minimal synchronous verdict bundle
12,S5,0.5,0.16996772455067893,T4,environment,drift,environment,True,True,1,2026-08-07T20:25:06.495837+00:00,2026-08-07T20:25:06.558491+00:00,0.0626471247524023,0.4166315421462059,0.4792786668986082,0.416833832859993,minimal synchronous verdict bundle
12,S5,2.0,1.8705418854107185,T4,environment,drift,environment,True,True,1,2026-08-07T20:25:06.495837+00:00,2026-08-07T20:25:06.558491+00:00,0.0626471247524023,2.112705917097628,2.1753530418500304,2.112750249914825,minimal synchronous verdict bundle
12,S5,10.0,8.297612894145912,T4,environment,drift,environment,True,True,1,2026-08-07T20:25:06.495837+00:00,2026-08-07T20:25:06.558491+00:00,0.0626471247524023,8.52287929225713,8.585526417009532,8.522953249979764,minimal synchronous verdict bundle
12,S6,0.5,0.15850748055496228,T2,intent|authorization,drift,intent,True,True,1,2026-08-07T20:24:04.532652+00:00,2026-08-07T20:24:12.545706+00:00,8.01289925025776,0.2995908339507878,8.312490084208548,0.29966316698119044,minimal synchronous verdict bundle
12,S6,2.0,0.2369370538149027,T2,intent|authorization,drift,intent,True,True,1,2026-08-07T20:24:04.532652+00:00,2026-08-07T20:24:12.545706+00:00,8.01289925025776,0.4338927920907736,8.446792042348534,0.43395274970680475,minimal synchronous verdict bundle
12,S6,10.0,5.05073417821669,T2,intent|authorization,drift,intent,True,True,1,2026-08-07T20:24:04.532652+00:00,2026-08-07T20:24:12.545706+00:00,8.01289925025776,5.269555917009711,13.282455167267472,5.269618374761194,minimal synchronous verdict bundle
12,S7,0.5,0.23365841016579053,T4,environment,drift,environment,True,True,1,2026-08-07T20:25:18.656963+00:00,2026-08-07T20:25:18.676332+00:00,0.0193703337572515,0.44765054108574986,0.46702087484300137,0.4477037079632282,minimal synchronous verdict bundle
12,S7,2.0,1.5063638158581731,T4,environment,drift,environment,True,True,1,2026-08-07T20:25:18.656963+00:00,2026-08-07T20:25:18.676332+00:00,0.0193703337572515,1.7522881659679115,1.771658499725163,1.7523275408893824,minimal synchronous verdict bundle
12,S7,10.0,8.98793635970846,T4,environment,drift,environment,True,True,1,2026-08-07T20:25:18.656963+00:00,2026-08-07T20:25:18.676332+00:00,0.0193703337572515,9.224808250088245,9.244178583845496,9.224886999931186,minimal synchronous verdict bundle
12,S8,0.5,0.013311153727071756,T3,authorization,drift,authorization,True,True,1,2026-08-07T20:25:30.979378+00:00,2026-08-07T20:25:30.995493+00:00,0.01611795835196972,0.19136254163458943,0.20748049998655915,0.19142191670835018,minimal synchronous verdict bundle
12,S8,2.0,0.05719134502877332,T3,authorization,drift,authorization,True,True,1,2026-08-07T20:25:30.979378+00:00,2026-08-07T20:25:30.995493+00:00,0.01611795835196972,0.3461486669257283,0.36226662527769804,0.34619474969804287,minimal synchronous verdict bundle
12,S8,10.0,5.52865399441607,T3,authorization,drift,authorization,True,True,1,2026-08-07T20:25:30.979378+00:00,2026-08-07T20:25:30.995493+00:00,0.01611795835196972,5.767383457627147,5.783501415979117,5.767491541802883,minimal synchronous verdict bundle
12,S9,0.5,0.00285082199956177,T2,evidence,undecidable,evidence,True,True,1,2026-08-07T20:24:53.307868+00:00,2026-08-07T20:24:53.320158+00:00,0.012300000060349703,0.12197612505406141,0.13427612511441112,0.12201775005087256,minimal synchronous verdict bundle
12,S9,2.0,0.5319958544525152,T2,evidence,undecidable,evidence,True,True,1,2026-08-07T20:24:53.307868+00:00,2026-08-07T20:24:53.320158+00:00,0.012300000060349703,0.6585888750851154,0.6708888751454651,0.6586384158581495,minimal synchronous verdict bundle
12,S9,10.0,9.418529981121559,T2,evidence,undecidable,evidence,True,True,1,2026-08-07T20:24:53.307868+00:00,2026-08-07T20:24:53.320158+00:00,0.012300000060349703,9.608564749825746,9.620864749886096,9.608629832975566,minimal synchronous verdict bundle
13,S1,0.5,0.3966729365224275,T0n,configuration,drift,configuration,True,True,1,2026-08-07T20:25:39.563818+00:00,2026-08-07T20:25:39.608090+00:00,0.044270250014960766,0.4968384578824043,0.5411087078973651,0.49689270788803697,minimal synchronous verdict bundle
13,S1,2.0,0.09315212917092675,T0n,configuration,drift,configuration,True,True,1,2026-08-07T20:25:39.563818+00:00,2026-08-07T20:25:39.608090+00:00,0.044270250014960766,0.18498820764943957,0.22925845766440034,0.18504237476736307,minimal synchronous verdict bundle
13,S1,10.0,9.582102067651745,T0n,configuration,drift,configuration,True,True,1,2026-08-07T20:25:39.563818+00:00,2026-08-07T20:25:39.608090+00:00,0.044270250014960766,9.728500165976584,9.772770415991545,9.728603415656835,minimal synchronous verdict bundle
13,S2,0.5,0.11656969836250036,T2,authorization,drift,authorization,True,True,1,2026-08-07T20:26:17.382001+00:00,2026-08-07T20:26:20.005215+00:00,2.623120832722634,0.25558491703122854,2.8787057497538626,0.2556398343294859,minimal synchronous verdict bundle
13,S2,2.0,1.7143728040732802,T2,authorization,drift,authorization,True,True,1,2026-08-07T20:26:17.382001+00:00,2026-08-07T20:26:20.005215+00:00,2.623120832722634,1.9290644591674209,4.552185291890055,1.929115875158459,minimal synchronous verdict bundle
13,S2,10.0,9.422526069998984,T2,authorization,drift,authorization,True,True,1,2026-08-07T20:26:17.382001+00:00,2026-08-07T20:26:20.005215+00:00,2.623120832722634,9.600504209287465,12.223625042010099,9.600601209327579,minimal synchronous verdict bundle
13,S3,0.5,0.030316642573286423,T1,policy,drift,policy,True,True,21,2026-08-07T20:25:53.567837+00:00,2026-08-07T20:25:53.701466+00:00,0.13362779188901186,10.169319541659206,10.302947333548218,10.16942708287388,minimal synchronous verdict bundle
13,S3,2.0,1.3717428960848945,T1,policy,drift,policy,True,True,6,2026-08-07T20:25:53.567837+00:00,2026-08-07T20:25:53.701466+00:00,0.13362779188901186,11.55979570792988,11.693423499818891,11.559851791709661,minimal synchronous verdict bundle
13,S3,10.0,2.1940883296854685,T1,policy,drift,policy,True,True,2,2026-08-07T20:25:53.567837+00:00,2026-08-07T20:25:53.701466+00:00,0.13362779188901186,12.333990874700248,12.46761866658926,12.3340442921035,minimal synchronous verdict bundle
13,S4,0.5,0.3056013997748237,T3,authorization,drift,authorization,True,True,2,2026-08-07T20:27:37.481704+00:00,2026-08-07T20:27:39.163349+00:00,1.681624833960086,0.997467250097543,2.679092084057629,0.9975368329323828,minimal synchronous verdict bundle
13,S4,2.0,0.8445580173043223,T3,authorization,drift,authorization,True,True,1,2026-08-07T20:27:37.481704+00:00,2026-08-07T20:27:39.163349+00:00,1.681624833960086,1.1695602498948574,2.8511850838549435,1.1696155001409352,minimal synchronous verdict bundle
13,S4,10.0,5.358223071144106,T3,authorization,drift,authorization,True,True,1,2026-08-07T20:27:37.481704+00:00,2026-08-07T20:27:39.163349+00:00,1.681624833960086,5.578593000303954,7.26021783426404,5.578655540943146,minimal synchronous verdict bundle
13,S5,0.5,0.272983849254446,T4,environment,drift,environment,True,True,1,2026-08-07T20:26:44.929498+00:00,2026-08-07T20:26:44.946604+00:00,0.01710733398795128,0.4634521659463644,0.4805594999343157,0.46348991617560387,minimal synchronous verdict bundle
13,S5,2.0,0.6030184718101206,T4,environment,drift,environment,True,True,1,2026-08-07T20:26:44.929498+00:00,2026-08-07T20:26:44.946604+00:00,0.01710733398795128,0.7791173751465976,0.7962247091345489,0.7791611249558628,minimal synchronous verdict bundle
13,S5,10.0,9.813899420254009,T4,environment,drift,environment,True,True,1,2026-08-07T20:26:44.929498+00:00,2026-08-07T20:26:44.946604+00:00,0.01710733398795128,10.079622874967754,10.096730208955705,10.07970100035891,minimal synchronous verdict bundle
13,S6,0.5,0.10792919122871864,T2,intent|authorization,drift,intent,True,True,1,2026-08-07T20:27:09.056873+00:00,2026-08-07T20:27:20.157579+00:00,11.100494499783963,0.2715219580568373,11.3720164578408,0.2716014161705971,minimal synchronous verdict bundle
13,S6,2.0,0.2915899696694737,T2,intent|authorization,drift,intent,True,True,1,2026-08-07T20:27:09.056873+00:00,2026-08-07T20:27:20.157579+00:00,11.100494499783963,0.4196567079052329,11.520151207689196,0.41970450012013316,minimal synchronous verdict bundle
13,S6,10.0,7.397177846252861,T2,intent|authorization,drift,intent,True,True,1,2026-08-07T20:27:09.056873+00:00,2026-08-07T20:27:20.157579+00:00,11.100494499783963,7.640888958238065,18.741383458022028,7.640961625147611,minimal synchronous verdict bundle
13,S7,0.5,0.31143748027186474,T4,environment,drift,environment,True,True,1,2026-08-07T20:26:33.066311+00:00,2026-08-07T20:26:33.094248+00:00,0.027941500302404165,0.5422976668924093,0.5702391671948135,0.5423616250045598,minimal synchronous verdict bundle
13,S7,2.0,0.5385026493643472,T4,environment,drift,environment,True,True,1,2026-08-07T20:26:33.066311+00:00,2026-08-07T20:26:33.094248+00:00,0.027941500302404165,0.728286957833916,0.7562284581363201,0.72832449991256,minimal synchronous verdict bundle
13,S7,10.0,8.413491738106508,T4,environment,drift,environment,True,True,1,2026-08-07T20:26:33.066311+00:00,2026-08-07T20:26:33.094248+00:00,0.027941500302404165,8.714678625110537,8.742620125412941,8.714741124771535,minimal synchronous verdict bundle
13,S8,0.5,0.2975936165114057,T3,authorization,drift,authorization,True,True,1,2026-08-07T20:27:47.801473+00:00,2026-08-07T20:27:47.832798+00:00,0.031322000082582235,0.522037582937628,0.5533595830202103,0.5221092910505831,minimal synchronous verdict bundle
13,S8,2.0,1.3191562120033182,T3,authorization,drift,authorization,True,True,1,2026-08-07T20:27:47.801473+00:00,2026-08-07T20:27:47.832798+00:00,0.031322000082582235,1.5305214999243617,1.561843500006944,1.5305889579467475,minimal synchronous verdict bundle
13,S8,10.0,9.22068633522457,T3,authorization,drift,authorization,True,True,1,2026-08-07T20:27:47.801473+00:00,2026-08-07T20:27:47.832798+00:00,0.031322000082582235,9.451212957967073,9.482534958049655,9.451285624876618,minimal synchronous verdict bundle
13,S9,0.5,0.10132111803103455,T2,evidence,undecidable,evidence,True,True,1,2026-08-07T20:26:57.916505+00:00,2026-08-07T20:26:57.931762+00:00,0.015256833285093307,0.21924504172056913,0.23450187500566244,0.21930091688409448,minimal synchronous verdict bundle
13,S9,2.0,0.6610404882544234,T2,evidence,undecidable,evidence,True,True,1,2026-08-07T20:26:57.916505+00:00,2026-08-07T20:26:57.931762+00:00,0.015256833285093307,0.80015829205513,0.8154151253402233,0.8002214166335762,minimal synchronous verdict bundle
13,S9,10.0,8.071311282042984,T2,evidence,undecidable,evidence,True,True,1,2026-08-07T20:26:57.916505+00:00,2026-08-07T20:26:57.931762+00:00,0.015256833285093307,8.259941791649908,8.275198624935001,8.260003166738898,minimal synchronous verdict bundle
14,S1,0.5,0.4593571067234978,T0n,configuration,drift,configuration,True,True,1,2026-08-07T20:28:24.207701+00:00,2026-08-07T20:28:24.268478+00:00,0.06079466687515378,0.5679904171265662,0.62878508400172,0.5680897082202137,minimal synchronous verdict bundle
14,S1,2.0,1.1467617994874897,T0n,configuration,drift,configuration,True,True,1,2026-08-07T20:28:24.207701+00:00,2026-08-07T20:28:24.268478+00:00,0.06079466687515378,1.3305418752133846,1.3913365420885384,1.3305932502262294,minimal synchronous verdict bundle
14,S1,10.0,9.125010648717529,T0n,configuration,drift,configuration,True,True,1,2026-08-07T20:28:24.207701+00:00,2026-08-07T20:28:24.268478+00:00,0.06079466687515378,9.267210958059877,9.328005624935031,9.267301707994193,minimal synchronous verdict bundle
14,S2,0.5,0.035457963810634985,T2,authorization,drift,authorization,True,True,1,2026-08-07T20:29:30.482480+00:00,2026-08-07T20:29:33.004743+00:00,2.522046832833439,0.2353020003065467,2.757348833139986,0.23536254232749343,minimal synchronous verdict bundle
14,S2,2.0,0.6117405535241922,T2,authorization,drift,authorization,True,True,1,2026-08-07T20:29:30.482480+00:00,2026-08-07T20:29:33.004743+00:00,2.522046832833439,0.7435642094351351,3.2656110422685742,0.7436065003275871,minimal synchronous verdict bundle
14,S2,10.0,6.02291543552611,T2,authorization,drift,authorization,True,True,1,2026-08-07T20:29:30.482480+00:00,2026-08-07T20:29:33.004743+00:00,2.522046832833439,6.229653334245086,8.751700167078525,6.229747167322785,minimal synchronous verdict bundle
14,S3,0.5,0.10273948424913953,T1,policy,drift,policy,True,True,5,2026-08-07T20:29:10.818534+00:00,2026-08-07T20:29:10.978211+00:00,0.15976404212415218,2.2470237920060754,2.4067878341302276,2.247113333083689,minimal synchronous verdict bundle
14,S3,2.0,0.9955926489469886,T1,policy,drift,policy,True,True,2,2026-08-07T20:29:10.818534+00:00,2026-08-07T20:29:10.978211+00:00,0.15976404212415218,3.2593261250294745,3.4190901671536267,3.2593815000727773,minimal synchronous verdict bundle
14,S3,10.0,8.06317870391784,T1,policy,drift,policy,True,True,1,2026-08-07T20:29:10.818534+00:00,2026-08-07T20:29:10.978211+00:00,0.15976404212415218,8.242172666825354,8.401936708949506,8.24227595794946,minimal synchronous verdict bundle
14,S4,0.5,0.4257465380964885,T3,authorization,drift,authorization,True,True,2,2026-08-07T20:29:01.587199+00:00,2026-08-07T20:29:03.773507+00:00,2.186237166635692,1.105887083336711,3.292124249972403,1.1059696660377085,minimal synchronous verdict bundle
14,S4,2.0,1.5467435016039999,T3,authorization,drift,authorization,True,True,1,2026-08-07T20:29:01.587199+00:00,2026-08-07T20:29:03.773507+00:00,2.186237166635692,1.740831958130002,3.927069124765694,1.7408825000748038,minimal synchronous verdict bundle
14,S4,10.0,3.065029436732094,T3,authorization,drift,authorization,True,True,1,2026-08-07T20:29:01.587199+00:00,2026-08-07T20:29:03.773507+00:00,2.186237166635692,3.249592208303511,5.435829374939203,3.2496346663683653,minimal synchronous verdict bundle
14,S5,0.5,0.09685683189573324,T4,environment,drift,environment,True,True,1,2026-08-07T20:28:53.849934+00:00,2026-08-07T20:28:53.869626+00:00,0.019694874994456768,0.4261260419152677,0.4458209169097245,0.42616008315235376,minimal synchronous verdict bundle
14,S5,2.0,0.08231159181525771,T4,environment,drift,environment,True,True,1,2026-08-07T20:28:53.849934+00:00,2026-08-07T20:28:53.869626+00:00,0.019694874994456768,0.2604720420204103,0.28016691701486707,0.2605173750780523,minimal synchronous verdict bundle
14,S5,10.0,4.64345647473645,T4,environment,drift,environment,True,True,1,2026-08-07T20:28:53.849934+00:00,2026-08-07T20:28:53.869626+00:00,0.019694874994456768,4.891350958030671,4.911045833025128,4.8914356250315905,minimal synchronous verdict bundle
14,S6,0.5,0.2730275861282627,T2,intent|authorization,drift,intent,True,True,1,2026-08-07T20:28:00.305494+00:00,2026-08-07T20:28:10.380103+00:00,10.074191249907017,0.44383829226717353,10.51802954217419,0.44390866719186306,minimal synchronous verdict bundle
14,S6,2.0,1.0779490783293633,T2,intent|authorization,drift,intent,True,True,1,2026-08-07T20:28:00.305494+00:00,2026-08-07T20:28:10.380103+00:00,10.074191249907017,1.2396849589422345,11.313876208849251,1.2397453752346337,minimal synchronous verdict bundle
14,S6,10.0,3.7055559328967655,T2,intent|authorization,drift,intent,True,True,1,2026-08-07T20:28:00.305494+00:00,2026-08-07T20:28:10.380103+00:00,10.074191249907017,3.9327677921392024,14.006959042046219,3.932828458957374,minimal synchronous verdict bundle
14,S7,0.5,0.33529492447399545,T4,environment,drift,environment,True,True,1,2026-08-07T20:28:41.954919+00:00,2026-08-07T20:28:42.020489+00:00,0.06559062469750643,0.5161664169281721,0.5817570416256785,0.516227750107646,minimal synchronous verdict bundle
14,S7,2.0,1.3190189442986047,T4,environment,drift,environment,True,True,1,2026-08-07T20:28:41.954919+00:00,2026-08-07T20:28:42.020489+00:00,0.06559062469750643,1.5756370830349624,1.6412277077324688,1.5756797082722187,minimal synchronous verdict bundle
14,S7,10.0,8.749359549263719,T4,environment,drift,environment,True,True,1,2026-08-07T20:28:41.954919+00:00,2026-08-07T20:28:42.020489+00:00,0.06559062469750643,9.0062250001356,9.071815624833107,9.006293500307947,minimal synchronous verdict bundle
14,S8,0.5,0.4214974528083254,T3,authorization,drift,authorization,True,True,1,2026-08-07T20:29:22.072053+00:00,2026-08-07T20:29:22.133572+00:00,0.061512417159974575,0.6102353748865426,0.6717477920465171,0.6102901669219136,minimal synchronous verdict bundle
14,S8,2.0,1.0479442517395354,T3,authorization,drift,authorization,True,True,1,2026-08-07T20:29:22.072053+00:00,2026-08-07T20:29:22.133572+00:00,0.061512417159974575,1.2355424165725708,1.2970548337325454,1.2356044999323785,minimal synchronous verdict bundle
14,S8,10.0,4.767974267741551,T3,authorization,drift,authorization,True,True,1,2026-08-07T20:29:22.072053+00:00,2026-08-07T20:29:22.133572+00:00,0.061512417159974575,5.01325949979946,5.074771916959435,5.013326207641512,minimal synchronous verdict bundle
14,S9,0.5,0.23724390573195486,T2,evidence,undecidable,evidence,True,True,1,2026-08-07T20:28:36.369198+00:00,2026-08-07T20:28:36.382615+00:00,0.013420416973531246,0.36385408276692033,0.3772744997404516,0.3639080827124417,minimal synchronous verdict bundle
14,S9,2.0,1.4266786715238633,T2,evidence,undecidable,evidence,True,True,1,2026-08-07T20:28:36.369198+00:00,2026-08-07T20:28:36.382615+00:00,0.013420416973531246,1.573634207714349,1.5870546246878803,1.5736891659907997,minimal synchronous verdict bundle
14,S9,10.0,2.280573498819285,T2,evidence,undecidable,evidence,True,True,1,2026-08-07T20:28:36.369198+00:00,2026-08-07T20:28:36.382615+00:00,0.013420416973531246,2.475805790629238,2.489226207602769,2.475853582844138,minimal synchronous verdict bundle
15,S1,0.5,0.04924234597747745,T0n,configuration,drift,configuration,True,True,1,2026-08-07T20:30:14.802346+00:00,2026-08-07T20:30:14.970793+00:00,0.16846516681835055,0.13114366680383682,0.2996088336221874,0.13121962500736117,minimal synchronous verdict bundle
15,S1,2.0,1.4052532610871742,T0n,configuration,drift,configuration,True,True,1,2026-08-07T20:30:14.802346+00:00,2026-08-07T20:30:14.970793+00:00,0.16846516681835055,1.4975474998354912,1.6660126666538417,1.4975921669974923,minimal synchronous verdict bundle
15,S1,10.0,8.957121168356531,T0n,configuration,drift,configuration,True,True,1,2026-08-07T20:30:14.802346+00:00,2026-08-07T20:30:14.970793+00:00,0.16846516681835055,9.11527100019157,9.28373616700992,9.115368249826133,minimal synchronous verdict bundle
15,S2,0.5,0.4035714502229857,T2,authorization,drift,authorization,True,True,1,2026-08-07T20:31:22.871844+00:00,2026-08-07T20:31:25.003126+00:00,2.13119495799765,0.590466792229563,2.721661750227213,0.5905176671221852,minimal synchronous verdict bundle
15,S2,2.0,1.7890594478787605,T2,authorization,drift,authorization,True,True,1,2026-08-07T20:31:22.871844+00:00,2026-08-07T20:31:25.003126+00:00,2.13119495799765,2.0812539169564843,4.212448874954134,2.0814124578610063,minimal synchronous verdict bundle
15,S2,10.0,5.755009020138392,T2,authorization,drift,authorization,True,True,1,2026-08-07T20:31:22.871844+00:00,2026-08-07T20:31:25.003126+00:00,2.13119495799765,5.935323958285153,8.066518916282803,5.935905875172466,minimal synchronous verdict bundle
15,S3,0.5,0.2078038791965326,T1,policy,drift,policy,True,True,14,2026-08-07T20:29:42.234150+00:00,2026-08-07T20:29:42.412761+00:00,0.17859241692349315,6.915479292161763,7.094071709085256,6.915791874751449,minimal synchronous verdict bundle
15,S3,2.0,0.018642286531615815,T1,policy,drift,policy,True,True,5,2026-08-07T20:29:42.234150+00:00,2026-08-07T20:29:42.412761+00:00,0.17859241692349315,8.164187374990433,8.342779791913927,8.164239833131433,minimal synchronous verdict bundle
15,S3,10.0,0.772302994622085,T1,policy,drift,policy,True,True,2,2026-08-07T20:29:42.234150+00:00,2026-08-07T20:29:42.412761+00:00,0.17859241692349315,10.912959166802466,11.091551583725959,10.913013250101358,minimal synchronous verdict bundle
15,S4,0.5,0.4233371691554407,T3,authorization,drift,authorization,True,True,3,2026-08-07T20:30:04.754794+00:00,2026-08-07T20:30:06.544301+00:00,1.789477082900703,1.6259119589813054,3.4153890418820083,1.625977999996394,minimal synchronous verdict bundle
15,S4,2.0,0.6900931826798975,T3,authorization,drift,authorization,True,True,2,2026-08-07T20:30:04.754794+00:00,2026-08-07T20:30:06.544301+00:00,1.789477082900703,2.8990593338385224,4.688536416739225,2.8991310000419617,minimal synchronous verdict bundle
15,S4,10.0,5.354908560001711,T3,authorization,drift,authorization,True,True,1,2026-08-07T20:30:04.754794+00:00,2026-08-07T20:30:06.544301+00:00,1.789477082900703,5.545506083872169,7.334983166772872,5.545557334087789,minimal synchronous verdict bundle
15,S5,0.5,0.05162724203167052,T4,environment,drift,environment,True,True,1,2026-08-07T20:31:04.093436+00:00,2026-08-07T20:31:04.111413+00:00,0.017982082907110453,0.255880624987185,0.27386270789429545,0.2559508327394724,minimal synchronous verdict bundle
15,S5,2.0,1.5465928968856573,T4,environment,drift,environment,True,True,1,2026-08-07T20:31:04.093436+00:00,2026-08-07T20:31:04.111413+00:00,0.017982082907110453,1.8070700000971556,1.825052083004266,1.8071102080866694,minimal synchronous verdict bundle
15,S5,10.0,4.087631421013827,T4,environment,drift,environment,True,True,1,2026-08-07T20:31:04.093436+00:00,2026-08-07T20:31:04.111413+00:00,0.017982082907110453,4.293066333048046,4.311048415955156,4.293104249984026,minimal synchronous verdict bundle
15,S6,0.5,0.24242727513774992,T2,intent|authorization,drift,intent,True,True,1,2026-08-07T20:30:27.057137+00:00,2026-08-07T20:30:37.178860+00:00,10.121532583143562,0.39621108304709196,10.517743666190654,0.3962909998372197,minimal synchronous verdict bundle
15,S6,2.0,1.0040856941614689,T2,intent|authorization,drift,intent,True,True,1,2026-08-07T20:30:27.057137+00:00,2026-08-07T20:30:37.178860+00:00,10.121532583143562,1.1598252919502556,11.281357875093818,1.1598820420913398,minimal synchronous verdict bundle
15,S6,10.0,4.465459431878207,T2,intent|authorization,drift,intent,True,True,1,2026-08-07T20:30:27.057137+00:00,2026-08-07T20:30:37.178860+00:00,10.121532583143562,4.695237000007182,14.816769583150744,4.695315457880497,minimal synchronous verdict bundle
15,S7,0.5,0.25432848046075546,T4,environment,drift,environment,True,True,1,2026-08-07T20:30:50.350583+00:00,2026-08-07T20:30:50.409103+00:00,0.05853308271616697,0.43644358310848475,0.4949766658246517,0.43649912532418966,minimal synchronous verdict bundle
15,S7,2.0,0.9948218936662148,T4,environment,drift,environment,True,True,1,2026-08-07T20:30:50.350583+00:00,2026-08-07T20:30:50.409103+00:00,0.05853308271616697,1.1881915833801031,1.24672466609627,1.188362583052367,minimal synchronous verdict bundle
15,S7,10.0,9.347766535138684,T4,environment,drift,environment,True,True,1,2026-08-07T20:30:50.350583+00:00,2026-08-07T20:30:50.409103+00:00,0.05853308271616697,9.585707625374198,9.644240708090365,9.58578862529248,minimal synchronous verdict bundle
15,S8,0.5,0.04163741906843438,T3,authorization,drift,authorization,True,True,1,2026-08-07T20:31:11.593844+00:00,2026-08-07T20:31:11.607825+00:00,0.013990041799843311,0.21106679132208228,0.2250568331219256,0.2111448752693832,minimal synchronous verdict bundle
15,S8,2.0,0.2750372519481499,T3,authorization,drift,authorization,True,True,1,2026-08-07T20:31:11.593844+00:00,2026-08-07T20:31:11.607825+00:00,0.013990041799843311,0.4429212501272559,0.45691129192709923,0.44296675035730004,minimal synchronous verdict bundle
15,S8,10.0,7.718179907317852,T3,authorization,drift,authorization,True,True,1,2026-08-07T20:31:11.593844+00:00,2026-08-07T20:31:11.607825+00:00,0.013990041799843311,8.005712124984711,8.019702166784555,8.00588854122907,minimal synchronous verdict bundle
15,S9,0.5,0.22784150108593432,T2,evidence,undecidable,evidence,True,True,1,2026-08-07T20:31:34.014214+00:00,2026-08-07T20:31:34.028539+00:00,0.01432604156434536,0.3537580003030598,0.3680840418674052,0.3538172501139343,minimal synchronous verdict bundle
15,S9,2.0,1.20569220547017,T2,evidence,undecidable,evidence,True,True,1,2026-08-07T20:31:34.014214+00:00,2026-08-07T20:31:34.028539+00:00,0.01432604156434536,1.3473505000583827,1.361676541622728,1.3475015410222113,minimal synchronous verdict bundle
15,S9,10.0,3.8348779123358745,T2,evidence,undecidable,evidence,True,True,1,2026-08-07T20:31:34.014214+00:00,2026-08-07T20:31:34.028539+00:00,0.01432604156434536,4.009207500144839,4.023533541709185,4.009286041371524,minimal synchronous verdict bundle
16,S1,0.5,0.12403572628093051,T0n,configuration,drift,configuration,True,True,1,2026-08-07T20:32:35.238731+00:00,2026-08-07T20:32:35.287608+00:00,0.04889262467622757,0.20867349999025464,0.2575661246664822,0.2087512919679284,minimal synchronous verdict bundle
16,S1,2.0,0.9853547804104832,T0n,configuration,drift,configuration,True,True,1,2026-08-07T20:32:35.238731+00:00,2026-08-07T20:32:35.287608+00:00,0.04889262467622757,1.0904998341575265,1.139392458833754,1.0905581251718104,minimal synchronous verdict bundle
16,S1,10.0,7.6924381787624085,T0n,configuration,drift,configuration,True,True,1,2026-08-07T20:32:35.238731+00:00,2026-08-07T20:32:35.287608+00:00,0.04889262467622757,7.829805708955973,7.878698333632201,7.829898042138666,minimal synchronous verdict bundle
16,S2,0.5,0.46220186908800653,T2,authorization,drift,authorization,True,True,1,2026-08-07T20:31:52.151561+00:00,2026-08-07T20:31:55.001378+00:00,2.8495303746312857,0.6510441252030432,3.500574499834329,0.651145291980356,minimal synchronous verdict bundle
16,S2,2.0,1.7000570819712482,T2,authorization,drift,authorization,True,True,1,2026-08-07T20:31:52.151561+00:00,2026-08-07T20:31:55.001378+00:00,2.8495303746312857,1.9157543750479817,4.765284749679267,1.915793334133923,minimal synchronous verdict bundle
16,S2,10.0,1.6574463330397915,T2,authorization,drift,authorization,True,True,1,2026-08-07T20:31:52.151561+00:00,2026-08-07T20:31:55.001378+00:00,2.8495303746312857,1.7876052092760801,4.637135583907366,1.787659625057131,minimal synchronous verdict bundle
16,S3,0.5,0.3237377072917071,T1,policy,drift,policy,True,True,14,2026-08-07T20:33:08.703434+00:00,2026-08-07T20:33:08.840906+00:00,0.1374745829962194,6.9538280419074,7.091302624903619,6.953933124896139,minimal synchronous verdict bundle
16,S3,2.0,1.692392574315188,T1,policy,drift,policy,True,True,4,2026-08-07T20:33:08.703434+00:00,2026-08-07T20:33:08.840906+00:00,0.1374745829962194,7.826724166981876,7.964198749978095,7.8267842079512775,minimal synchronous verdict bundle
16,S3,10.0,9.933726908559702,T1,policy,drift,policy,True,True,1,2026-08-07T20:33:08.703434+00:00,2026-08-07T20:33:08.840906+00:00,0.1374745829962194,10.083067916799337,10.220542499795556,10.083128833211958,minimal synchronous verdict bundle
16,S4,0.5,0.285775054642621,T3,authorization,drift,authorization,True,True,1,2026-08-07T20:32:01.962774+00:00,2026-08-07T20:32:04.098416+00:00,2.135605125222355,1.0476319999434054,3.1832371251657605,1.0476917498745024,minimal synchronous verdict bundle
16,S4,2.0,0.2757432245502276,T3,authorization,drift,authorization,True,True,1,2026-08-07T20:32:01.962774+00:00,2026-08-07T20:32:04.098416+00:00,2.135605125222355,0.5856022089719772,2.7212073341943324,0.585831250064075,minimal synchronous verdict bundle
16,S4,10.0,7.797843966465558,T3,authorization,drift,authorization,True,True,1,2026-08-07T20:32:01.962774+00:00,2026-08-07T20:32:04.098416+00:00,2.135605125222355,8.052624084055424,10.188229209277779,8.052737209014595,minimal synchronous verdict bundle
16,S5,0.5,0.15300425818816588,T4,environment,drift,environment,True,True,1,2026-08-07T20:31:42.452052+00:00,2026-08-07T20:31:42.515321+00:00,0.06328366696834564,0.32587133301422,0.38915499998256564,0.32631999999284744,minimal synchronous verdict bundle
16,S5,2.0,0.9681778957145328,T4,environment,drift,environment,True,True,1,2026-08-07T20:31:42.452052+00:00,2026-08-07T20:31:42.515321+00:00,0.06328366696834564,1.1985344579443336,1.2618181249126792,1.1985750417225063,minimal synchronous verdict bundle
16,S5,10.0,5.930083280050054,T4,environment,drift,environment,True,True,1,2026-08-07T20:31:42.452052+00:00,2026-08-07T20:31:42.515321+00:00,0.06328366696834564,6.16027283295989,6.223556499928236,6.160427208058536,minimal synchronous verdict bundle
16,S6,0.5,0.3864120999144686,T2,intent|authorization,drift,intent,True,True,1,2026-08-07T20:32:16.522538+00:00,2026-08-07T20:32:24.611868+00:00,8.089180916082114,0.5515768341720104,8.640757750254124,0.5516672502271831,minimal synchronous verdict bundle
16,S6,2.0,1.822832150149696,T2,intent|authorization,drift,intent,True,True,1,2026-08-07T20:32:16.522538+00:00,2026-08-07T20:32:24.611868+00:00,8.089180916082114,1.9776345840655267,10.06681550014764,1.9776940001174808,minimal synchronous verdict bundle
16,S6,10.0,1.3598722497592464,T2,intent|authorization,drift,intent,True,True,1,2026-08-07T20:32:16.522538+00:00,2026-08-07T20:32:24.611868+00:00,8.089180916082114,1.5282147089019418,9.617395624984056,1.5282682501710951,minimal synchronous verdict bundle
16,S7,0.5,0.3417712564443024,T4,environment,drift,environment,True,True,1,2026-08-07T20:32:56.606548+00:00,2026-08-07T20:32:56.647840+00:00,0.041290500201284885,0.5690759578719735,0.6103664580732584,0.5691307079978287,minimal synchronous verdict bundle
16,S7,2.0,0.23560998023964985,T4,environment,drift,environment,True,True,1,2026-08-07T20:32:56.606548+00:00,2026-08-07T20:32:56.647840+00:00,0.041290500201284885,0.40735862497240305,0.44864912517368793,0.4073944999836385,minimal synchronous verdict bundle
16,S7,10.0,8.439362819471054,T4,environment,drift,environment,True,True,1,2026-08-07T20:32:56.606548+00:00,2026-08-07T20:32:56.647840+00:00,0.041290500201284885,8.693874791730195,8.73516529193148,8.693950041662902,minimal synchronous verdict bundle
16,S8,0.5,0.1605635911956117,T3,authorization,drift,authorization,True,True,1,2026-08-07T20:33:30.542992+00:00,2026-08-07T20:33:30.585295+00:00,0.04231445910409093,0.34928412502631545,0.3915985841304064,0.3495957078412175,minimal synchronous verdict bundle
16,S8,2.0,1.964322254224715,T3,authorization,drift,authorization,True,True,1,2026-08-07T20:33:30.542992+00:00,2026-08-07T20:33:30.585295+00:00,0.04231445910409093,2.176422332879156,2.218736791983247,2.176474957726896,minimal synchronous verdict bundle
16,S8,10.0,3.856176483129895,T3,authorization,drift,authorization,True,True,1,2026-08-07T20:33:30.542992+00:00,2026-08-07T20:33:30.585295+00:00,0.04231445910409093,4.051247749943286,4.093562209047377,4.051296832971275,minimal synchronous verdict bundle
16,S9,0.5,0.4414836516733707,T2,evidence,undecidable,evidence,True,True,1,2026-08-07T20:32:47.739392+00:00,2026-08-07T20:32:47.755597+00:00,0.016405500005930662,0.585091957822442,0.6014974578283727,0.5851634168066084,minimal synchronous verdict bundle
16,S9,2.0,0.9173909424013322,T2,evidence,undecidable,evidence,True,True,1,2026-08-07T20:32:47.739392+00:00,2026-08-07T20:32:47.755597+00:00,0.016405500005930662,1.0498471669852734,1.066252666991204,1.049897416960448,minimal synchronous verdict bundle
16,S9,10.0,5.687615457985312,T2,evidence,undecidable,evidence,True,True,1,2026-08-07T20:32:47.739392+00:00,2026-08-07T20:32:47.755597+00:00,0.016405500005930662,5.83531374996528,5.851719249971211,5.835399250034243,minimal synchronous verdict bundle
17,S1,0.5,0.2714770717735867,T0n,configuration,drift,configuration,True,True,1,2026-08-07T20:34:29.155466+00:00,2026-08-07T20:34:29.202750+00:00,0.047276875004172325,0.35723625030368567,0.404513125307858,0.3572891252115369,minimal synchronous verdict bundle
17,S1,2.0,1.9994959700103003,T0n,configuration,drift,configuration,True,True,1,2026-08-07T20:34:29.155466+00:00,2026-08-07T20:34:29.202750+00:00,0.047276875004172325,2.600226709153503,2.6475035841576755,2.6003208751790226,minimal synchronous verdict bundle
17,S1,10.0,4.754576593943462,T0n,configuration,drift,configuration,True,True,1,2026-08-07T20:34:29.155466+00:00,2026-08-07T20:34:29.202750+00:00,0.047276875004172325,4.925368917174637,4.97264579217881,4.925420875195414,minimal synchronous verdict bundle
17,S2,0.5,0.41748325205228237,T2,authorization,drift,authorization,True,True,1,2026-08-07T20:34:02.989334+00:00,2026-08-07T20:34:06.006721+00:00,3.017288667149842,0.5396391660906374,3.5569278332404792,0.5396764161996543,minimal synchronous verdict bundle
17,S2,2.0,0.13761462154547566,T2,authorization,drift,authorization,True,True,1,2026-08-07T20:34:02.989334+00:00,2026-08-07T20:34:06.006721+00:00,3.017288667149842,0.29857175005599856,3.3158604172058403,0.29862712509930134,minimal synchronous verdict bundle
17,S2,10.0,4.1078949739562685,T2,authorization,drift,authorization,True,True,1,2026-08-07T20:34:02.989334+00:00,2026-08-07T20:34:06.006721+00:00,3.017288667149842,4.247750457841903,7.265039124991745,4.2478085001930594,minimal synchronous verdict bundle
17,S3,0.5,0.4549648778644313,T1,policy,drift,policy,True,True,10,2026-08-07T20:33:51.510728+00:00,2026-08-07T20:33:51.644675+00:00,0.1339430003426969,5.087038749828935,5.220981750171632,5.087126541882753,minimal synchronous verdict bundle
17,S3,2.0,1.442431636349968,T1,policy,drift,policy,True,True,3,2026-08-07T20:33:51.510728+00:00,2026-08-07T20:33:51.644675+00:00,0.1339430003426969,5.6249752920120955,5.758918292354792,5.625036709010601,minimal synchronous verdict bundle
17,S3,10.0,6.760519004517938,T1,policy,drift,policy,True,True,1,2026-08-07T20:33:51.510728+00:00,2026-08-07T20:33:51.644675+00:00,0.1339430003426969,6.960632874630392,7.0945758749730885,6.960681666620076,minimal synchronous verdict bundle
17,S4,0.5,0.2876477691921113,T3,authorization,drift,authorization,True,True,2,2026-08-07T20:34:20.298931+00:00,2026-08-07T20:34:21.774054+00:00,1.475096540991217,0.9961506249383092,2.471247165929526,0.9962255419231951,minimal synchronous verdict bundle
17,S4,2.0,0.7939573057862521,T3,authorization,drift,authorization,True,True,1,2026-08-07T20:34:20.298931+00:00,2026-08-07T20:34:21.774054+00:00,1.475096540991217,1.1765032499097288,2.6515997909009457,1.1765508749522269,minimal synchronous verdict bundle
17,S4,10.0,3.420663863116081,T3,authorization,drift,authorization,True,True,1,2026-08-07T20:34:20.298931+00:00,2026-08-07T20:34:21.774054+00:00,1.475096540991217,3.594760584179312,5.069857125170529,3.59482516720891,minimal synchronous verdict bundle
17,S5,0.5,0.046403264065571714,T4,environment,drift,environment,True,True,1,2026-08-07T20:33:37.585403+00:00,2026-08-07T20:33:37.599920+00:00,0.01451874990016222,0.23373041674494743,0.24824916664510965,0.23378095915541053,minimal synchronous verdict bundle
17,S5,2.0,0.21845901434073056,T4,environment,drift,environment,True,True,1,2026-08-07T20:33:37.585403+00:00,2026-08-07T20:33:37.599920+00:00,0.01451874990016222,0.3835509167984128,0.398069666698575,0.38358983397483826,minimal synchronous verdict bundle
17,S5,10.0,9.589353714619364,T4,environment,drift,environment,True,True,1,2026-08-07T20:33:37.585403+00:00,2026-08-07T20:33:37.599920+00:00,0.01451874990016222,9.85940312501043,9.873921874910593,9.859461875166744,minimal synchronous verdict bundle
17,S6,0.5,0.28961774888270525,T2,intent|authorization,drift,intent,True,True,1,2026-08-07T20:34:48.343158+00:00,2026-08-07T20:34:58.440328+00:00,10.096969916950911,0.4592035412788391,10.55617345822975,0.4592793332412839,minimal synchronous verdict bundle
17,S6,2.0,0.40870204333742866,T2,intent|authorization,drift,intent,True,True,1,2026-08-07T20:34:48.343158+00:00,2026-08-07T20:34:58.440328+00:00,10.096969916950911,0.5984808332286775,10.695450750179589,0.5985354580916464,minimal synchronous verdict bundle
17,S6,10.0,2.9651054673664756,T2,intent|authorization,drift,intent,True,True,1,2026-08-07T20:34:48.343158+00:00,2026-08-07T20:34:58.440328+00:00,10.096969916950911,3.1681690830737352,13.265139000024647,3.1682186662219465,minimal synchronous verdict bundle
17,S7,0.5,0.3208321244048587,T4,environment,drift,environment,True,True,1,2026-08-07T20:34:14.302348+00:00,2026-08-07T20:34:14.338630+00:00,0.036282625049352646,0.4888176661916077,0.5251002912409604,0.4888557502999902,minimal synchronous verdict bundle
17,S7,2.0,1.0475221010412692,T4,environment,drift,environment,True,True,1,2026-08-07T20:34:14.302348+00:00,2026-08-07T20:34:14.338630+00:00,0.036282625049352646,1.2426829999312758,1.2789656249806285,1.2427238333038986,minimal synchronous verdict bundle
17,S7,10.0,1.8542444716194628,T4,environment,drift,environment,True,True,1,2026-08-07T20:34:14.302348+00:00,2026-08-07T20:34:14.338630+00:00,0.036282625049352646,2.0519909160211682,2.088273541070521,2.052037165965885,minimal synchronous verdict bundle
17,S8,0.5,0.37822792165011393,T3,authorization,drift,authorization,True,True,1,2026-08-07T20:35:10.260321+00:00,2026-08-07T20:35:10.305228+00:00,0.044910666067153215,0.7455294169485569,0.7904400830157101,0.7455752086825669,minimal synchronous verdict bundle
17,S8,2.0,0.35781644998047946,T3,authorization,drift,authorization,True,True,1,2026-08-07T20:35:10.260321+00:00,2026-08-07T20:35:10.305228+00:00,0.044910666067153215,0.5524294590577483,0.5973401251249015,0.5524980840273201,minimal synchronous verdict bundle
17,S8,10.0,1.7324788258359036,T3,authorization,drift,authorization,True,True,1,2026-08-07T20:35:10.260321+00:00,2026-08-07T20:35:10.305228+00:00,0.044910666067153215,1.9396922499872744,1.9846029160544276,1.939745374955237,minimal synchronous verdict bundle
17,S9,0.5,0.16614017500027073,T2,evidence,undecidable,evidence,True,True,1,2026-08-07T20:34:37.644965+00:00,2026-08-07T20:34:37.661459+00:00,0.01649912493303418,0.3025137921795249,0.3190129171125591,0.3026618338190019,minimal synchronous verdict bundle
17,S9,2.0,0.4262456831447885,T2,evidence,undecidable,evidence,True,True,1,2026-08-07T20:34:37.644965+00:00,2026-08-07T20:34:37.661459+00:00,0.01649912493303418,0.5743108340539038,0.590809958986938,0.5743552087806165,minimal synchronous verdict bundle
17,S9,10.0,7.647817004157237,T2,evidence,undecidable,evidence,True,True,1,2026-08-07T20:34:37.644965+00:00,2026-08-07T20:34:37.661459+00:00,0.01649912493303418,7.828636792022735,7.845135916955769,7.828700792044401,minimal synchronous verdict bundle
18,S1,0.5,0.026805138071000267,T0n,configuration,drift,configuration,True,True,1,2026-08-07T20:35:58.321505+00:00,2026-08-07T20:35:58.375388+00:00,0.0538651249371469,0.1413177503272891,0.195182875264436,0.14139337511733174,minimal synchronous verdict bundle
18,S1,2.0,0.3248286354228378,T0n,configuration,drift,configuration,True,True,1,2026-08-07T20:35:58.321505+00:00,2026-08-07T20:35:58.375388+00:00,0.0538651249371469,0.5424492922611535,0.5963144171983004,0.5425499170087278,minimal synchronous verdict bundle
18,S1,10.0,4.227834073968413,T0n,configuration,drift,configuration,True,True,1,2026-08-07T20:35:58.321505+00:00,2026-08-07T20:35:58.375388+00:00,0.0538651249371469,4.357996250037104,4.411861374974251,4.358068500179797,minimal synchronous verdict bundle
18,S2,0.5,0.25126411962025674,T2,authorization,drift,authorization,True,True,1,2026-08-07T20:37:19.665320+00:00,2026-08-07T20:37:22.002838+00:00,2.3374636247754097,0.4269341668114066,2.7643977915868163,0.4269774588756263,minimal synchronous verdict bundle
18,S2,2.0,1.2112359991590358,T2,authorization,drift,authorization,True,True,1,2026-08-07T20:37:19.665320+00:00,2026-08-07T20:37:22.002838+00:00,2.3374636247754097,1.3357421248219907,3.6732057495974004,1.3357905000448227,minimal synchronous verdict bundle
18,S2,10.0,2.3616975465418832,T2,authorization,drift,authorization,True,True,1,2026-08-07T20:37:19.665320+00:00,2026-08-07T20:37:22.002838+00:00,2.3374636247754097,2.490817083977163,4.8282807087525725,2.49085241695866,minimal synchronous verdict bundle
18,S3,0.5,0.18260184415676928,T1,policy,drift,policy,True,True,1,2026-08-07T20:36:17.588636+00:00,2026-08-07T20:36:17.734850+00:00,0.14620804088190198,0.30084624979645014,0.4470542906783521,0.30090508377179503,minimal synchronous verdict bundle
18,S3,2.0,1.7088520588015401,T1,policy,drift,policy,True,True,1,2026-08-07T20:36:17.588636+00:00,2026-08-07T20:36:17.734850+00:00,0.14620804088190198,1.8322725421749055,1.9784805830568075,1.8323250417597592,minimal synchronous verdict bundle
18,S3,10.0,2.067473502934668,T1,policy,drift,policy,True,True,1,2026-08-07T20:36:17.588636+00:00,2026-08-07T20:36:17.734850+00:00,0.14620804088190198,2.2336077918298542,2.3798158327117562,2.2336707920767367,minimal synchronous verdict bundle
18,S4,0.5,0.29363347506840404,T3,authorization,drift,authorization,True,True,1,2026-08-07T20:36:05.746702+00:00,2026-08-07T20:36:07.439639+00:00,1.6928989170119166,0.5382383749820292,2.231137291993946,0.5383406253531575,minimal synchronous verdict bundle
18,S4,2.0,1.0392442263306199,T3,authorization,drift,authorization,True,True,1,2026-08-07T20:36:05.746702+00:00,2026-08-07T20:36:07.439639+00:00,1.6928989170119166,1.220835667103529,2.9137345841154456,1.2208850421011448,minimal synchronous verdict bundle
18,S4,10.0,7.2892440924829005,T3,authorization,drift,authorization,True,True,1,2026-08-07T20:36:05.746702+00:00,2026-08-07T20:36:07.439639+00:00,1.6928989170119166,7.526968792080879,9.219867709092796,7.5270498329773545,minimal synchronous verdict bundle
18,S5,0.5,0.3030429749151087,T4,environment,drift,environment,True,True,1,2026-08-07T20:37:07.504574+00:00,2026-08-07T20:37:07.565912+00:00,0.0613391250371933,0.4841566658578813,0.5454957908950746,0.48420725017786026,minimal synchronous verdict bundle
18,S5,2.0,1.1339255407614721,T4,environment,drift,environment,True,True,1,2026-08-07T20:37:07.504574+00:00,2026-08-07T20:37:07.565912+00:00,0.0613391250371933,1.331164333038032,1.3925034580752254,1.3312215409241617,minimal synchronous verdict bundle
18,S5,10.0,8.737448466915334,T4,environment,drift,environment,True,True,1,2026-08-07T20:37:07.504574+00:00,2026-08-07T20:37:07.565912+00:00,0.0613391250371933,9.015694750007242,9.077033875044435,9.015745791140944,minimal synchronous verdict bundle
18,S6,0.5,0.14603532005068565,T2,intent|authorization,drift,intent,True,True,1,2026-08-07T20:36:40.238958+00:00,2026-08-07T20:36:50.255832+00:00,10.01668949984014,0.32679579220712185,10.343485292047262,0.3268543751910329,minimal synchronous verdict bundle
18,S6,2.0,1.5558153705119495,T2,intent|authorization,drift,intent,True,True,1,2026-08-07T20:36:40.238958+00:00,2026-08-07T20:36:50.255832+00:00,10.01668949984014,1.6941152499057353,11.710804749745876,1.6941737500019372,minimal synchronous verdict bundle
18,S6,10.0,8.72527628479363,T2,intent|authorization,drift,intent,True,True,1,2026-08-07T20:36:40.238958+00:00,2026-08-07T20:36:50.255832+00:00,10.01668949984014,8.91680825036019,18.93349775020033,8.916869125328958,minimal synchronous verdict bundle
18,S7,0.5,0.3150050162943084,T4,environment,drift,environment,True,True,1,2026-08-07T20:35:16.677092+00:00,2026-08-07T20:35:16.697782+00:00,0.02070199977606535,0.5588671248406172,0.5795691246166825,0.5589195829816163,minimal synchronous verdict bundle
18,S7,2.0,0.8896326994013339,T4,environment,drift,environment,True,True,1,2026-08-07T20:35:16.677092+00:00,2026-08-07T20:35:16.697782+00:00,0.02070199977606535,1.0569282080978155,1.0776302078738809,1.0569605831988156,minimal synchronous verdict bundle
18,S7,10.0,6.547532871913524,T4,environment,drift,environment,True,True,1,2026-08-07T20:35:16.677092+00:00,2026-08-07T20:35:16.697782+00:00,0.02070199977606535,6.763154374901205,6.783856374677271,6.7631907081231475,minimal synchronous verdict bundle
18,S8,0.5,0.08455227839984164,T3,authorization,drift,authorization,True,True,1,2026-08-07T20:35:26.303558+00:00,2026-08-07T20:35:26.317676+00:00,0.014132000040262938,0.47189137479290366,0.4860233748331666,0.4719437910243869,minimal synchronous verdict bundle
18,S8,2.0,0.704486613975462,T3,authorization,drift,authorization,True,True,1,2026-08-07T20:35:26.303558+00:00,2026-08-07T20:35:26.317676+00:00,0.014132000040262938,0.8816142077557743,0.8957462077960372,0.8816630826331675,minimal synchronous verdict bundle
18,S8,10.0,0.02543954049275543,T3,authorization,drift,authorization,True,True,1,2026-08-07T20:35:26.303558+00:00,2026-08-07T20:35:26.317676+00:00,0.014132000040262938,0.2876819157972932,0.3018139158375561,0.2877555410377681,minimal synchronous verdict bundle
18,S9,0.5,0.2649150207523003,T2,evidence,undecidable,evidence,True,True,1,2026-08-07T20:36:28.072818+00:00,2026-08-07T20:36:28.085199+00:00,0.012427791953086853,0.3956656251102686,0.40809341706335545,0.3957172501832247,minimal synchronous verdict bundle
18,S9,2.0,0.281500553177513,T2,evidence,undecidable,evidence,True,True,1,2026-08-07T20:36:28.072818+00:00,2026-08-07T20:36:28.085199+00:00,0.012427791953086853,0.5136635834351182,0.526091375388205,0.5137013331986964,minimal synchronous verdict bundle
18,S9,10.0,9.061365684611783,T2,evidence,undecidable,evidence,True,True,1,2026-08-07T20:36:28.072818+00:00,2026-08-07T20:36:28.085199+00:00,0.012427791953086853,9.236024333164096,9.248452125117183,9.23609304241836,minimal synchronous verdict bundle
19,S1,0.5,0.17629125589096956,T0n,configuration,drift,configuration,True,True,1,2026-08-07T20:38:47.438357+00:00,2026-08-07T20:38:47.483233+00:00,0.044882332906126976,0.2611291669309139,0.3060114998370409,0.26118366699665785,minimal synchronous verdict bundle
19,S1,2.0,1.4238590972372063,T0n,configuration,timeout,none,False,False,91,2026-08-07T20:38:47.438357+00:00,2026-08-07T20:38:47.483233+00:00,0.044882332906126976,180.0,180.04488233290613,180.0,minimal synchronous verdict bundle
19,S1,10.0,3.0821258296137732,T0n,configuration,timeout,none,False,False,18,2026-08-07T20:38:47.438357+00:00,2026-08-07T20:38:47.483233+00:00,0.044882332906126976,180.0,180.04488233290613,180.0,minimal synchronous verdict bundle
19,S2,0.5,0.026551515200985476,T2,authorization,drift,authorization,True,True,1,2026-08-07T20:38:06.753943+00:00,2026-08-07T20:38:09.004955+00:00,2.2509682080708444,0.19425220787525177,2.445220415946096,0.19430770771577954,minimal synchronous verdict bundle
19,S2,2.0,1.6620012773918373,T2,authorization,drift,authorization,True,True,1,2026-08-07T20:38:06.753943+00:00,2026-08-07T20:38:09.004955+00:00,2.2509682080708444,1.8193877078592777,4.070355915930122,1.8194299167953432,minimal synchronous verdict bundle
19,S2,10.0,2.6239986993168998,T2,authorization,drift,authorization,True,True,1,2026-08-07T20:38:06.753943+00:00,2026-08-07T20:38:09.004955+00:00,2.2509682080708444,2.8462662920355797,5.097234500106424,2.846313832793385,minimal synchronous verdict bundle
19,S3,0.5,0.10567360986216645,T1,policy,drift,policy,True,True,21,2026-08-07T20:38:14.463506+00:00,2026-08-07T20:38:14.603746+00:00,0.14023333275690675,10.263687000144273,10.40392033290118,10.263761917129159,minimal synchronous verdict bundle
19,S3,2.0,1.621474549323192,T1,policy,drift,policy,True,True,6,2026-08-07T20:38:14.463506+00:00,2026-08-07T20:38:14.603746+00:00,0.14023333275690675,11.804247708059847,11.944481040816754,11.80448833340779,minimal synchronous verdict bundle
19,S3,10.0,3.662973526091916,T1,policy,drift,policy,True,True,2,2026-08-07T20:38:14.463506+00:00,2026-08-07T20:38:14.603746+00:00,0.14023333275690675,13.831166042014956,13.971399374771863,13.831241958308965,minimal synchronous verdict bundle
19,S4,0.5,0.31285408714883595,T3,authorization,drift,authorization,True,True,1,2026-08-07T20:37:27.230320+00:00,2026-08-07T20:37:28.630217+00:00,1.3998721246607602,0.47658837493509054,1.8764604995958507,0.47664304124191403,minimal synchronous verdict bundle
19,S4,2.0,1.1433725958380387,T3,authorization,drift,authorization,True,True,1,2026-08-07T20:37:27.230320+00:00,2026-08-07T20:37:28.630217+00:00,1.3998721246607602,1.339877791237086,2.739749915897846,1.3399316659197211,minimal synchronous verdict bundle
19,S4,10.0,8.264098733745007,T3,authorization,drift,authorization,True,True,1,2026-08-07T20:37:27.230320+00:00,2026-08-07T20:37:28.630217+00:00,1.3998721246607602,8.503797207958996,9.903669332619756,8.503882583230734,minimal synchronous verdict bundle
19,S5,0.5,0.218406142210889,T4,environment,drift,environment,True,True,1,2026-08-07T20:37:59.134412+00:00,2026-08-07T20:37:59.201531+00:00,0.0671186251565814,0.41640345798805356,0.48352208314463496,0.41645391611382365,minimal synchronous verdict bundle
19,S5,2.0,0.2811036284116477,T4,environment,drift,environment,True,True,1,2026-08-07T20:37:59.134412+00:00,2026-08-07T20:37:59.201531+00:00,0.0671186251565814,0.5711286659352481,0.6382472910918295,0.5711706662550569,minimal synchronous verdict bundle
19,S5,10.0,4.5229854311385616,T4,environment,drift,environment,True,True,1,2026-08-07T20:37:59.134412+00:00,2026-08-07T20:37:59.201531+00:00,0.0671186251565814,4.742652375251055,4.809771000407636,4.742693665903062,minimal synchronous verdict bundle
19,S6,0.5,0.14479641089276107,T2,intent|authorization,drift,intent,True,True,1,2026-08-07T20:37:40.670029+00:00,2026-08-07T20:37:49.572544+00:00,8.902226083911955,0.309214583132416,9.211440667044371,0.3092893329448998,minimal synchronous verdict bundle
19,S6,2.0,1.215839377314535,T2,intent|authorization,drift,intent,True,True,1,2026-08-07T20:37:40.670029+00:00,2026-08-07T20:37:49.572544+00:00,8.902226083911955,1.361233875155449,10.263459959067404,1.3612862909212708,minimal synchronous verdict bundle
19,S6,10.0,0.1911446890367685,T2,intent|authorization,drift,intent,True,True,1,2026-08-07T20:37:40.670029+00:00,2026-08-07T20:37:49.572544+00:00,8.902226083911955,0.44497233303263783,9.347198416944593,0.44502987526357174,minimal synchronous verdict bundle
19,S7,0.5,0.2756658257108481,T4,environment,drift,environment,True,True,1,2026-08-07T20:38:44.190893+00:00,2026-08-07T20:38:44.215037+00:00,0.02414470911026001,0.5924099157564342,0.6165546248666942,0.5924428328871727,minimal synchronous verdict bundle
19,S7,2.0,0.4207544563423904,T4,environment,drift,environment,True,True,1,2026-08-07T20:38:44.190893+00:00,2026-08-07T20:38:44.215037+00:00,0.02414470911026001,0.7766539580188692,0.8007986671291292,0.7766877911053598,minimal synchronous verdict bundle
19,S7,10.0,0.22571477540917928,T4,environment,drift,environment,True,True,1,2026-08-07T20:38:44.190893+00:00,2026-08-07T20:38:44.215037+00:00,0.02414470911026001,0.4353091660887003,0.4594538751989603,0.4353528330102563,minimal synchronous verdict bundle
19,S8,0.5,0.001252013698958998,T3,authorization,drift,authorization,True,True,1,2026-08-07T20:41:51.477660+00:00,2026-08-07T20:41:51.507009+00:00,0.02934883302077651,0.1748395417816937,0.2041883748024702,0.17488791700452566,minimal synchronous verdict bundle
19,S8,2.0,0.510609975636287,T3,authorization,drift,authorization,True,True,1,2026-08-07T20:41:51.477660+00:00,2026-08-07T20:41:51.507009+00:00,0.02934883302077651,0.7010472500696778,0.7303960830904543,0.7010949999094009,minimal synchronous verdict bundle
19,S8,10.0,4.951585219374771,T3,authorization,drift,authorization,True,True,1,2026-08-07T20:41:51.477660+00:00,2026-08-07T20:41:51.507009+00:00,0.02934883302077651,5.193774749990553,5.223123583011329,5.1938627497293055,minimal synchronous verdict bundle
19,S9,0.5,0.28915738214196607,T2,evidence,undecidable,evidence,True,True,1,2026-08-07T20:38:39.661837+00:00,2026-08-07T20:38:39.678493+00:00,0.016661833971738815,0.450205999892205,0.4668678338639438,0.45027308305725455,minimal synchronous verdict bundle
19,S9,2.0,1.324588569149434,T2,evidence,undecidable,evidence,True,True,1,2026-08-07T20:38:39.661837+00:00,2026-08-07T20:38:39.678493+00:00,0.016661833971738815,1.5146154160611331,1.531277250032872,1.5146642080508173,minimal synchronous verdict bundle
19,S9,10.0,1.330713074872767,T2,evidence,undecidable,evidence,True,True,1,2026-08-07T20:38:39.661837+00:00,2026-08-07T20:38:39.678493+00:00,0.016661833971738815,1.6457724999636412,1.66243433393538,1.6458207909017801,minimal synchronous verdict bundle
20,S1,0.5,0.36374836951831296,T0n,configuration,drift,configuration,True,True,1,2026-08-07T20:42:23.022468+00:00,2026-08-07T20:42:23.074340+00:00,0.05187154095619917,0.46140016708523035,0.5132717080414295,0.4614512496627867,minimal synchronous verdict bundle
20,S1,2.0,1.4112003998187186,T0n,configuration,drift,configuration,True,True,1,2026-08-07T20:42:23.022468+00:00,2026-08-07T20:42:23.074340+00:00,0.05187154095619917,1.5037154997698963,1.5555870407260954,1.5037631667219102,minimal synchronous verdict bundle
20,S1,10.0,3.9642854006281647,T0n,configuration,drift,configuration,True,True,1,2026-08-07T20:42:23.022468+00:00,2026-08-07T20:42:23.074340+00:00,0.05187154095619917,4.105662291869521,4.15753383282572,4.105711875017732,minimal synchronous verdict bundle
20,S2,0.5,0.23548331234612713,T2,authorization,drift,authorization,True,True,1,2026-08-07T20:42:36.362030+00:00,2026-08-07T20:42:39.001006+00:00,2.6386855002492666,0.40843145875260234,3.047116959001869,0.40848233411088586,minimal synchronous verdict bundle
20,S2,2.0,1.4268376895429147,T2,authorization,drift,authorization,True,True,1,2026-08-07T20:42:36.362030+00:00,2026-08-07T20:42:39.001006+00:00,2.6386855002492666,1.5498948339372873,4.188580334186554,1.549934959039092,minimal synchronous verdict bundle
20,S2,10.0,4.7738373534044545,T2,authorization,drift,authorization,True,True,1,2026-08-07T20:42:36.362030+00:00,2026-08-07T20:42:39.001006+00:00,2.6386855002492666,4.917196749709547,7.555882249958813,4.9172351667657495,minimal synchronous verdict bundle
20,S3,0.5,0.04574405483276184,T1,policy,drift,policy,True,True,21,2026-08-07T20:43:10.957518+00:00,2026-08-07T20:43:11.118143+00:00,0.1606247080489993,10.205037707928568,10.365662415977567,10.205208958126605,minimal synchronous verdict bundle
20,S3,2.0,1.1860578438600733,T1,policy,drift,policy,True,True,6,2026-08-07T20:43:10.957518+00:00,2026-08-07T20:43:11.118143+00:00,0.1606247080489993,11.336651042103767,11.497275750152767,11.336705999914557,minimal synchronous verdict bundle
20,S3,10.0,1.7487398476121263,T1,policy,drift,policy,True,True,2,2026-08-07T20:43:10.957518+00:00,2026-08-07T20:43:11.118143+00:00,0.1606247080489993,11.92000125022605,12.08062595827505,11.920056083239615,minimal synchronous verdict bundle
20,S4,0.5,0.002237275723668386,T3,authorization,drift,authorization,True,True,1,2026-08-07T20:42:30.088872+00:00,2026-08-07T20:42:31.573106+00:00,1.4842094159685075,0.2371337921358645,1.721343208104372,0.2372017502784729,minimal synchronous verdict bundle
20,S4,2.0,1.273954689357335,T3,authorization,drift,authorization,True,True,1,2026-08-07T20:42:30.088872+00:00,2026-08-07T20:42:31.573106+00:00,1.4842094159685075,1.4612223752774298,2.9454317912459373,1.4612696673721075,minimal synchronous verdict bundle
20,S4,10.0,2.1293857129581295,T3,authorization,drift,authorization,True,True,1,2026-08-07T20:42:30.088872+00:00,2026-08-07T20:42:31.573106+00:00,1.4842094159685075,2.3216342921368778,3.8058437081053853,2.321689459029585,minimal synchronous verdict bundle
20,S5,0.5,0.28194915889446853,T4,environment,drift,environment,True,True,1,2026-08-07T20:42:52.502810+00:00,2026-08-07T20:42:52.517321+00:00,0.014521040953695774,0.4424625840038061,0.4569836249575019,0.44251687498763204,minimal synchronous verdict bundle
20,S5,2.0,0.8441551353651686,T4,environment,drift,environment,True,True,1,2026-08-07T20:42:52.502810+00:00,2026-08-07T20:42:52.517321+00:00,0.014521040953695774,1.0704128751531243,1.08493391610682,1.0704609588719904,minimal synchronous verdict bundle
20,S5,10.0,9.705449273848565,T4,environment,drift,environment,True,True,1,2026-08-07T20:42:52.502810+00:00,2026-08-07T20:42:52.517321+00:00,0.014521040953695774,10.01502083428204,10.029541875235736,10.015101042110473,minimal synchronous verdict bundle
20,S6,0.5,0.40467653102451817,T2,intent|authorization,drift,intent,True,True,1,2026-08-07T20:42:04.939229+00:00,2026-08-07T20:42:13.974040+00:00,9.03465300006792,0.7845525406301022,9.819205540698022,0.7846047906205058,minimal synchronous verdict bundle
20,S6,2.0,0.37228775922449775,T2,intent|authorization,drift,intent,True,True,1,2026-08-07T20:42:04.939229+00:00,2026-08-07T20:42:13.974040+00:00,9.03465300006792,0.5235466249287128,9.558199624996632,0.5236075408756733,minimal synchronous verdict bundle
20,S6,10.0,0.4042688498180258,T2,intent|authorization,drift,intent,True,True,1,2026-08-07T20:42:04.939229+00:00,2026-08-07T20:42:13.974040+00:00,9.03465300006792,0.6511526657268405,9.68580566579476,0.6512190829962492,minimal synchronous verdict bundle
20,S7,0.5,0.08754830296679772,T4,environment,drift,environment,True,True,1,2026-08-07T20:42:46.875864+00:00,2026-08-07T20:42:46.940053+00:00,0.06418545776978135,0.30072783306241035,0.3649132908321917,0.3007837920449674,minimal synchronous verdict bundle
20,S7,2.0,0.379752220671828,T4,environment,drift,environment,True,True,1,2026-08-07T20:42:46.875864+00:00,2026-08-07T20:42:46.940053+00:00,0.06418545776978135,0.5778619172051549,0.6420473749749362,0.5779080423526466,minimal synchronous verdict bundle
20,S7,10.0,1.9828239695129923,T4,environment,drift,environment,True,True,1,2026-08-07T20:42:46.875864+00:00,2026-08-07T20:42:46.940053+00:00,0.06418545776978135,2.1851235423237085,2.24930900009349,2.1851638332009315,minimal synchronous verdict bundle
20,S8,0.5,0.12888780794329296,T3,authorization,drift,authorization,True,True,1,2026-08-07T20:41:59.449057+00:00,2026-08-07T20:41:59.464938+00:00,0.015882457606494427,0.2904706671833992,0.3063531247898936,0.2905250829644501,minimal synchronous verdict bundle
20,S8,2.0,1.3084880612993224,T3,authorization,drift,authorization,True,True,1,2026-08-07T20:41:59.449057+00:00,2026-08-07T20:41:59.464938+00:00,0.015882457606494427,1.5082972920499742,1.5241797496564686,1.5083520002663136,minimal synchronous verdict bundle
20,S8,10.0,2.2841686271272232,T3,authorization,drift,authorization,True,True,1,2026-08-07T20:41:59.449057+00:00,2026-08-07T20:41:59.464938+00:00,0.015882457606494427,2.5268132081255317,2.542695665732026,2.52687054220587,minimal synchronous verdict bundle
20,S9,0.5,0.13163076918971245,T2,evidence,undecidable,evidence,True,True,1,2026-08-07T20:43:34.403534+00:00,2026-08-07T20:43:34.418011+00:00,0.014482332859188318,0.2626031250692904,0.2770854579284787,0.26267687510699034,minimal synchronous verdict bundle
20,S9,2.0,1.4854765499274862,T2,evidence,undecidable,evidence,True,True,1,2026-08-07T20:43:34.403534+00:00,2026-08-07T20:43:34.418011+00:00,0.014482332859188318,1.6703678332269192,1.6848501660861075,1.6704328330233693,minimal synchronous verdict bundle
20,S9,10.0,0.43754004506441735,T2,evidence,undecidable,evidence,True,True,1,2026-08-07T20:43:34.403534+00:00,2026-08-07T20:43:34.418011+00:00,0.014482332859188318,0.5623598331585526,0.576842166017741,0.5624030423350632,minimal synchronous verdict bundle
